ISO-10303-21;
HEADER;
/* Generated by software containing ST-Developer
 * from STEP Tools, Inc. (www.steptools.com) 
 */

FILE_DESCRIPTION(
/* description */ (''),
/* implementation_level */ '2;1');

FILE_NAME(
/* name */ 'edutech.step',
/* time_stamp */ '2026-05-15T23:51:59+03:00',
/* author */ (''),
/* organization */ (''),
/* preprocessor_version */ 'ST-DEVELOPER v20.1',
/* originating_system */ 'Autodesk Translation Framework v15.8.0.0',
/* authorisation */ '');

FILE_SCHEMA (('AUTOMOTIVE_DESIGN { 1 0 10303 214 3 1 1 }'));
ENDSEC;

DATA;
#10=MECHANICAL_DESIGN_GEOMETRIC_PRESENTATION_REPRESENTATION('',(#26,#27,
#28,#29),#8398);
#11=SHAPE_REPRESENTATION_RELATIONSHIP('SRR','None',#8405,#12);
#12=ADVANCED_BREP_SHAPE_REPRESENTATION('',(#30,#31,#32,#33),#8397);
#13=TOROIDAL_SURFACE('',#4864,2.27336149043995,0.5);
#14=TOROIDAL_SURFACE('',#4874,2.22631828442637,0.5);
#15=TOROIDAL_SURFACE('',#4887,3.42336149043995,0.25);
#16=TOROIDAL_SURFACE('',#4897,3.37631828442637,0.25);
#17=TOROIDAL_SURFACE('',#4905,6.,1.5);
#18=TOROIDAL_SURFACE('',#4911,6.,1.5);
#19=TOROIDAL_SURFACE('',#4916,6.,1.5);
#20=TOROIDAL_SURFACE('',#4921,6.,1.5);
#21=(
BOUNDED_SURFACE()
B_SPLINE_SURFACE(2,2,((#7626,#7627,#7628),(#7629,#7630,#7631),(#7632,#7633,
#7634)),.UNSPECIFIED.,.F.,.F.,.F.)
B_SPLINE_SURFACE_WITH_KNOTS((3,3),(3,3),(0.,1.5707963267949),(0.,1.5707963267949),
 .UNSPECIFIED.)
GEOMETRIC_REPRESENTATION_ITEM()
RATIONAL_B_SPLINE_SURFACE(((1.,0.707106781186547,1.),(0.707106781186546,
0.499999999999999,0.707106781186546),(1.,0.707106781186547,1.)))
REPRESENTATION_ITEM('')
SURFACE()
);
#22=(
BOUNDED_SURFACE()
B_SPLINE_SURFACE(2,2,((#7638,#7639,#7640),(#7641,#7642,#7643),(#7644,#7645,
#7646)),.UNSPECIFIED.,.F.,.F.,.F.)
B_SPLINE_SURFACE_WITH_KNOTS((3,3),(3,3),(0.,1.5707963267949),(1.57079632679488,
3.14159265358979),.UNSPECIFIED.)
GEOMETRIC_REPRESENTATION_ITEM()
RATIONAL_B_SPLINE_SURFACE(((1.,0.707106781186541,1.),(0.707106781186546,
0.499999999999995,0.707106781186546),(1.,0.707106781186541,1.)))
REPRESENTATION_ITEM('')
SURFACE()
);
#23=(
BOUNDED_SURFACE()
B_SPLINE_SURFACE(2,2,((#7654,#7655,#7656),(#7657,#7658,#7659),(#7660,#7661,
#7662)),.UNSPECIFIED.,.F.,.F.,.F.)
B_SPLINE_SURFACE_WITH_KNOTS((3,3),(3,3),(0.,1.5707963267949),(-3.14159265358979,
-1.5707963267949),.UNSPECIFIED.)
GEOMETRIC_REPRESENTATION_ITEM()
RATIONAL_B_SPLINE_SURFACE(((1.,0.707106781186547,1.),(0.707106781186546,
0.499999999999999,0.707106781186546),(1.,0.707106781186547,1.)))
REPRESENTATION_ITEM('')
SURFACE()
);
#24=(
BOUNDED_SURFACE()
B_SPLINE_SURFACE(2,2,((#7669,#7670,#7671),(#7672,#7673,#7674),(#7675,#7676,
#7677)),.UNSPECIFIED.,.F.,.F.,.F.)
B_SPLINE_SURFACE_WITH_KNOTS((3,3),(3,3),(0.,1.5707963267949),(-1.5707963267949,
1.67179110902806E-14),.UNSPECIFIED.)
GEOMETRIC_REPRESENTATION_ITEM()
RATIONAL_B_SPLINE_SURFACE(((1.,0.707106781186542,1.),(0.707106781186546,
0.499999999999995,0.707106781186546),(1.,0.707106781186542,1.)))
REPRESENTATION_ITEM('')
SURFACE()
);
#25=CONICAL_SURFACE('',#4677,4.52724903937881,0.785398163397448);
#26=STYLED_ITEM('',(#8414),#30);
#27=STYLED_ITEM('',(#8414),#31);
#28=STYLED_ITEM('',(#8414),#32);
#29=STYLED_ITEM('',(#8414),#33);
#30=MANIFOLD_SOLID_BREP('Body84',#4491);
#31=MANIFOLD_SOLID_BREP('capaccam',#4492);
#32=MANIFOLD_SOLID_BREP('Body87',#4493);
#33=MANIFOLD_SOLID_BREP('Body89',#4494);
#34=B_SPLINE_CURVE_WITH_KNOTS('',3,(#6528,#6529,#6530,#6531,#6532,#6533,
#6534,#6535,#6536,#6537),.UNSPECIFIED.,.F.,.F.,(4,2,2,2,4),(-0.61678630196556,
-0.461942766531937,-0.310350190526177,-0.157567665220342,0.),
 .UNSPECIFIED.);
#35=B_SPLINE_CURVE_WITH_KNOTS('',3,(#6559,#6560,#6561,#6562,#6563,#6564,
#6565,#6566,#6567,#6568),.UNSPECIFIED.,.F.,.F.,(4,2,2,2,4),(-0.616786301965566,
-0.461942766531942,-0.310350190526176,-0.157567665220337,0.),
 .UNSPECIFIED.);
#36=B_SPLINE_CURVE_WITH_KNOTS('',3,(#6605,#6606,#6607,#6608,#6609,#6610,
#6611,#6612,#6613,#6614),.UNSPECIFIED.,.F.,.F.,(4,2,2,2,4),(-0.616786301965581,
-0.46194276653195,-0.31035019052618,-0.157567665220337,0.),
 .UNSPECIFIED.);
#37=B_SPLINE_CURVE_WITH_KNOTS('',3,(#6641,#6642,#6643,#6644,#6645,#6646,
#6647,#6648,#6649,#6650),.UNSPECIFIED.,.F.,.F.,(4,2,2,2,4),(-0.616786301965587,
-0.461942766531962,-0.310350190526191,-0.157567665220343,0.),
 .UNSPECIFIED.);
#38=B_SPLINE_CURVE_WITH_KNOTS('',3,(#6882,#6883,#6884,#6885,#6886,#6887,
#6888,#6889,#6890,#6891,#6892,#6893,#6894,#6895,#6896,#6897,#6898,#6899,
#6900,#6901),.UNSPECIFIED.,.F.,.F.,(4,2,2,2,2,2,2,2,2,4),(0.,0.055052041100449,
0.110104082200898,0.186933069379307,0.263762056557715,0.370356711004276,
0.476951365450838,0.560130755920272,0.581332706842867,0.602534657765462),
 .UNSPECIFIED.);
#39=B_SPLINE_CURVE_WITH_KNOTS('',3,(#6902,#6903,#6904,#6905,#6906,#6907,
#6908,#6909,#6910,#6911,#6912,#6913,#6914,#6915,#6916,#6917,#6918,#6919,
#6920,#6921),.UNSPECIFIED.,.F.,.F.,(4,2,2,2,2,2,2,2,2,4),(0.602534657765462,
0.623736608688057,0.644938559610652,0.728117950080087,0.834712604526648,
0.941307258973209,1.01813624615162,1.09496523333003,1.15001727443048,1.20506931553092),
 .UNSPECIFIED.);
#40=B_SPLINE_CURVE_WITH_KNOTS('',3,(#6931,#6932,#6933,#6934,#6935,#6936,
#6937,#6938,#6939,#6940,#6941,#6942,#6943,#6944,#6945,#6946,#6947,#6948,
#6949,#6950,#6951,#6952,#6953,#6954,#6955,#6956,#6957,#6958,#6959,#6960),
 .UNSPECIFIED.,.F.,.F.,(4,2,2,2,2,2,2,2,2,2,2,2,2,2,4),(0.,0.0588713422542564,
0.117742684508513,0.188642742646506,0.259542800784499,0.346132978053905,
0.43272315532331,0.526596843067678,0.552214656539939,0.5778324700122,0.609724637333384,
0.641616804654568,0.705401139296936,0.804507142096757,0.903613144896579),
 .UNSPECIFIED.);
#41=B_SPLINE_CURVE_WITH_KNOTS('',3,(#6961,#6962,#6963,#6964,#6965,#6966,
#6967,#6968,#6969,#6970),.UNSPECIFIED.,.F.,.F.,(4,2,2,2,4),(0.903613144896579,
0.97820334158878,1.05279353828098,1.10798791257172,1.16318228686245),
 .UNSPECIFIED.);
#42=B_SPLINE_CURVE_WITH_KNOTS('',3,(#6980,#6981,#6982,#6983,#6984,#6985,
#6986,#6987,#6988,#6989),.UNSPECIFIED.,.F.,.F.,(4,2,2,2,4),(0.,0.0551943743498983,
0.110388748699797,0.184978944470304,0.259569140240812),.UNSPECIFIED.);
#43=B_SPLINE_CURVE_WITH_KNOTS('',3,(#6990,#6991,#6992,#6993,#6994,#6995,
#6996,#6997,#6998,#6999,#7000,#7001,#7002,#7003,#7004,#7005,#7006,#7007,
#7008,#7009,#7010,#7011,#7012,#7013,#7014,#7015,#7016,#7017,#7018,#7019),
 .UNSPECIFIED.,.F.,.F.,(4,2,2,2,2,2,2,2,2,2,2,2,2,2,4),(0.259569140240812,
0.358675140175885,0.457781140110957,0.521565473520786,0.553457640225701,
0.585349806930615,0.61724197363553,0.649134140340444,0.712918473750273,
0.812024473685346,0.911130473620419,0.985720669390926,1.06031086516143,
1.11550523951133,1.17069961386123),.UNSPECIFIED.);
#44=B_SPLINE_CURVE_WITH_KNOTS('',3,(#7029,#7030,#7031,#7032,#7033,#7034,
#7035,#7036,#7037,#7038,#7039,#7040,#7041,#7042,#7043,#7044,#7045,#7046,
#7047,#7048,#7049,#7050,#7051,#7052,#7053,#7054,#7055,#7056,#7057,#7058),
 .UNSPECIFIED.,.F.,.F.,(4,2,2,2,2,2,2,2,2,2,2,2,2,2,4),(0.,0.0551943742907342,
0.110388748581468,0.184978945273671,0.259569141965873,0.358675144765696,
0.457781147565518,0.521565482207886,0.55345764952907,0.585349816850254,
0.617241984171438,0.649134151492622,0.71291848613499,0.812024488934812,
0.911130491734635),.UNSPECIFIED.);
#45=B_SPLINE_CURVE_WITH_KNOTS('',3,(#7059,#7060,#7061,#7062,#7063,#7064,
#7065,#7066,#7067,#7068),.UNSPECIFIED.,.F.,.F.,(4,2,2,2,4),(0.911130491734635,
0.985720688426837,1.06031088511904,1.11550525940977,1.17069963370051),
 .UNSPECIFIED.);
#46=B_SPLINE_CURVE_WITH_KNOTS('',3,(#7078,#7079,#7080,#7081,#7082,#7083,
#7084,#7085,#7086,#7087),.UNSPECIFIED.,.F.,.F.,(4,2,2,2,4),(0.,0.0551943743498987,
0.110388748699797,0.184978944470305,0.259569140240812),.UNSPECIFIED.);
#47=B_SPLINE_CURVE_WITH_KNOTS('',3,(#7088,#7089,#7090,#7091,#7092,#7093,
#7094,#7095,#7096,#7097,#7098,#7099,#7100,#7101,#7102,#7103,#7104,#7105,
#7106,#7107,#7108,#7109,#7110,#7111,#7112,#7113,#7114,#7115,#7116,#7117),
 .UNSPECIFIED.,.F.,.F.,(4,2,2,2,2,2,2,2,2,2,2,2,2,2,4),(0.259569140240812,
0.358675140175885,0.457781140110958,0.521565473520787,0.553457640225701,
0.585349806930616,0.61724197363553,0.649134140340444,0.712918473750273,
0.812024473685346,0.911130473620419,0.985720669390926,1.06031086516143,
1.11550523951133,1.17069961386123),.UNSPECIFIED.);
#48=B_SPLINE_CURVE_WITH_KNOTS('',3,(#7127,#7128,#7129,#7130,#7131,#7132,
#7133,#7134,#7135,#7136,#7137,#7138,#7139,#7140,#7141,#7142,#7143,#7144,
#7145,#7146),.UNSPECIFIED.,.F.,.F.,(4,2,2,2,2,2,2,2,2,4),(0.,0.0550520411004485,
0.110104082200897,0.186933069379305,0.263762056557714,0.370356711004274,
0.476951365450834,0.560130755920267,0.581332706842862,0.602534657765457),
 .UNSPECIFIED.);
#49=B_SPLINE_CURVE_WITH_KNOTS('',3,(#7147,#7148,#7149,#7150,#7151,#7152,
#7153,#7154,#7155,#7156,#7157,#7158,#7159,#7160,#7161,#7162,#7163,#7164,
#7165,#7166),.UNSPECIFIED.,.F.,.F.,(4,2,2,2,2,2,2,2,2,4),(0.602534657765457,
0.623736608688052,0.644938559610647,0.72811795008008,0.83471260452664,0.9413072589732,
1.01813624615161,1.09496523333002,1.15001727443047,1.20506931553091),
 .UNSPECIFIED.);
#50=B_SPLINE_CURVE_WITH_KNOTS('',3,(#7175,#7176,#7177,#7178,#7179,#7180,
#7181,#7182,#7183,#7184,#7185,#7186,#7187,#7188,#7189,#7190,#7191,#7192,
#7193,#7194,#7195,#7196,#7197,#7198,#7199,#7200,#7201,#7202,#7203,#7204,
#7205,#7206,#7207,#7208,#7209,#7210,#7211,#7212),.UNSPECIFIED.,.T.,.F.,
(4,2,2,2,2,2,2,2,2,2,2,2,2,2,2,2,2,2,4),(0.,0.0550531448336287,0.110106289667257,
0.186917755619369,0.263729221571481,0.370260594278852,0.476791966986224,
0.559908929642092,0.581116563761319,0.602324197880545,0.623531831999771,
0.644739466118998,0.727856428774866,0.834387801482238,0.940919174189609,
1.01773064014172,1.09454210609383,1.14959525092746,1.20464839576109),
 .UNSPECIFIED.);
#51=B_SPLINE_CURVE_WITH_KNOTS('',3,(#7221,#7222,#7223,#7224,#7225,#7226,
#7227,#7228,#7229,#7230,#7231,#7232,#7233,#7234,#7235,#7236,#7237,#7238,
#7239,#7240,#7241,#7242,#7243,#7244,#7245,#7246,#7247,#7248,#7249,#7250,
#7251,#7252,#7253,#7254,#7255,#7256,#7257,#7258),.UNSPECIFIED.,.T.,.F.,
(4,2,2,2,2,2,2,2,2,2,2,2,2,2,2,2,2,2,4),(0.,0.0550520416041081,0.110104083208216,
0.186933062390717,0.263762041573217,0.37035666712162,0.476951292670024,
0.560130654598055,0.581332608113903,0.602534561629751,0.623736515145599,
0.644938468661447,0.728117830589476,0.83471245613788,0.941307081686285,
1.01813606086878,1.09496504005128,1.15001708165539,1.2050691232595),
 .UNSPECIFIED.);
#52=B_SPLINE_CURVE_WITH_KNOTS('',3,(#7268,#7269,#7270,#7271,#7272,#7273,
#7274,#7275,#7276,#7277,#7278,#7279,#7280,#7281,#7282,#7283,#7284,#7285,
#7286,#7287,#7288,#7289,#7290,#7291,#7292,#7293,#7294,#7295,#7296,#7297),
 .UNSPECIFIED.,.F.,.F.,(4,2,2,2,2,2,2,2,2,2,2,2,2,2,4),(0.,0.0551943742907342,
0.110388748581468,0.184978945273671,0.259569141965873,0.358675144765696,
0.457781147565518,0.521565482207886,0.55345764952907,0.585349816850254,
0.617241984171438,0.649134151492622,0.71291848613499,0.812024488934812,
0.911130491734635),.UNSPECIFIED.);
#53=B_SPLINE_CURVE_WITH_KNOTS('',3,(#7298,#7299,#7300,#7301,#7302,#7303,
#7304,#7305,#7306,#7307),.UNSPECIFIED.,.F.,.F.,(4,2,2,2,4),(0.911130491734635,
0.985720688426837,1.06031088511904,1.11550525940977,1.17069963370051),
 .UNSPECIFIED.);
#54=B_SPLINE_CURVE_WITH_KNOTS('',3,(#7317,#7318,#7319,#7320,#7321,#7322,
#7323,#7324,#7325,#7326),.UNSPECIFIED.,.F.,.F.,(4,2,2,2,4),(0.,0.0551943743498984,
0.110388748699797,0.184978944470304,0.259569140240811),.UNSPECIFIED.);
#55=B_SPLINE_CURVE_WITH_KNOTS('',3,(#7327,#7328,#7329,#7330,#7331,#7332,
#7333,#7334,#7335,#7336,#7337,#7338,#7339,#7340,#7341,#7342,#7343,#7344,
#7345,#7346,#7347,#7348,#7349,#7350,#7351,#7352,#7353,#7354,#7355,#7356),
 .UNSPECIFIED.,.F.,.F.,(4,2,2,2,2,2,2,2,2,2,2,2,2,2,4),(0.259569140240811,
0.358675140175884,0.457781140110956,0.521565473520785,0.553457640225699,
0.585349806930613,0.617241973635527,0.649134140340441,0.712918473750269,
0.812024473685342,0.911130473620415,0.985720669390922,1.06031086516143,
1.11550523951133,1.17069961386123),.UNSPECIFIED.);
#56=B_SPLINE_CURVE_WITH_KNOTS('',3,(#7422,#7423,#7424,#7425,#7426,#7427,
#7428,#7429,#7430,#7431),.UNSPECIFIED.,.F.,.F.,(4,2,2,2,4),(-0.616786301965581,
-0.46194276653195,-0.31035019052618,-0.157567665220337,0.),
 .UNSPECIFIED.);
#57=B_SPLINE_CURVE_WITH_KNOTS('',3,(#7435,#7436,#7437,#7438,#7439,#7440,
#7441,#7442,#7443,#7444),.UNSPECIFIED.,.F.,.F.,(4,2,2,2,4),(-0.61678630196556,
-0.461942766531937,-0.310350190526177,-0.157567665220342,0.),
 .UNSPECIFIED.);
#58=B_SPLINE_CURVE_WITH_KNOTS('',3,(#7448,#7449,#7450,#7451,#7452,#7453,
#7454,#7455,#7456,#7457),.UNSPECIFIED.,.F.,.F.,(4,2,2,2,4),(-0.616786301965566,
-0.461942766531942,-0.310350190526176,-0.157567665220337,0.),
 .UNSPECIFIED.);
#59=B_SPLINE_CURVE_WITH_KNOTS('',3,(#7461,#7462,#7463,#7464,#7465,#7466,
#7467,#7468,#7469,#7470),.UNSPECIFIED.,.F.,.F.,(4,2,2,2,4),(-0.616786301965587,
-0.461942766531962,-0.310350190526191,-0.157567665220343,0.),
 .UNSPECIFIED.);
#60=B_SPLINE_CURVE_WITH_KNOTS('',3,(#7797,#7798,#7799,#7800,#7801,#7802,
#7803,#7804,#7805,#7806,#7807,#7808,#7809,#7810,#7811),.UNSPECIFIED.,.F.,
 .F.,(4,2,2,3,2,2,4),(-0.0973241792237915,-0.0749094062053396,-0.0374547031026697,
0.,0.0374547031026703,0.0749094062053407,0.0973241791549561),
 .UNSPECIFIED.);
#61=B_SPLINE_CURVE_WITH_KNOTS('',3,(#7821,#7822,#7823,#7824,#7825,#7826,
#7827,#7828,#7829,#7830,#7831,#7832,#7833,#7834,#7835,#7836,#7837,#7838,
#7839),.UNSPECIFIED.,.F.,.F.,(4,2,2,2,3,2,2,2,4),(-0.115795469319396,-0.112056191919494,
-0.075338559801959,-0.0376692799009795,0.,0.0376692799009795,0.075338559801959,
0.112056191919494,0.115795469319396),.UNSPECIFIED.);
#62=B_SPLINE_CURVE_WITH_KNOTS('',3,(#7849,#7850,#7851,#7852,#7853,#7854,
#7855,#7856,#7857,#7858,#7859,#7860,#7861,#7862,#7863),.UNSPECIFIED.,.F.,
 .F.,(4,2,2,3,2,2,4),(-0.0973241792237922,-0.0749094062053407,-0.0374547031026703,
0.,0.0374547031026703,0.0749094062053407,0.0973241791549552),
 .UNSPECIFIED.);
#63=B_SPLINE_CURVE_WITH_KNOTS('',3,(#7873,#7874,#7875,#7876,#7877,#7878,
#7879,#7880,#7881,#7882,#7883,#7884,#7885,#7886,#7887),.UNSPECIFIED.,.F.,
 .F.,(4,2,2,3,2,2,4),(-0.0973241792237922,-0.0749094062053411,-0.0374547031026706,
0.,0.037454703102671,0.074909406205342,0.0973241791549573),
 .UNSPECIFIED.);
#64=B_SPLINE_CURVE_WITH_KNOTS('',3,(#7895,#7896,#7897,#7898,#7899,#7900,
#7901,#7902,#7903,#7904),.UNSPECIFIED.,.F.,.F.,(4,2,2,2,4),(-0.115795469319397,
-0.112056191919494,-0.075338559801959,-0.0376692799009796,0.),
 .UNSPECIFIED.);
#65=B_SPLINE_CURVE_WITH_KNOTS('',3,(#7907,#7908,#7909,#7910,#7911,#7912,
#7913,#7914,#7915,#7916),.UNSPECIFIED.,.F.,.F.,(4,2,2,2,4),(0.,0.0376692799009795,
0.075338559801959,0.112056191919494,0.115795469319396),.UNSPECIFIED.);
#66=B_SPLINE_CURVE_WITH_KNOTS('',3,(#7923,#7924,#7925,#7926,#7927,#7928,
#7929,#7930,#7931,#7932),.UNSPECIFIED.,.F.,.F.,(4,2,2,2,4),(-0.115795469319396,
-0.112056191919494,-0.075338559801959,-0.0376692799009796,0.),
 .UNSPECIFIED.);
#67=B_SPLINE_CURVE_WITH_KNOTS('',3,(#7935,#7936,#7937,#7938,#7939,#7940,
#7941,#7942,#7943,#7944),.UNSPECIFIED.,.F.,.F.,(4,2,2,2,4),(0.,0.0376692799009795,
0.075338559801959,0.112056191919494,0.115795469319396),.UNSPECIFIED.);
#68=B_SPLINE_CURVE_WITH_KNOTS('',3,(#7953,#7954,#7955,#7956,#7957,#7958,
#7959,#7960,#7961,#7962,#7963,#7964,#7965,#7966,#7967),.UNSPECIFIED.,.F.,
 .F.,(4,2,2,3,2,2,4),(-0.0973241792237921,-0.0749094062053407,-0.0374547031026703,
0.,0.0374547031026703,0.0749094062053407,0.0973241791549558),
 .UNSPECIFIED.);
#69=B_SPLINE_CURVE_WITH_KNOTS('',3,(#7977,#7978,#7979,#7980,#7981,#7982,
#7983,#7984,#7985,#7986,#7987,#7988,#7989,#7990,#7991),.UNSPECIFIED.,.F.,
 .F.,(4,2,2,3,2,2,4),(-0.0973241792237911,-0.0749094062053407,-0.0374547031026704,
0.,0.0374547031026703,0.0749094062053407,0.0973241791549558),
 .UNSPECIFIED.);
#70=B_SPLINE_CURVE_WITH_KNOTS('',3,(#8001,#8002,#8003,#8004,#8005,#8006,
#8007,#8008,#8009,#8010,#8011,#8012,#8013,#8014,#8015,#8016,#8017,#8018,
#8019),.UNSPECIFIED.,.F.,.F.,(4,2,2,2,3,2,2,2,4),(-0.115795469319396,-0.112056191919494,
-0.075338559801959,-0.0376692799009795,0.,0.0376692799009795,0.075338559801959,
0.112056191919494,0.115795469319396),.UNSPECIFIED.);
#71=B_SPLINE_CURVE_WITH_KNOTS('',3,(#8029,#8030,#8031,#8032,#8033,#8034,
#8035,#8036,#8037,#8038,#8039,#8040,#8041,#8042,#8043),.UNSPECIFIED.,.F.,
 .F.,(4,2,2,3,2,2,4),(-0.0973241792237908,-0.0749094062053411,-0.0374547031026706,
0.,0.0374547031026706,0.0749094062053411,0.097324179154956),
 .UNSPECIFIED.);
#72=B_SPLINE_CURVE_WITH_KNOTS('',3,(#8119,#8120,#8121,#8122,#8123,#8124,
#8125,#8126,#8127,#8128,#8129,#8130,#8131,#8132),.UNSPECIFIED.,.F.,.F.,
(4,2,2,2,2,2,4),(-0.000352400060135365,0.,0.0124548908425749,0.0247657861549982,
0.04516160562894,0.064029823646502,0.0822200352285876),.UNSPECIFIED.);
#73=B_SPLINE_CURVE_WITH_KNOTS('',3,(#8135,#8136,#8137,#8138,#8139,#8140,
#8141,#8142,#8143,#8144,#8145,#8146,#8147,#8148),.UNSPECIFIED.,.F.,.F.,
(4,2,2,2,2,2,4),(-0.163155505146676,-0.162807490994023,-0.150910111040831,
-0.139118320662488,-0.11887590594841,-0.0998628969282773,-0.0814037454956994),
 .UNSPECIFIED.);
#74=B_SPLINE_CURVE_WITH_KNOTS('',3,(#8173,#8174,#8175,#8176,#8177,#8178,
#8179,#8180,#8181,#8182,#8183,#8184,#8185,#8186),.UNSPECIFIED.,.F.,.F.,
(4,2,2,2,2,2,4),(-0.000353746405180263,0.,0.0125892453942906,0.0250241076234399,
0.0454515066839509,0.0642858910518758,0.0824161693621786),.UNSPECIFIED.);
#75=B_SPLINE_CURVE_WITH_KNOTS('',3,(#8189,#8190,#8191,#8192,#8193,#8194,
#8195,#8196,#8197,#8198,#8199,#8200,#8201,#8202),.UNSPECIFIED.,.F.,.F.,
(4,2,2,2,2,2,4),(-0.163709421642503,-0.163359812471235,-0.151274773367451,
-0.139308232873471,-0.119014650273728,-0.100049743829467,-0.0816799062342327),
 .UNSPECIFIED.);
#76=B_SPLINE_CURVE_WITH_KNOTS('',3,(#8235,#8236,#8237,#8238,#8239,#8240,
#8241,#8242,#8243,#8244,#8245,#8246,#8247,#8248),.UNSPECIFIED.,.F.,.F.,
(4,2,2,2,2,2,4),(-0.0403857027206791,-0.0401499117669066,-0.0345123129979225,
-0.0288948680409162,-0.0188207397410877,-0.00928015756622799,0.),
 .UNSPECIFIED.);
#77=B_SPLINE_CURVE_WITH_KNOTS('',3,(#8251,#8252,#8253,#8254,#8255,#8256,
#8257,#8258,#8259,#8260,#8261,#8262,#8263,#8264),.UNSPECIFIED.,.F.,.F.,
(4,2,2,2,2,2,4),(-0.000238907983146287,0.,0.00584284817416655,0.0116587724675902,
0.0218246102529547,0.0313247140504912,0.0405047029477106),.UNSPECIFIED.);
#78=B_SPLINE_CURVE_WITH_KNOTS('',3,(#8289,#8290,#8291,#8292,#8293,#8294,
#8295,#8296,#8297,#8298,#8299,#8300,#8301,#8302),.UNSPECIFIED.,.F.,.F.,
(4,2,2,2,2,2,4),(-0.0404708991878467,-0.0402342773687296,-0.0345356426835137,
-0.0288591573995495,-0.018762259339124,-0.00924122933262612,0.),
 .UNSPECIFIED.);
#79=B_SPLINE_CURVE_WITH_KNOTS('',3,(#8305,#8306,#8307,#8308,#8309,#8310,
#8311,#8312,#8313,#8314,#8315,#8316,#8317,#8318),.UNSPECIFIED.,.F.,.F.,
(4,2,2,2,2,2,4),(-0.000239501999226069,0.,0.00588420156442285,0.0117400739292896,
0.0219210768347131,0.0314088263262758,0.0405641789309803),.UNSPECIFIED.);
#80=B_SPLINE_SURFACE_WITH_KNOTS('',3,3,((#6508,#6509,#6510,#6511),(#6512,
#6513,#6514,#6515),(#6516,#6517,#6518,#6519),(#6520,#6521,#6522,#6523),
(#6524,#6525,#6526,#6527)),.UNSPECIFIED.,.F.,.F.,.F.,(4,1,4),(4,4),(0.,
0.571428571428571,1.),(-0.215960498684956,6.04203006598725E-17),
 .UNSPECIFIED.);
#81=B_SPLINE_SURFACE_WITH_KNOTS('',3,3,((#6538,#6539,#6540,#6541),(#6542,
#6543,#6544,#6545),(#6546,#6547,#6548,#6549),(#6550,#6551,#6552,#6553),
(#6554,#6555,#6556,#6557)),.UNSPECIFIED.,.F.,.F.,.F.,(4,1,4),(4,4),(0.,
0.571428571428571,1.),(-0.215960498684956,6.04203006598726E-17),
 .UNSPECIFIED.);
#82=B_SPLINE_SURFACE_WITH_KNOTS('',3,3,((#6584,#6585,#6586,#6587),(#6588,
#6589,#6590,#6591),(#6592,#6593,#6594,#6595),(#6596,#6597,#6598,#6599),
(#6600,#6601,#6602,#6603)),.UNSPECIFIED.,.F.,.F.,.F.,(4,1,4),(4,4),(0.,
0.571428571428571,1.),(-0.215960498684957,1.20840601319745E-16),
 .UNSPECIFIED.);
#83=B_SPLINE_SURFACE_WITH_KNOTS('',3,3,((#6620,#6621,#6622,#6623),(#6624,
#6625,#6626,#6627),(#6628,#6629,#6630,#6631),(#6632,#6633,#6634,#6635),
(#6636,#6637,#6638,#6639)),.UNSPECIFIED.,.F.,.F.,.F.,(4,1,4),(4,4),(0.,
0.571428571428571,1.),(-0.215960498684956,6.04203006598725E-17),
 .UNSPECIFIED.);
#84=B_SPLINE_SURFACE_WITH_KNOTS('',3,3,((#7472,#7473,#7474,#7475,#7476,
#7477),(#7478,#7479,#7480,#7481,#7482,#7483),(#7484,#7485,#7486,#7487,#7488,
#7489),(#7490,#7491,#7492,#7493,#7494,#7495),(#7496,#7497,#7498,#7499,#7500,
#7501)),.UNSPECIFIED.,.F.,.F.,.F.,(4,1,4),(4,1,1,4),(0.,0.571428571428571,
1.),(-1.5707963267949,-0.972948850604949,-0.574383866478319,-0.175818882351689),
 .UNSPECIFIED.);
#85=B_SPLINE_SURFACE_WITH_KNOTS('',3,3,((#7506,#7507,#7508,#7509,#7510,
#7511),(#7512,#7513,#7514,#7515,#7516,#7517),(#7518,#7519,#7520,#7521,#7522,
#7523),(#7524,#7525,#7526,#7527,#7528,#7529),(#7530,#7531,#7532,#7533,#7534,
#7535)),.UNSPECIFIED.,.F.,.F.,.F.,(4,1,4),(4,1,1,4),(0.,0.571428571428571,
1.),(-1.5707963267949,-0.97294885060495,-0.574383866478319,-0.175818882351689),
 .UNSPECIFIED.);
#86=B_SPLINE_SURFACE_WITH_KNOTS('',3,3,((#7557,#7558,#7559,#7560,#7561,
#7562),(#7563,#7564,#7565,#7566,#7567,#7568),(#7569,#7570,#7571,#7572,#7573,
#7574),(#7575,#7576,#7577,#7578,#7579,#7580),(#7581,#7582,#7583,#7584,#7585,
#7586)),.UNSPECIFIED.,.F.,.F.,.F.,(4,1,4),(4,1,1,4),(0.,0.571428571428571,
1.),(-1.5707963267949,-0.972948850604951,-0.57438386647832,-0.175818882351689),
 .UNSPECIFIED.);
#87=B_SPLINE_SURFACE_WITH_KNOTS('',3,3,((#7589,#7590,#7591,#7592,#7593,
#7594),(#7595,#7596,#7597,#7598,#7599,#7600),(#7601,#7602,#7603,#7604,#7605,
#7606),(#7607,#7608,#7609,#7610,#7611,#7612),(#7613,#7614,#7615,#7616,#7617,
#7618)),.UNSPECIFIED.,.F.,.F.,.F.,(4,1,4),(4,1,1,4),(0.,0.571428571428571,
1.),(-1.5707963267949,-0.972948850604951,-0.57438386647832,-0.175818882351689),
 .UNSPECIFIED.);
#88=ELLIPSE('',#4597,7.6157731058639,7.);
#89=ELLIPSE('',#4598,7.61577310586391,7.);
#90=ELLIPSE('',#4600,7.61577310586391,7.);
#91=ELLIPSE('',#4601,7.61577310586391,7.);
#92=ELLIPSE('',#4602,7.61577310586391,7.);
#93=ELLIPSE('',#4609,7.61577310586391,7.);
#94=ELLIPSE('',#4611,7.61577310586391,7.);
#95=ELLIPSE('',#4612,7.61577310586391,7.);
#96=ELLIPSE('',#4751,7.6157731058639,7.);
#97=ELLIPSE('',#4752,7.61577310586391,7.);
#98=ELLIPSE('',#4754,7.61577310586391,7.);
#99=ELLIPSE('',#4755,7.61577310586391,7.);
#100=ELLIPSE('',#4757,7.61577310586391,7.);
#101=ELLIPSE('',#4764,7.61577310586391,7.);
#102=ELLIPSE('',#4765,7.61577310586391,7.);
#103=ELLIPSE('',#4766,7.61577310586391,7.);
#104=CYLINDRICAL_SURFACE('',#4540,0.975000000000001);
#105=CYLINDRICAL_SURFACE('',#4543,0.975000000000001);
#106=CYLINDRICAL_SURFACE('',#4546,0.975000000000001);
#107=CYLINDRICAL_SURFACE('',#4549,0.975000000000001);
#108=CYLINDRICAL_SURFACE('',#4552,0.975000000000001);
#109=CYLINDRICAL_SURFACE('',#4555,0.975000000000001);
#110=CYLINDRICAL_SURFACE('',#4558,0.975000000000001);
#111=CYLINDRICAL_SURFACE('',#4561,0.975000000000001);
#112=CYLINDRICAL_SURFACE('',#4564,0.975);
#113=CYLINDRICAL_SURFACE('',#4567,0.975000000000001);
#114=CYLINDRICAL_SURFACE('',#4579,7.5);
#115=CYLINDRICAL_SURFACE('',#4581,4.);
#116=CYLINDRICAL_SURFACE('',#4584,4.);
#117=CYLINDRICAL_SURFACE('',#4588,7.50000000000001);
#118=CYLINDRICAL_SURFACE('',#4591,4.00000000000001);
#119=CYLINDRICAL_SURFACE('',#4594,4.00000000000001);
#120=CYLINDRICAL_SURFACE('',#4596,7.);
#121=CYLINDRICAL_SURFACE('',#4599,7.);
#122=CYLINDRICAL_SURFACE('',#4603,7.5);
#123=CYLINDRICAL_SURFACE('',#4606,7.5);
#124=CYLINDRICAL_SURFACE('',#4610,7.);
#125=CYLINDRICAL_SURFACE('',#4613,7.);
#126=CYLINDRICAL_SURFACE('',#4615,1.425);
#127=CYLINDRICAL_SURFACE('',#4618,2.29999999999999);
#128=CYLINDRICAL_SURFACE('',#4627,1.425);
#129=CYLINDRICAL_SURFACE('',#4630,2.29999999999999);
#130=CYLINDRICAL_SURFACE('',#4634,0.974999999999999);
#131=CYLINDRICAL_SURFACE('',#4638,0.974999999999999);
#132=CYLINDRICAL_SURFACE('',#4657,1.4);
#133=CYLINDRICAL_SURFACE('',#4662,1.4);
#134=CYLINDRICAL_SURFACE('',#4665,1.4);
#135=CYLINDRICAL_SURFACE('',#4680,4.02724903937881);
#136=CYLINDRICAL_SURFACE('',#4686,1.5);
#137=CYLINDRICAL_SURFACE('',#4690,1.5);
#138=CYLINDRICAL_SURFACE('',#4694,1.5);
#139=CYLINDRICAL_SURFACE('',#4698,1.5);
#140=CYLINDRICAL_SURFACE('',#4702,1.5);
#141=CYLINDRICAL_SURFACE('',#4706,1.49999999999999);
#142=CYLINDRICAL_SURFACE('',#4710,1.49999999999999);
#143=CYLINDRICAL_SURFACE('',#4714,1.49999999999999);
#144=CYLINDRICAL_SURFACE('',#4718,1.5);
#145=CYLINDRICAL_SURFACE('',#4722,1.5);
#146=CYLINDRICAL_SURFACE('',#4726,0.975000000000001);
#147=CYLINDRICAL_SURFACE('',#4728,0.975000000000001);
#148=CYLINDRICAL_SURFACE('',#4730,0.975000000000001);
#149=CYLINDRICAL_SURFACE('',#4732,0.975000000000001);
#150=CYLINDRICAL_SURFACE('',#4734,0.975000000000001);
#151=CYLINDRICAL_SURFACE('',#4736,0.975000000000001);
#152=CYLINDRICAL_SURFACE('',#4738,0.975000000000001);
#153=CYLINDRICAL_SURFACE('',#4740,0.975000000000001);
#154=CYLINDRICAL_SURFACE('',#4742,0.975);
#155=CYLINDRICAL_SURFACE('',#4744,0.975000000000001);
#156=CYLINDRICAL_SURFACE('',#4753,7.);
#157=CYLINDRICAL_SURFACE('',#4756,7.);
#158=CYLINDRICAL_SURFACE('',#4758,7.5);
#159=CYLINDRICAL_SURFACE('',#4761,7.50000000000001);
#160=CYLINDRICAL_SURFACE('',#4767,7.);
#161=CYLINDRICAL_SURFACE('',#4768,7.);
#162=CYLINDRICAL_SURFACE('',#4770,7.);
#163=CYLINDRICAL_SURFACE('',#4774,7.);
#164=CYLINDRICAL_SURFACE('',#4778,7.);
#165=CYLINDRICAL_SURFACE('',#4782,7.);
#166=CYLINDRICAL_SURFACE('',#4784,7.5);
#167=CYLINDRICAL_SURFACE('',#4787,7.5);
#168=CYLINDRICAL_SURFACE('',#4788,0.974999999999999);
#169=CYLINDRICAL_SURFACE('',#4791,0.974999999999999);
#170=CYLINDRICAL_SURFACE('',#4794,1.4);
#171=CYLINDRICAL_SURFACE('',#4810,1.4);
#172=CYLINDRICAL_SURFACE('',#4815,0.975000000000001);
#173=CYLINDRICAL_SURFACE('',#4819,0.975000000000001);
#174=CYLINDRICAL_SURFACE('',#4823,0.975);
#175=CYLINDRICAL_SURFACE('',#4827,0.975000000000001);
#176=CYLINDRICAL_SURFACE('',#4831,0.975000000000001);
#177=CYLINDRICAL_SURFACE('',#4834,0.975000000000001);
#178=CYLINDRICAL_SURFACE('',#4837,0.975000000000001);
#179=CYLINDRICAL_SURFACE('',#4841,0.975000000000001);
#180=CYLINDRICAL_SURFACE('',#4845,0.975000000000001);
#181=CYLINDRICAL_SURFACE('',#4849,0.975000000000001);
#182=CYLINDRICAL_SURFACE('',#4862,0.5);
#183=CYLINDRICAL_SURFACE('',#4866,0.5);
#184=CYLINDRICAL_SURFACE('',#4869,2.77336149043995);
#185=CYLINDRICAL_SURFACE('',#4872,0.5);
#186=CYLINDRICAL_SURFACE('',#4876,0.5);
#187=CYLINDRICAL_SURFACE('',#4879,0.5);
#188=CYLINDRICAL_SURFACE('',#4881,2.72631828442637);
#189=CYLINDRICAL_SURFACE('',#4885,0.25);
#190=CYLINDRICAL_SURFACE('',#4889,0.25);
#191=CYLINDRICAL_SURFACE('',#4892,3.17336149043995);
#192=CYLINDRICAL_SURFACE('',#4895,0.25);
#193=CYLINDRICAL_SURFACE('',#4899,0.25);
#194=CYLINDRICAL_SURFACE('',#4902,3.12631828442637);
#195=CYLINDRICAL_SURFACE('',#4909,1.5);
#196=CYLINDRICAL_SURFACE('',#4914,1.5);
#197=CYLINDRICAL_SURFACE('',#4919,1.5);
#198=CYLINDRICAL_SURFACE('',#4924,1.5);
#199=CIRCLE('',#4526,0.975000000000001);
#200=CIRCLE('',#4533,0.975000000000001);
#201=CIRCLE('',#4541,0.975000000000001);
#202=CIRCLE('',#4542,0.975000000000001);
#203=CIRCLE('',#4544,0.975000000000001);
#204=CIRCLE('',#4545,0.975000000000001);
#205=CIRCLE('',#4547,0.975000000000001);
#206=CIRCLE('',#4548,0.975000000000001);
#207=CIRCLE('',#4550,0.975000000000001);
#208=CIRCLE('',#4551,0.975000000000001);
#209=CIRCLE('',#4553,0.975000000000001);
#210=CIRCLE('',#4554,0.975000000000001);
#211=CIRCLE('',#4556,0.975000000000001);
#212=CIRCLE('',#4557,0.975000000000001);
#213=CIRCLE('',#4559,0.975000000000001);
#214=CIRCLE('',#4560,0.975000000000001);
#215=CIRCLE('',#4562,0.975000000000001);
#216=CIRCLE('',#4563,0.975000000000001);
#217=CIRCLE('',#4565,0.975);
#218=CIRCLE('',#4566,0.975);
#219=CIRCLE('',#4568,0.975000000000001);
#220=CIRCLE('',#4569,0.975000000000001);
#221=CIRCLE('',#4571,7.5);
#222=CIRCLE('',#4572,7.5);
#223=CIRCLE('',#4573,7.50000000000001);
#224=CIRCLE('',#4574,7.5);
#225=CIRCLE('',#4575,4.);
#226=CIRCLE('',#4576,4.);
#227=CIRCLE('',#4577,4.00000000000001);
#228=CIRCLE('',#4578,4.00000000000001);
#229=CIRCLE('',#4580,7.5);
#230=CIRCLE('',#4582,4.);
#231=CIRCLE('',#4585,4.00000000000001);
#232=CIRCLE('',#4589,7.50000000000001);
#233=CIRCLE('',#4592,4.00000000000001);
#234=CIRCLE('',#4595,3.99999999999999);
#235=CIRCLE('',#4604,7.5);
#236=CIRCLE('',#4607,7.5);
#237=CIRCLE('',#4616,1.425);
#238=CIRCLE('',#4617,1.425);
#239=CIRCLE('',#4619,2.29999999999999);
#240=CIRCLE('',#4620,2.29999999999999);
#241=CIRCLE('',#4623,2.29999999999999);
#242=CIRCLE('',#4624,1.4);
#243=CIRCLE('',#4625,1.4);
#244=CIRCLE('',#4626,4.02724903937881);
#245=CIRCLE('',#4628,1.425);
#246=CIRCLE('',#4629,1.425);
#247=CIRCLE('',#4631,2.29999999999999);
#248=CIRCLE('',#4635,0.974999999999999);
#249=CIRCLE('',#4636,0.974999999999999);
#250=CIRCLE('',#4639,0.974999999999999);
#251=CIRCLE('',#4640,0.974999999999999);
#252=CIRCLE('',#4658,1.4);
#253=CIRCLE('',#4659,1.4);
#254=CIRCLE('',#4663,1.4);
#255=CIRCLE('',#4666,1.4);
#256=CIRCLE('',#4671,7.);
#257=CIRCLE('',#4675,7.);
#258=CIRCLE('',#4678,5.02724903937881);
#259=CIRCLE('',#4679,4.02724903937881);
#260=CIRCLE('',#4682,0.500000000000008);
#261=CIRCLE('',#4683,0.500000000000004);
#262=CIRCLE('',#4684,0.499999999999999);
#263=CIRCLE('',#4685,0.500000000000004);
#264=CIRCLE('',#4687,1.5);
#265=CIRCLE('',#4689,0.975000000000001);
#266=CIRCLE('',#4691,1.5);
#267=CIRCLE('',#4693,0.975000000000001);
#268=CIRCLE('',#4695,1.5);
#269=CIRCLE('',#4697,0.975000000000001);
#270=CIRCLE('',#4699,1.5);
#271=CIRCLE('',#4701,0.975000000000001);
#272=CIRCLE('',#4703,1.5);
#273=CIRCLE('',#4705,0.975000000000001);
#274=CIRCLE('',#4707,1.49999999999999);
#275=CIRCLE('',#4709,0.975000000000001);
#276=CIRCLE('',#4711,1.49999999999999);
#277=CIRCLE('',#4713,0.975000000000001);
#278=CIRCLE('',#4715,1.49999999999999);
#279=CIRCLE('',#4717,0.975000000000001);
#280=CIRCLE('',#4719,1.5);
#281=CIRCLE('',#4721,0.975000000000001);
#282=CIRCLE('',#4723,1.5);
#283=CIRCLE('',#4725,0.975);
#284=CIRCLE('',#4727,0.975000000000001);
#285=CIRCLE('',#4729,0.975000000000001);
#286=CIRCLE('',#4731,0.975000000000001);
#287=CIRCLE('',#4733,0.975000000000001);
#288=CIRCLE('',#4735,0.975000000000001);
#289=CIRCLE('',#4737,0.975000000000001);
#290=CIRCLE('',#4739,0.975000000000001);
#291=CIRCLE('',#4741,0.975000000000001);
#292=CIRCLE('',#4743,0.975);
#293=CIRCLE('',#4745,0.975000000000001);
#294=CIRCLE('',#4747,7.5);
#295=CIRCLE('',#4748,7.50000000000001);
#296=CIRCLE('',#4749,7.5);
#297=CIRCLE('',#4750,7.5);
#298=CIRCLE('',#4759,7.5);
#299=CIRCLE('',#4762,7.50000000000001);
#300=CIRCLE('',#4771,7.);
#301=CIRCLE('',#4772,6.99999999999999);
#302=CIRCLE('',#4773,7.);
#303=CIRCLE('',#4775,7.);
#304=CIRCLE('',#4776,7.);
#305=CIRCLE('',#4777,7.5);
#306=CIRCLE('',#4779,7.);
#307=CIRCLE('',#4780,7.);
#308=CIRCLE('',#4781,7.5);
#309=CIRCLE('',#4783,7.);
#310=CIRCLE('',#4789,0.974999999999999);
#311=CIRCLE('',#4790,0.974999999999999);
#312=CIRCLE('',#4792,0.974999999999999);
#313=CIRCLE('',#4793,0.974999999999999);
#314=CIRCLE('',#4795,1.4);
#315=CIRCLE('',#4796,1.4);
#316=CIRCLE('',#4811,1.4);
#317=CIRCLE('',#4812,1.4);
#318=CIRCLE('',#4816,0.975000000000001);
#319=CIRCLE('',#4817,0.975000000000001);
#320=CIRCLE('',#4818,0.975000000000001);
#321=CIRCLE('',#4820,0.975000000000001);
#322=CIRCLE('',#4821,0.975000000000001);
#323=CIRCLE('',#4822,0.975000000000001);
#324=CIRCLE('',#4824,0.975);
#325=CIRCLE('',#4825,0.975);
#326=CIRCLE('',#4826,0.975);
#327=CIRCLE('',#4828,0.975000000000001);
#328=CIRCLE('',#4829,0.975000000000001);
#329=CIRCLE('',#4830,0.975000000000001);
#330=CIRCLE('',#4832,0.975000000000001);
#331=CIRCLE('',#4833,0.975000000000001);
#332=CIRCLE('',#4835,0.975000000000001);
#333=CIRCLE('',#4836,0.975000000000001);
#334=CIRCLE('',#4838,0.975000000000001);
#335=CIRCLE('',#4839,0.975000000000001);
#336=CIRCLE('',#4840,0.975000000000001);
#337=CIRCLE('',#4842,0.975000000000001);
#338=CIRCLE('',#4843,0.975000000000001);
#339=CIRCLE('',#4844,0.975000000000001);
#340=CIRCLE('',#4846,0.975000000000001);
#341=CIRCLE('',#4847,0.975000000000001);
#342=CIRCLE('',#4848,0.975000000000001);
#343=CIRCLE('',#4850,0.975000000000001);
#344=CIRCLE('',#4851,0.975000000000001);
#345=CIRCLE('',#4852,0.975000000000001);
#346=CIRCLE('',#4854,6.);
#347=CIRCLE('',#4855,6.);
#348=CIRCLE('',#4856,6.);
#349=CIRCLE('',#4857,6.);
#350=CIRCLE('',#4858,3.37631828442637);
#351=CIRCLE('',#4859,2.22631828442637);
#352=CIRCLE('',#4860,3.42336149043995);
#353=CIRCLE('',#4861,2.27336149043995);
#354=CIRCLE('',#4863,0.5);
#355=CIRCLE('',#4865,2.77336149043995);
#356=CIRCLE('',#4867,0.5);
#357=CIRCLE('',#4870,2.77336149043995);
#358=CIRCLE('',#4873,0.5);
#359=CIRCLE('',#4875,2.72631828442637);
#360=CIRCLE('',#4877,0.5);
#361=CIRCLE('',#4878,0.5);
#362=CIRCLE('',#4882,2.72631828442637);
#363=CIRCLE('',#4886,0.25);
#364=CIRCLE('',#4888,3.17336149043995);
#365=CIRCLE('',#4890,0.25);
#366=CIRCLE('',#4893,3.17336149043995);
#367=CIRCLE('',#4896,0.25);
#368=CIRCLE('',#4898,3.12631828442637);
#369=CIRCLE('',#4900,0.25);
#370=CIRCLE('',#4903,3.12631828442637);
#371=CIRCLE('',#4906,1.5);
#372=CIRCLE('',#4907,7.5);
#373=CIRCLE('',#4908,1.5);
#374=CIRCLE('',#4910,1.5);
#375=CIRCLE('',#4912,7.5);
#376=CIRCLE('',#4913,1.5);
#377=CIRCLE('',#4915,1.5);
#378=CIRCLE('',#4917,7.5);
#379=CIRCLE('',#4918,1.5);
#380=CIRCLE('',#4920,1.5);
#381=CIRCLE('',#4922,7.5);
#382=CIRCLE('',#4923,1.5);
#383=FACE_BOUND('',#728,.T.);
#384=FACE_BOUND('',#754,.T.);
#385=FACE_BOUND('',#755,.T.);
#386=FACE_BOUND('',#756,.T.);
#387=FACE_BOUND('',#757,.T.);
#388=FACE_BOUND('',#758,.T.);
#389=FACE_BOUND('',#759,.T.);
#390=FACE_BOUND('',#760,.T.);
#391=FACE_BOUND('',#761,.T.);
#392=FACE_BOUND('',#762,.T.);
#393=FACE_BOUND('',#763,.T.);
#394=FACE_BOUND('',#764,.T.);
#395=FACE_BOUND('',#770,.T.);
#396=FACE_BOUND('',#776,.T.);
#397=FACE_BOUND('',#786,.T.);
#398=FACE_BOUND('',#792,.T.);
#399=FACE_BOUND('',#793,.T.);
#400=FACE_BOUND('',#794,.T.);
#401=FACE_BOUND('',#795,.T.);
#402=FACE_BOUND('',#796,.T.);
#403=FACE_BOUND('',#797,.T.);
#404=FACE_BOUND('',#798,.T.);
#405=FACE_BOUND('',#799,.T.);
#406=FACE_BOUND('',#800,.T.);
#407=FACE_BOUND('',#801,.T.);
#408=FACE_BOUND('',#802,.T.);
#409=FACE_BOUND('',#806,.T.);
#410=FACE_BOUND('',#808,.T.);
#411=FACE_BOUND('',#809,.T.);
#412=FACE_BOUND('',#810,.T.);
#413=FACE_BOUND('',#811,.T.);
#414=FACE_BOUND('',#815,.T.);
#415=FACE_BOUND('',#835,.T.);
#416=FACE_BOUND('',#845,.T.);
#417=FACE_BOUND('',#846,.T.);
#418=FACE_BOUND('',#851,.T.);
#419=FACE_BOUND('',#857,.T.);
#420=FACE_BOUND('',#860,.T.);
#421=FACE_BOUND('',#863,.T.);
#422=FACE_BOUND('',#866,.T.);
#423=FACE_BOUND('',#869,.T.);
#424=FACE_BOUND('',#872,.T.);
#425=FACE_BOUND('',#875,.T.);
#426=FACE_BOUND('',#878,.T.);
#427=FACE_BOUND('',#881,.T.);
#428=FACE_BOUND('',#884,.T.);
#429=FACE_BOUND('',#887,.T.);
#430=FACE_BOUND('',#899,.T.);
#431=FACE_BOUND('',#900,.T.);
#432=FACE_BOUND('',#901,.T.);
#433=FACE_BOUND('',#902,.T.);
#434=FACE_BOUND('',#903,.T.);
#435=FACE_BOUND('',#904,.T.);
#436=FACE_BOUND('',#905,.T.);
#437=FACE_BOUND('',#906,.T.);
#438=FACE_BOUND('',#907,.T.);
#439=FACE_BOUND('',#908,.T.);
#440=FACE_BOUND('',#909,.T.);
#441=FACE_BOUND('',#922,.T.);
#442=FACE_BOUND('',#925,.T.);
#443=FACE_BOUND('',#926,.T.);
#444=FACE_BOUND('',#929,.T.);
#445=FACE_BOUND('',#930,.T.);
#446=FACE_BOUND('',#931,.T.);
#447=FACE_BOUND('',#934,.T.);
#448=FACE_BOUND('',#935,.T.);
#449=FACE_BOUND('',#938,.T.);
#450=FACE_BOUND('',#939,.T.);
#451=FACE_BOUND('',#940,.T.);
#452=FACE_BOUND('',#964,.T.);
#453=FACE_BOUND('',#965,.T.);
#454=FACE_BOUND('',#966,.T.);
#455=FACE_BOUND('',#968,.T.);
#456=FACE_BOUND('',#969,.T.);
#457=FACE_BOUND('',#970,.T.);
#458=FACE_BOUND('',#982,.T.);
#459=FACE_BOUND('',#983,.T.);
#460=FACE_BOUND('',#984,.T.);
#461=FACE_BOUND('',#1028,.T.);
#462=FACE_BOUND('',#1029,.T.);
#463=FACE_BOUND('',#1030,.T.);
#464=FACE_BOUND('',#1031,.T.);
#465=FACE_BOUND('',#1032,.T.);
#466=FACE_BOUND('',#1033,.T.);
#467=FACE_BOUND('',#1034,.T.);
#468=FACE_BOUND('',#1035,.T.);
#469=FACE_BOUND('',#1036,.T.);
#470=FACE_BOUND('',#1037,.T.);
#471=FACE_BOUND('',#1038,.T.);
#472=FACE_BOUND('',#1039,.T.);
#473=FACE_BOUND('',#1040,.T.);
#474=FACE_OUTER_BOUND('',#712,.T.);
#475=FACE_OUTER_BOUND('',#713,.T.);
#476=FACE_OUTER_BOUND('',#714,.T.);
#477=FACE_OUTER_BOUND('',#715,.T.);
#478=FACE_OUTER_BOUND('',#716,.T.);
#479=FACE_OUTER_BOUND('',#717,.T.);
#480=FACE_OUTER_BOUND('',#718,.T.);
#481=FACE_OUTER_BOUND('',#719,.T.);
#482=FACE_OUTER_BOUND('',#720,.T.);
#483=FACE_OUTER_BOUND('',#721,.T.);
#484=FACE_OUTER_BOUND('',#722,.T.);
#485=FACE_OUTER_BOUND('',#723,.T.);
#486=FACE_OUTER_BOUND('',#724,.T.);
#487=FACE_OUTER_BOUND('',#725,.T.);
#488=FACE_OUTER_BOUND('',#726,.T.);
#489=FACE_OUTER_BOUND('',#727,.T.);
#490=FACE_OUTER_BOUND('',#729,.T.);
#491=FACE_OUTER_BOUND('',#730,.T.);
#492=FACE_OUTER_BOUND('',#731,.T.);
#493=FACE_OUTER_BOUND('',#732,.T.);
#494=FACE_OUTER_BOUND('',#733,.T.);
#495=FACE_OUTER_BOUND('',#734,.T.);
#496=FACE_OUTER_BOUND('',#735,.T.);
#497=FACE_OUTER_BOUND('',#736,.T.);
#498=FACE_OUTER_BOUND('',#737,.T.);
#499=FACE_OUTER_BOUND('',#738,.T.);
#500=FACE_OUTER_BOUND('',#739,.T.);
#501=FACE_OUTER_BOUND('',#740,.T.);
#502=FACE_OUTER_BOUND('',#741,.T.);
#503=FACE_OUTER_BOUND('',#742,.T.);
#504=FACE_OUTER_BOUND('',#743,.T.);
#505=FACE_OUTER_BOUND('',#744,.T.);
#506=FACE_OUTER_BOUND('',#745,.T.);
#507=FACE_OUTER_BOUND('',#746,.T.);
#508=FACE_OUTER_BOUND('',#747,.T.);
#509=FACE_OUTER_BOUND('',#748,.T.);
#510=FACE_OUTER_BOUND('',#749,.T.);
#511=FACE_OUTER_BOUND('',#750,.T.);
#512=FACE_OUTER_BOUND('',#751,.T.);
#513=FACE_OUTER_BOUND('',#752,.T.);
#514=FACE_OUTER_BOUND('',#753,.T.);
#515=FACE_OUTER_BOUND('',#765,.T.);
#516=FACE_OUTER_BOUND('',#766,.T.);
#517=FACE_OUTER_BOUND('',#767,.T.);
#518=FACE_OUTER_BOUND('',#768,.T.);
#519=FACE_OUTER_BOUND('',#769,.T.);
#520=FACE_OUTER_BOUND('',#771,.T.);
#521=FACE_OUTER_BOUND('',#772,.T.);
#522=FACE_OUTER_BOUND('',#773,.T.);
#523=FACE_OUTER_BOUND('',#774,.T.);
#524=FACE_OUTER_BOUND('',#775,.T.);
#525=FACE_OUTER_BOUND('',#777,.T.);
#526=FACE_OUTER_BOUND('',#778,.T.);
#527=FACE_OUTER_BOUND('',#779,.T.);
#528=FACE_OUTER_BOUND('',#780,.T.);
#529=FACE_OUTER_BOUND('',#781,.T.);
#530=FACE_OUTER_BOUND('',#782,.T.);
#531=FACE_OUTER_BOUND('',#783,.T.);
#532=FACE_OUTER_BOUND('',#784,.T.);
#533=FACE_OUTER_BOUND('',#785,.T.);
#534=FACE_OUTER_BOUND('',#787,.T.);
#535=FACE_OUTER_BOUND('',#788,.T.);
#536=FACE_OUTER_BOUND('',#789,.T.);
#537=FACE_OUTER_BOUND('',#790,.T.);
#538=FACE_OUTER_BOUND('',#791,.T.);
#539=FACE_OUTER_BOUND('',#803,.T.);
#540=FACE_OUTER_BOUND('',#804,.T.);
#541=FACE_OUTER_BOUND('',#805,.T.);
#542=FACE_OUTER_BOUND('',#807,.T.);
#543=FACE_OUTER_BOUND('',#812,.T.);
#544=FACE_OUTER_BOUND('',#813,.T.);
#545=FACE_OUTER_BOUND('',#814,.T.);
#546=FACE_OUTER_BOUND('',#816,.T.);
#547=FACE_OUTER_BOUND('',#817,.T.);
#548=FACE_OUTER_BOUND('',#818,.T.);
#549=FACE_OUTER_BOUND('',#819,.T.);
#550=FACE_OUTER_BOUND('',#820,.T.);
#551=FACE_OUTER_BOUND('',#821,.T.);
#552=FACE_OUTER_BOUND('',#822,.T.);
#553=FACE_OUTER_BOUND('',#823,.T.);
#554=FACE_OUTER_BOUND('',#824,.T.);
#555=FACE_OUTER_BOUND('',#825,.T.);
#556=FACE_OUTER_BOUND('',#826,.T.);
#557=FACE_OUTER_BOUND('',#827,.T.);
#558=FACE_OUTER_BOUND('',#828,.T.);
#559=FACE_OUTER_BOUND('',#829,.T.);
#560=FACE_OUTER_BOUND('',#830,.T.);
#561=FACE_OUTER_BOUND('',#831,.T.);
#562=FACE_OUTER_BOUND('',#832,.T.);
#563=FACE_OUTER_BOUND('',#833,.T.);
#564=FACE_OUTER_BOUND('',#834,.T.);
#565=FACE_OUTER_BOUND('',#836,.T.);
#566=FACE_OUTER_BOUND('',#837,.T.);
#567=FACE_OUTER_BOUND('',#838,.T.);
#568=FACE_OUTER_BOUND('',#839,.T.);
#569=FACE_OUTER_BOUND('',#840,.T.);
#570=FACE_OUTER_BOUND('',#841,.T.);
#571=FACE_OUTER_BOUND('',#842,.T.);
#572=FACE_OUTER_BOUND('',#843,.T.);
#573=FACE_OUTER_BOUND('',#844,.T.);
#574=FACE_OUTER_BOUND('',#847,.T.);
#575=FACE_OUTER_BOUND('',#848,.T.);
#576=FACE_OUTER_BOUND('',#849,.T.);
#577=FACE_OUTER_BOUND('',#850,.T.);
#578=FACE_OUTER_BOUND('',#852,.T.);
#579=FACE_OUTER_BOUND('',#853,.T.);
#580=FACE_OUTER_BOUND('',#854,.T.);
#581=FACE_OUTER_BOUND('',#855,.T.);
#582=FACE_OUTER_BOUND('',#856,.T.);
#583=FACE_OUTER_BOUND('',#858,.T.);
#584=FACE_OUTER_BOUND('',#859,.T.);
#585=FACE_OUTER_BOUND('',#861,.T.);
#586=FACE_OUTER_BOUND('',#862,.T.);
#587=FACE_OUTER_BOUND('',#864,.T.);
#588=FACE_OUTER_BOUND('',#865,.T.);
#589=FACE_OUTER_BOUND('',#867,.T.);
#590=FACE_OUTER_BOUND('',#868,.T.);
#591=FACE_OUTER_BOUND('',#870,.T.);
#592=FACE_OUTER_BOUND('',#871,.T.);
#593=FACE_OUTER_BOUND('',#873,.T.);
#594=FACE_OUTER_BOUND('',#874,.T.);
#595=FACE_OUTER_BOUND('',#876,.T.);
#596=FACE_OUTER_BOUND('',#877,.T.);
#597=FACE_OUTER_BOUND('',#879,.T.);
#598=FACE_OUTER_BOUND('',#880,.T.);
#599=FACE_OUTER_BOUND('',#882,.T.);
#600=FACE_OUTER_BOUND('',#883,.T.);
#601=FACE_OUTER_BOUND('',#885,.T.);
#602=FACE_OUTER_BOUND('',#886,.T.);
#603=FACE_OUTER_BOUND('',#888,.T.);
#604=FACE_OUTER_BOUND('',#889,.T.);
#605=FACE_OUTER_BOUND('',#890,.T.);
#606=FACE_OUTER_BOUND('',#891,.T.);
#607=FACE_OUTER_BOUND('',#892,.T.);
#608=FACE_OUTER_BOUND('',#893,.T.);
#609=FACE_OUTER_BOUND('',#894,.T.);
#610=FACE_OUTER_BOUND('',#895,.T.);
#611=FACE_OUTER_BOUND('',#896,.T.);
#612=FACE_OUTER_BOUND('',#897,.T.);
#613=FACE_OUTER_BOUND('',#898,.T.);
#614=FACE_OUTER_BOUND('',#910,.T.);
#615=FACE_OUTER_BOUND('',#911,.T.);
#616=FACE_OUTER_BOUND('',#912,.T.);
#617=FACE_OUTER_BOUND('',#913,.T.);
#618=FACE_OUTER_BOUND('',#914,.T.);
#619=FACE_OUTER_BOUND('',#915,.T.);
#620=FACE_OUTER_BOUND('',#916,.T.);
#621=FACE_OUTER_BOUND('',#917,.T.);
#622=FACE_OUTER_BOUND('',#918,.T.);
#623=FACE_OUTER_BOUND('',#919,.T.);
#624=FACE_OUTER_BOUND('',#920,.T.);
#625=FACE_OUTER_BOUND('',#921,.T.);
#626=FACE_OUTER_BOUND('',#923,.T.);
#627=FACE_OUTER_BOUND('',#924,.T.);
#628=FACE_OUTER_BOUND('',#927,.T.);
#629=FACE_OUTER_BOUND('',#928,.T.);
#630=FACE_OUTER_BOUND('',#932,.T.);
#631=FACE_OUTER_BOUND('',#933,.T.);
#632=FACE_OUTER_BOUND('',#936,.T.);
#633=FACE_OUTER_BOUND('',#937,.T.);
#634=FACE_OUTER_BOUND('',#941,.T.);
#635=FACE_OUTER_BOUND('',#942,.T.);
#636=FACE_OUTER_BOUND('',#943,.T.);
#637=FACE_OUTER_BOUND('',#944,.T.);
#638=FACE_OUTER_BOUND('',#945,.T.);
#639=FACE_OUTER_BOUND('',#946,.T.);
#640=FACE_OUTER_BOUND('',#947,.T.);
#641=FACE_OUTER_BOUND('',#948,.T.);
#642=FACE_OUTER_BOUND('',#949,.T.);
#643=FACE_OUTER_BOUND('',#950,.T.);
#644=FACE_OUTER_BOUND('',#951,.T.);
#645=FACE_OUTER_BOUND('',#952,.T.);
#646=FACE_OUTER_BOUND('',#953,.T.);
#647=FACE_OUTER_BOUND('',#954,.T.);
#648=FACE_OUTER_BOUND('',#955,.T.);
#649=FACE_OUTER_BOUND('',#956,.T.);
#650=FACE_OUTER_BOUND('',#957,.T.);
#651=FACE_OUTER_BOUND('',#958,.T.);
#652=FACE_OUTER_BOUND('',#959,.T.);
#653=FACE_OUTER_BOUND('',#960,.T.);
#654=FACE_OUTER_BOUND('',#961,.T.);
#655=FACE_OUTER_BOUND('',#962,.T.);
#656=FACE_OUTER_BOUND('',#963,.T.);
#657=FACE_OUTER_BOUND('',#967,.T.);
#658=FACE_OUTER_BOUND('',#971,.T.);
#659=FACE_OUTER_BOUND('',#972,.T.);
#660=FACE_OUTER_BOUND('',#973,.T.);
#661=FACE_OUTER_BOUND('',#974,.T.);
#662=FACE_OUTER_BOUND('',#975,.T.);
#663=FACE_OUTER_BOUND('',#976,.T.);
#664=FACE_OUTER_BOUND('',#977,.T.);
#665=FACE_OUTER_BOUND('',#978,.T.);
#666=FACE_OUTER_BOUND('',#979,.T.);
#667=FACE_OUTER_BOUND('',#980,.T.);
#668=FACE_OUTER_BOUND('',#981,.T.);
#669=FACE_OUTER_BOUND('',#985,.T.);
#670=FACE_OUTER_BOUND('',#986,.T.);
#671=FACE_OUTER_BOUND('',#987,.T.);
#672=FACE_OUTER_BOUND('',#988,.T.);
#673=FACE_OUTER_BOUND('',#989,.T.);
#674=FACE_OUTER_BOUND('',#990,.T.);
#675=FACE_OUTER_BOUND('',#991,.T.);
#676=FACE_OUTER_BOUND('',#992,.T.);
#677=FACE_OUTER_BOUND('',#993,.T.);
#678=FACE_OUTER_BOUND('',#994,.T.);
#679=FACE_OUTER_BOUND('',#995,.T.);
#680=FACE_OUTER_BOUND('',#996,.T.);
#681=FACE_OUTER_BOUND('',#997,.T.);
#682=FACE_OUTER_BOUND('',#998,.T.);
#683=FACE_OUTER_BOUND('',#999,.T.);
#684=FACE_OUTER_BOUND('',#1000,.T.);
#685=FACE_OUTER_BOUND('',#1001,.T.);
#686=FACE_OUTER_BOUND('',#1002,.T.);
#687=FACE_OUTER_BOUND('',#1003,.T.);
#688=FACE_OUTER_BOUND('',#1004,.T.);
#689=FACE_OUTER_BOUND('',#1005,.T.);
#690=FACE_OUTER_BOUND('',#1006,.T.);
#691=FACE_OUTER_BOUND('',#1007,.T.);
#692=FACE_OUTER_BOUND('',#1008,.T.);
#693=FACE_OUTER_BOUND('',#1009,.T.);
#694=FACE_OUTER_BOUND('',#1010,.T.);
#695=FACE_OUTER_BOUND('',#1011,.T.);
#696=FACE_OUTER_BOUND('',#1012,.T.);
#697=FACE_OUTER_BOUND('',#1013,.T.);
#698=FACE_OUTER_BOUND('',#1014,.T.);
#699=FACE_OUTER_BOUND('',#1015,.T.);
#700=FACE_OUTER_BOUND('',#1016,.T.);
#701=FACE_OUTER_BOUND('',#1017,.T.);
#702=FACE_OUTER_BOUND('',#1018,.T.);
#703=FACE_OUTER_BOUND('',#1019,.T.);
#704=FACE_OUTER_BOUND('',#1020,.T.);
#705=FACE_OUTER_BOUND('',#1021,.T.);
#706=FACE_OUTER_BOUND('',#1022,.T.);
#707=FACE_OUTER_BOUND('',#1023,.T.);
#708=FACE_OUTER_BOUND('',#1024,.T.);
#709=FACE_OUTER_BOUND('',#1025,.T.);
#710=FACE_OUTER_BOUND('',#1026,.T.);
#711=FACE_OUTER_BOUND('',#1027,.T.);
#712=EDGE_LOOP('',(#2863,#2864,#2865,#2866));
#713=EDGE_LOOP('',(#2867,#2868,#2869,#2870));
#714=EDGE_LOOP('',(#2871,#2872,#2873,#2874));
#715=EDGE_LOOP('',(#2875,#2876,#2877,#2878));
#716=EDGE_LOOP('',(#2879,#2880,#2881,#2882));
#717=EDGE_LOOP('',(#2883,#2884,#2885,#2886));
#718=EDGE_LOOP('',(#2887,#2888,#2889,#2890,#2891,#2892));
#719=EDGE_LOOP('',(#2893,#2894,#2895,#2896));
#720=EDGE_LOOP('',(#2897,#2898,#2899,#2900));
#721=EDGE_LOOP('',(#2901,#2902,#2903,#2904,#2905,#2906));
#722=EDGE_LOOP('',(#2907,#2908,#2909,#2910));
#723=EDGE_LOOP('',(#2911,#2912,#2913,#2914,#2915,#2916));
#724=EDGE_LOOP('',(#2917,#2918,#2919,#2920));
#725=EDGE_LOOP('',(#2921,#2922,#2923,#2924,#2925,#2926));
#726=EDGE_LOOP('',(#2927,#2928,#2929,#2930,#2931,#2932,#2933,#2934));
#727=EDGE_LOOP('',(#2935,#2936,#2937,#2938));
#728=EDGE_LOOP('',(#2939,#2940,#2941,#2942,#2943,#2944,#2945,#2946,#2947,
#2948));
#729=EDGE_LOOP('',(#2949,#2950,#2951,#2952,#2953,#2954));
#730=EDGE_LOOP('',(#2955,#2956,#2957,#2958,#2959));
#731=EDGE_LOOP('',(#2960,#2961,#2962,#2963));
#732=EDGE_LOOP('',(#2964,#2965,#2966,#2967,#2968,#2969));
#733=EDGE_LOOP('',(#2970,#2971,#2972,#2973,#2974,#2975,#2976,#2977,#2978,
#2979));
#734=EDGE_LOOP('',(#2980,#2981,#2982,#2983));
#735=EDGE_LOOP('',(#2984,#2985,#2986,#2987));
#736=EDGE_LOOP('',(#2988,#2989,#2990,#2991,#2992));
#737=EDGE_LOOP('',(#2993,#2994,#2995,#2996));
#738=EDGE_LOOP('',(#2997,#2998,#2999,#3000,#3001));
#739=EDGE_LOOP('',(#3002,#3003,#3004,#3005,#3006));
#740=EDGE_LOOP('',(#3007,#3008,#3009,#3010,#3011));
#741=EDGE_LOOP('',(#3012,#3013,#3014,#3015,#3016));
#742=EDGE_LOOP('',(#3017,#3018,#3019,#3020,#3021,#3022));
#743=EDGE_LOOP('',(#3023,#3024,#3025,#3026));
#744=EDGE_LOOP('',(#3027,#3028,#3029,#3030));
#745=EDGE_LOOP('',(#3031,#3032,#3033,#3034));
#746=EDGE_LOOP('',(#3035,#3036,#3037,#3038));
#747=EDGE_LOOP('',(#3039,#3040,#3041,#3042));
#748=EDGE_LOOP('',(#3043,#3044,#3045,#3046));
#749=EDGE_LOOP('',(#3047,#3048,#3049,#3050));
#750=EDGE_LOOP('',(#3051,#3052,#3053,#3054,#3055,#3056,#3057,#3058,#3059,
#3060));
#751=EDGE_LOOP('',(#3061,#3062,#3063,#3064));
#752=EDGE_LOOP('',(#3065,#3066,#3067,#3068));
#753=EDGE_LOOP('',(#3069,#3070,#3071,#3072,#3073,#3074,#3075,#3076));
#754=EDGE_LOOP('',(#3077,#3078,#3079,#3080,#3081,#3082,#3083,#3084));
#755=EDGE_LOOP('',(#3085));
#756=EDGE_LOOP('',(#3086));
#757=EDGE_LOOP('',(#3087));
#758=EDGE_LOOP('',(#3088));
#759=EDGE_LOOP('',(#3089));
#760=EDGE_LOOP('',(#3090));
#761=EDGE_LOOP('',(#3091));
#762=EDGE_LOOP('',(#3092));
#763=EDGE_LOOP('',(#3093));
#764=EDGE_LOOP('',(#3094));
#765=EDGE_LOOP('',(#3095,#3096,#3097,#3098));
#766=EDGE_LOOP('',(#3099,#3100,#3101,#3102));
#767=EDGE_LOOP('',(#3103,#3104,#3105,#3106));
#768=EDGE_LOOP('',(#3107,#3108,#3109,#3110));
#769=EDGE_LOOP('',(#3111,#3112,#3113,#3114));
#770=EDGE_LOOP('',(#3115,#3116,#3117,#3118));
#771=EDGE_LOOP('',(#3119,#3120,#3121,#3122));
#772=EDGE_LOOP('',(#3123,#3124,#3125,#3126));
#773=EDGE_LOOP('',(#3127,#3128,#3129,#3130));
#774=EDGE_LOOP('',(#3131,#3132,#3133,#3134));
#775=EDGE_LOOP('',(#3135,#3136,#3137,#3138));
#776=EDGE_LOOP('',(#3139,#3140,#3141,#3142));
#777=EDGE_LOOP('',(#3143,#3144,#3145,#3146));
#778=EDGE_LOOP('',(#3147,#3148,#3149,#3150));
#779=EDGE_LOOP('',(#3151,#3152,#3153,#3154));
#780=EDGE_LOOP('',(#3155,#3156,#3157,#3158));
#781=EDGE_LOOP('',(#3159,#3160,#3161,#3162));
#782=EDGE_LOOP('',(#3163,#3164,#3165,#3166));
#783=EDGE_LOOP('',(#3167,#3168,#3169,#3170));
#784=EDGE_LOOP('',(#3171,#3172,#3173,#3174));
#785=EDGE_LOOP('',(#3175,#3176,#3177,#3178));
#786=EDGE_LOOP('',(#3179,#3180,#3181,#3182,#3183,#3184,#3185,#3186));
#787=EDGE_LOOP('',(#3187,#3188,#3189,#3190));
#788=EDGE_LOOP('',(#3191,#3192,#3193,#3194));
#789=EDGE_LOOP('',(#3195,#3196,#3197,#3198));
#790=EDGE_LOOP('',(#3199,#3200,#3201,#3202));
#791=EDGE_LOOP('',(#3203,#3204,#3205,#3206,#3207,#3208,#3209,#3210));
#792=EDGE_LOOP('',(#3211,#3212,#3213,#3214,#3215,#3216,#3217,#3218));
#793=EDGE_LOOP('',(#3219));
#794=EDGE_LOOP('',(#3220));
#795=EDGE_LOOP('',(#3221));
#796=EDGE_LOOP('',(#3222));
#797=EDGE_LOOP('',(#3223));
#798=EDGE_LOOP('',(#3224));
#799=EDGE_LOOP('',(#3225));
#800=EDGE_LOOP('',(#3226));
#801=EDGE_LOOP('',(#3227));
#802=EDGE_LOOP('',(#3228));
#803=EDGE_LOOP('',(#3229,#3230,#3231,#3232));
#804=EDGE_LOOP('',(#3233,#3234,#3235,#3236));
#805=EDGE_LOOP('',(#3237));
#806=EDGE_LOOP('',(#3238));
#807=EDGE_LOOP('',(#3239,#3240,#3241,#3242));
#808=EDGE_LOOP('',(#3243));
#809=EDGE_LOOP('',(#3244,#3245,#3246,#3247,#3248,#3249,#3250,#3251));
#810=EDGE_LOOP('',(#3252));
#811=EDGE_LOOP('',(#3253));
#812=EDGE_LOOP('',(#3254,#3255,#3256,#3257));
#813=EDGE_LOOP('',(#3258,#3259,#3260,#3261));
#814=EDGE_LOOP('',(#3262));
#815=EDGE_LOOP('',(#3263));
#816=EDGE_LOOP('',(#3264));
#817=EDGE_LOOP('',(#3265,#3266,#3267,#3268));
#818=EDGE_LOOP('',(#3269));
#819=EDGE_LOOP('',(#3270,#3271,#3272,#3273));
#820=EDGE_LOOP('',(#3274));
#821=EDGE_LOOP('',(#3275,#3276,#3277,#3278));
#822=EDGE_LOOP('',(#3279,#3280,#3281,#3282));
#823=EDGE_LOOP('',(#3283,#3284,#3285,#3286));
#824=EDGE_LOOP('',(#3287,#3288,#3289,#3290));
#825=EDGE_LOOP('',(#3291,#3292,#3293,#3294));
#826=EDGE_LOOP('',(#3295,#3296,#3297,#3298,#3299));
#827=EDGE_LOOP('',(#3300,#3301,#3302,#3303));
#828=EDGE_LOOP('',(#3304,#3305,#3306,#3307));
#829=EDGE_LOOP('',(#3308,#3309,#3310,#3311));
#830=EDGE_LOOP('',(#3312,#3313,#3314,#3315));
#831=EDGE_LOOP('',(#3316,#3317,#3318,#3319,#3320));
#832=EDGE_LOOP('',(#3321,#3322,#3323,#3324));
#833=EDGE_LOOP('',(#3325,#3326,#3327,#3328));
#834=EDGE_LOOP('',(#3329,#3330,#3331,#3332));
#835=EDGE_LOOP('',(#3333,#3334,#3335,#3336));
#836=EDGE_LOOP('',(#3337,#3338,#3339,#3340));
#837=EDGE_LOOP('',(#3341,#3342,#3343,#3344));
#838=EDGE_LOOP('',(#3345,#3346,#3347,#3348));
#839=EDGE_LOOP('',(#3349,#3350,#3351,#3352));
#840=EDGE_LOOP('',(#3353,#3354,#3355,#3356));
#841=EDGE_LOOP('',(#3357,#3358,#3359,#3360));
#842=EDGE_LOOP('',(#3361,#3362,#3363,#3364));
#843=EDGE_LOOP('',(#3365,#3366,#3367,#3368));
#844=EDGE_LOOP('',(#3369,#3370,#3371,#3372,#3373,#3374,#3375,#3376,#3377,
#3378,#3379));
#845=EDGE_LOOP('',(#3380));
#846=EDGE_LOOP('',(#3381));
#847=EDGE_LOOP('',(#3382,#3383,#3384));
#848=EDGE_LOOP('',(#3385,#3386,#3387,#3388));
#849=EDGE_LOOP('',(#3389,#3390,#3391,#3392));
#850=EDGE_LOOP('',(#3393,#3394,#3395,#3396));
#851=EDGE_LOOP('',(#3397,#3398,#3399,#3400));
#852=EDGE_LOOP('',(#3401,#3402,#3403,#3404));
#853=EDGE_LOOP('',(#3405,#3406,#3407,#3408));
#854=EDGE_LOOP('',(#3409,#3410,#3411,#3412));
#855=EDGE_LOOP('',(#3413,#3414,#3415,#3416));
#856=EDGE_LOOP('',(#3417,#3418,#3419,#3420,#3421,#3422,#3423,#3424));
#857=EDGE_LOOP('',(#3425));
#858=EDGE_LOOP('',(#3426,#3427,#3428,#3429,#3430));
#859=EDGE_LOOP('',(#3431));
#860=EDGE_LOOP('',(#3432));
#861=EDGE_LOOP('',(#3433,#3434,#3435,#3436,#3437));
#862=EDGE_LOOP('',(#3438));
#863=EDGE_LOOP('',(#3439));
#864=EDGE_LOOP('',(#3440,#3441,#3442,#3443,#3444));
#865=EDGE_LOOP('',(#3445));
#866=EDGE_LOOP('',(#3446));
#867=EDGE_LOOP('',(#3447,#3448,#3449,#3450,#3451));
#868=EDGE_LOOP('',(#3452));
#869=EDGE_LOOP('',(#3453));
#870=EDGE_LOOP('',(#3454,#3455,#3456,#3457,#3458));
#871=EDGE_LOOP('',(#3459));
#872=EDGE_LOOP('',(#3460));
#873=EDGE_LOOP('',(#3461,#3462,#3463,#3464,#3465));
#874=EDGE_LOOP('',(#3466));
#875=EDGE_LOOP('',(#3467));
#876=EDGE_LOOP('',(#3468,#3469,#3470,#3471));
#877=EDGE_LOOP('',(#3472));
#878=EDGE_LOOP('',(#3473));
#879=EDGE_LOOP('',(#3474,#3475,#3476,#3477));
#880=EDGE_LOOP('',(#3478));
#881=EDGE_LOOP('',(#3479));
#882=EDGE_LOOP('',(#3480,#3481,#3482,#3483,#3484));
#883=EDGE_LOOP('',(#3485));
#884=EDGE_LOOP('',(#3486));
#885=EDGE_LOOP('',(#3487,#3488,#3489,#3490,#3491));
#886=EDGE_LOOP('',(#3492));
#887=EDGE_LOOP('',(#3493));
#888=EDGE_LOOP('',(#3494,#3495,#3496,#3497));
#889=EDGE_LOOP('',(#3498,#3499,#3500,#3501));
#890=EDGE_LOOP('',(#3502,#3503,#3504,#3505));
#891=EDGE_LOOP('',(#3506,#3507,#3508,#3509));
#892=EDGE_LOOP('',(#3510,#3511,#3512,#3513));
#893=EDGE_LOOP('',(#3514,#3515,#3516,#3517));
#894=EDGE_LOOP('',(#3518,#3519,#3520,#3521));
#895=EDGE_LOOP('',(#3522,#3523,#3524,#3525));
#896=EDGE_LOOP('',(#3526,#3527,#3528,#3529));
#897=EDGE_LOOP('',(#3530,#3531,#3532,#3533));
#898=EDGE_LOOP('',(#3534,#3535,#3536,#3537,#3538,#3539,#3540,#3541));
#899=EDGE_LOOP('',(#3542,#3543,#3544,#3545,#3546,#3547,#3548,#3549));
#900=EDGE_LOOP('',(#3550));
#901=EDGE_LOOP('',(#3551));
#902=EDGE_LOOP('',(#3552));
#903=EDGE_LOOP('',(#3553));
#904=EDGE_LOOP('',(#3554));
#905=EDGE_LOOP('',(#3555));
#906=EDGE_LOOP('',(#3556));
#907=EDGE_LOOP('',(#3557));
#908=EDGE_LOOP('',(#3558));
#909=EDGE_LOOP('',(#3559));
#910=EDGE_LOOP('',(#3560,#3561,#3562));
#911=EDGE_LOOP('',(#3563,#3564,#3565,#3566));
#912=EDGE_LOOP('',(#3567,#3568,#3569));
#913=EDGE_LOOP('',(#3570,#3571,#3572,#3573));
#914=EDGE_LOOP('',(#3574,#3575,#3576,#3577));
#915=EDGE_LOOP('',(#3578,#3579,#3580,#3581));
#916=EDGE_LOOP('',(#3582,#3583,#3584,#3585));
#917=EDGE_LOOP('',(#3586,#3587,#3588,#3589));
#918=EDGE_LOOP('',(#3590,#3591,#3592));
#919=EDGE_LOOP('',(#3593,#3594,#3595));
#920=EDGE_LOOP('',(#3596,#3597,#3598,#3599));
#921=EDGE_LOOP('',(#3600,#3601,#3602,#3603));
#922=EDGE_LOOP('',(#3604,#3605,#3606,#3607));
#923=EDGE_LOOP('',(#3608));
#924=EDGE_LOOP('',(#3609,#3610,#3611,#3612));
#925=EDGE_LOOP('',(#3613,#3614));
#926=EDGE_LOOP('',(#3615,#3616));
#927=EDGE_LOOP('',(#3617,#3618,#3619,#3620));
#928=EDGE_LOOP('',(#3621,#3622,#3623,#3624));
#929=EDGE_LOOP('',(#3625,#3626));
#930=EDGE_LOOP('',(#3627,#3628));
#931=EDGE_LOOP('',(#3629,#3630));
#932=EDGE_LOOP('',(#3631,#3632,#3633,#3634));
#933=EDGE_LOOP('',(#3635,#3636,#3637,#3638));
#934=EDGE_LOOP('',(#3639));
#935=EDGE_LOOP('',(#3640));
#936=EDGE_LOOP('',(#3641,#3642,#3643,#3644));
#937=EDGE_LOOP('',(#3645,#3646,#3647,#3648));
#938=EDGE_LOOP('',(#3649,#3650));
#939=EDGE_LOOP('',(#3651,#3652));
#940=EDGE_LOOP('',(#3653,#3654));
#941=EDGE_LOOP('',(#3655,#3656,#3657,#3658));
#942=EDGE_LOOP('',(#3659,#3660,#3661,#3662));
#943=EDGE_LOOP('',(#3663,#3664,#3665,#3666));
#944=EDGE_LOOP('',(#3667,#3668,#3669,#3670));
#945=EDGE_LOOP('',(#3671,#3672,#3673,#3674));
#946=EDGE_LOOP('',(#3675,#3676,#3677,#3678));
#947=EDGE_LOOP('',(#3679,#3680,#3681,#3682));
#948=EDGE_LOOP('',(#3683,#3684,#3685,#3686));
#949=EDGE_LOOP('',(#3687,#3688,#3689,#3690));
#950=EDGE_LOOP('',(#3691,#3692,#3693,#3694));
#951=EDGE_LOOP('',(#3695,#3696,#3697,#3698));
#952=EDGE_LOOP('',(#3699,#3700,#3701,#3702));
#953=EDGE_LOOP('',(#3703,#3704,#3705,#3706));
#954=EDGE_LOOP('',(#3707,#3708,#3709,#3710));
#955=EDGE_LOOP('',(#3711,#3712,#3713,#3714));
#956=EDGE_LOOP('',(#3715,#3716,#3717,#3718));
#957=EDGE_LOOP('',(#3719,#3720,#3721,#3722));
#958=EDGE_LOOP('',(#3723,#3724,#3725,#3726));
#959=EDGE_LOOP('',(#3727,#3728,#3729,#3730));
#960=EDGE_LOOP('',(#3731,#3732,#3733,#3734));
#961=EDGE_LOOP('',(#3735,#3736,#3737,#3738));
#962=EDGE_LOOP('',(#3739,#3740,#3741,#3742));
#963=EDGE_LOOP('',(#3743,#3744,#3745,#3746,#3747,#3748,#3749,#3750,#3751,
#3752,#3753,#3754));
#964=EDGE_LOOP('',(#3755,#3756,#3757));
#965=EDGE_LOOP('',(#3758));
#966=EDGE_LOOP('',(#3759));
#967=EDGE_LOOP('',(#3760,#3761,#3762,#3763,#3764,#3765,#3766,#3767,#3768,
#3769,#3770,#3771));
#968=EDGE_LOOP('',(#3772,#3773,#3774));
#969=EDGE_LOOP('',(#3775));
#970=EDGE_LOOP('',(#3776));
#971=EDGE_LOOP('',(#3777,#3778,#3779,#3780,#3781,#3782));
#972=EDGE_LOOP('',(#3783,#3784,#3785,#3786,#3787,#3788));
#973=EDGE_LOOP('',(#3789,#3790,#3791,#3792,#3793,#3794));
#974=EDGE_LOOP('',(#3795,#3796,#3797,#3798,#3799,#3800));
#975=EDGE_LOOP('',(#3801,#3802,#3803,#3804,#3805,#3806));
#976=EDGE_LOOP('',(#3807,#3808,#3809,#3810,#3811,#3812));
#977=EDGE_LOOP('',(#3813,#3814,#3815,#3816,#3817,#3818));
#978=EDGE_LOOP('',(#3819,#3820,#3821,#3822,#3823,#3824));
#979=EDGE_LOOP('',(#3825,#3826,#3827,#3828,#3829,#3830));
#980=EDGE_LOOP('',(#3831,#3832,#3833,#3834,#3835,#3836));
#981=EDGE_LOOP('',(#3837,#3838,#3839,#3840,#3841,#3842,#3843,#3844,#3845,
#3846,#3847,#3848,#3849,#3850,#3851,#3852,#3853,#3854,#3855,#3856,#3857,
#3858,#3859,#3860,#3861,#3862,#3863,#3864,#3865,#3866,#3867,#3868,#3869,
#3870,#3871,#3872));
#982=EDGE_LOOP('',(#3873,#3874,#3875,#3876));
#983=EDGE_LOOP('',(#3877,#3878,#3879,#3880,#3881,#3882,#3883,#3884,#3885));
#984=EDGE_LOOP('',(#3886,#3887,#3888,#3889,#3890,#3891,#3892,#3893));
#985=EDGE_LOOP('',(#3894,#3895,#3896,#3897));
#986=EDGE_LOOP('',(#3898,#3899,#3900,#3901));
#987=EDGE_LOOP('',(#3902,#3903,#3904,#3905));
#988=EDGE_LOOP('',(#3906,#3907,#3908,#3909));
#989=EDGE_LOOP('',(#3910,#3911,#3912,#3913));
#990=EDGE_LOOP('',(#3914,#3915,#3916,#3917));
#991=EDGE_LOOP('',(#3918,#3919,#3920,#3921));
#992=EDGE_LOOP('',(#3922,#3923,#3924,#3925));
#993=EDGE_LOOP('',(#3926,#3927,#3928,#3929));
#994=EDGE_LOOP('',(#3930,#3931,#3932,#3933));
#995=EDGE_LOOP('',(#3934,#3935,#3936,#3937));
#996=EDGE_LOOP('',(#3938,#3939,#3940,#3941));
#997=EDGE_LOOP('',(#3942,#3943,#3944,#3945));
#998=EDGE_LOOP('',(#3946,#3947,#3948,#3949));
#999=EDGE_LOOP('',(#3950,#3951,#3952,#3953));
#1000=EDGE_LOOP('',(#3954,#3955,#3956,#3957));
#1001=EDGE_LOOP('',(#3958,#3959,#3960,#3961));
#1002=EDGE_LOOP('',(#3962,#3963,#3964,#3965));
#1003=EDGE_LOOP('',(#3966,#3967,#3968,#3969));
#1004=EDGE_LOOP('',(#3970,#3971,#3972,#3973));
#1005=EDGE_LOOP('',(#3974,#3975,#3976,#3977));
#1006=EDGE_LOOP('',(#3978,#3979,#3980,#3981));
#1007=EDGE_LOOP('',(#3982,#3983,#3984,#3985));
#1008=EDGE_LOOP('',(#3986,#3987,#3988,#3989));
#1009=EDGE_LOOP('',(#3990,#3991,#3992,#3993));
#1010=EDGE_LOOP('',(#3994,#3995,#3996,#3997));
#1011=EDGE_LOOP('',(#3998,#3999,#4000,#4001));
#1012=EDGE_LOOP('',(#4002,#4003,#4004,#4005,#4006,#4007,#4008,#4009));
#1013=EDGE_LOOP('',(#4010,#4011,#4012,#4013));
#1014=EDGE_LOOP('',(#4014,#4015,#4016,#4017,#4018,#4019,#4020,#4021,#4022,
#4023));
#1015=EDGE_LOOP('',(#4024,#4025,#4026,#4027));
#1016=EDGE_LOOP('',(#4028,#4029,#4030,#4031,#4032,#4033,#4034,#4035,#4036,
#4037));
#1017=EDGE_LOOP('',(#4038,#4039,#4040,#4041));
#1018=EDGE_LOOP('',(#4042,#4043,#4044,#4045,#4046,#4047,#4048,#4049,#4050,
#4051));
#1019=EDGE_LOOP('',(#4052,#4053,#4054,#4055,#4056,#4057));
#1020=EDGE_LOOP('',(#4058,#4059,#4060,#4061,#4062,#4063));
#1021=EDGE_LOOP('',(#4064,#4065,#4066,#4067,#4068,#4069));
#1022=EDGE_LOOP('',(#4070,#4071,#4072,#4073,#4074,#4075));
#1023=EDGE_LOOP('',(#4076,#4077,#4078,#4079));
#1024=EDGE_LOOP('',(#4080,#4081,#4082,#4083));
#1025=EDGE_LOOP('',(#4084,#4085,#4086,#4087));
#1026=EDGE_LOOP('',(#4088,#4089,#4090,#4091));
#1027=EDGE_LOOP('',(#4092,#4093,#4094,#4095,#4096,#4097,#4098,#4099));
#1028=EDGE_LOOP('',(#4100,#4101,#4102,#4103,#4104,#4105,#4106,#4107,#4108));
#1029=EDGE_LOOP('',(#4109,#4110,#4111,#4112,#4113,#4114,#4115,#4116));
#1030=EDGE_LOOP('',(#4117,#4118,#4119,#4120));
#1031=EDGE_LOOP('',(#4121));
#1032=EDGE_LOOP('',(#4122));
#1033=EDGE_LOOP('',(#4123));
#1034=EDGE_LOOP('',(#4124));
#1035=EDGE_LOOP('',(#4125));
#1036=EDGE_LOOP('',(#4126));
#1037=EDGE_LOOP('',(#4127));
#1038=EDGE_LOOP('',(#4128));
#1039=EDGE_LOOP('',(#4129));
#1040=EDGE_LOOP('',(#4130));
#1041=LINE('',#6180,#1429);
#1042=LINE('',#6182,#1430);
#1043=LINE('',#6184,#1431);
#1044=LINE('',#6185,#1432);
#1045=LINE('',#6188,#1433);
#1046=LINE('',#6190,#1434);
#1047=LINE('',#6191,#1435);
#1048=LINE('',#6194,#1436);
#1049=LINE('',#6196,#1437);
#1050=LINE('',#6197,#1438);
#1051=LINE('',#6201,#1439);
#1052=LINE('',#6203,#1440);
#1053=LINE('',#6205,#1441);
#1054=LINE('',#6206,#1442);
#1055=LINE('',#6209,#1443);
#1056=LINE('',#6211,#1444);
#1057=LINE('',#6212,#1445);
#1058=LINE('',#6215,#1446);
#1059=LINE('',#6217,#1447);
#1060=LINE('',#6218,#1448);
#1061=LINE('',#6221,#1449);
#1062=LINE('',#6222,#1450);
#1063=LINE('',#6224,#1451);
#1064=LINE('',#6225,#1452);
#1065=LINE('',#6228,#1453);
#1066=LINE('',#6230,#1454);
#1067=LINE('',#6231,#1455);
#1068=LINE('',#6235,#1456);
#1069=LINE('',#6237,#1457);
#1070=LINE('',#6239,#1458);
#1071=LINE('',#6240,#1459);
#1072=LINE('',#6243,#1460);
#1073=LINE('',#6245,#1461);
#1074=LINE('',#6246,#1462);
#1075=LINE('',#6247,#1463);
#1076=LINE('',#6250,#1464);
#1077=LINE('',#6252,#1465);
#1078=LINE('',#6253,#1466);
#1079=LINE('',#6256,#1467);
#1080=LINE('',#6257,#1468);
#1081=LINE('',#6259,#1469);
#1082=LINE('',#6260,#1470);
#1083=LINE('',#6263,#1471);
#1084=LINE('',#6264,#1472);
#1085=LINE('',#6267,#1473);
#1086=LINE('',#6268,#1474);
#1087=LINE('',#6269,#1475);
#1088=LINE('',#6274,#1476);
#1089=LINE('',#6276,#1477);
#1090=LINE('',#6278,#1478);
#1091=LINE('',#6279,#1479);
#1092=LINE('',#6281,#1480);
#1093=LINE('',#6283,#1481);
#1094=LINE('',#6285,#1482);
#1095=LINE('',#6287,#1483);
#1096=LINE('',#6288,#1484);
#1097=LINE('',#6291,#1485);
#1098=LINE('',#6292,#1486);
#1099=LINE('',#6298,#1487);
#1100=LINE('',#6300,#1488);
#1101=LINE('',#6302,#1489);
#1102=LINE('',#6303,#1490);
#1103=LINE('',#6306,#1491);
#1104=LINE('',#6308,#1492);
#1105=LINE('',#6309,#1493);
#1106=LINE('',#6312,#1494);
#1107=LINE('',#6313,#1495);
#1108=LINE('',#6316,#1496);
#1109=LINE('',#6318,#1497);
#1110=LINE('',#6320,#1498);
#1111=LINE('',#6322,#1499);
#1112=LINE('',#6323,#1500);
#1113=LINE('',#6326,#1501);
#1114=LINE('',#6328,#1502);
#1115=LINE('',#6329,#1503);
#1116=LINE('',#6332,#1504);
#1117=LINE('',#6333,#1505);
#1118=LINE('',#6338,#1506);
#1119=LINE('',#6339,#1507);
#1120=LINE('',#6341,#1508);
#1121=LINE('',#6342,#1509);
#1122=LINE('',#6345,#1510);
#1123=LINE('',#6346,#1511);
#1124=LINE('',#6349,#1512);
#1125=LINE('',#6350,#1513);
#1126=LINE('',#6353,#1514);
#1127=LINE('',#6354,#1515);
#1128=LINE('',#6357,#1516);
#1129=LINE('',#6358,#1517);
#1130=LINE('',#6360,#1518);
#1131=LINE('',#6365,#1519);
#1132=LINE('',#6371,#1520);
#1133=LINE('',#6377,#1521);
#1134=LINE('',#6383,#1522);
#1135=LINE('',#6389,#1523);
#1136=LINE('',#6395,#1524);
#1137=LINE('',#6401,#1525);
#1138=LINE('',#6406,#1526);
#1139=LINE('',#6408,#1527);
#1140=LINE('',#6414,#1528);
#1141=LINE('',#6420,#1529);
#1142=LINE('',#6427,#1530);
#1143=LINE('',#6431,#1531);
#1144=LINE('',#6435,#1532);
#1145=LINE('',#6438,#1533);
#1146=LINE('',#6443,#1534);
#1147=LINE('',#6448,#1535);
#1148=LINE('',#6451,#1536);
#1149=LINE('',#6456,#1537);
#1150=LINE('',#6457,#1538);
#1151=LINE('',#6462,#1539);
#1152=LINE('',#6463,#1540);
#1153=LINE('',#6466,#1541);
#1154=LINE('',#6467,#1542);
#1155=LINE('',#6471,#1543);
#1156=LINE('',#6473,#1544);
#1157=LINE('',#6476,#1545);
#1158=LINE('',#6477,#1546);
#1159=LINE('',#6481,#1547);
#1160=LINE('',#6484,#1548);
#1161=LINE('',#6485,#1549);
#1162=LINE('',#6489,#1550);
#1163=LINE('',#6492,#1551);
#1164=LINE('',#6493,#1552);
#1165=LINE('',#6499,#1553);
#1166=LINE('',#6505,#1554);
#1167=LINE('',#6573,#1555);
#1168=LINE('',#6576,#1556);
#1169=LINE('',#6577,#1557);
#1170=LINE('',#6581,#1558);
#1171=LINE('',#6583,#1559);
#1172=LINE('',#6618,#1560);
#1173=LINE('',#6653,#1561);
#1174=LINE('',#6659,#1562);
#1175=LINE('',#6665,#1563);
#1176=LINE('',#6671,#1564);
#1177=LINE('',#6673,#1565);
#1178=LINE('',#6675,#1566);
#1179=LINE('',#6676,#1567);
#1180=LINE('',#6681,#1568);
#1181=LINE('',#6683,#1569);
#1182=LINE('',#6685,#1570);
#1183=LINE('',#6687,#1571);
#1184=LINE('',#6691,#1572);
#1185=LINE('',#6694,#1573);
#1186=LINE('',#6701,#1574);
#1187=LINE('',#6705,#1575);
#1188=LINE('',#6713,#1576);
#1189=LINE('',#6720,#1577);
#1190=LINE('',#6726,#1578);
#1191=LINE('',#6728,#1579);
#1192=LINE('',#6730,#1580);
#1193=LINE('',#6731,#1581);
#1194=LINE('',#6734,#1582);
#1195=LINE('',#6736,#1583);
#1196=LINE('',#6737,#1584);
#1197=LINE('',#6740,#1585);
#1198=LINE('',#6742,#1586);
#1199=LINE('',#6743,#1587);
#1200=LINE('',#6745,#1588);
#1201=LINE('',#6747,#1589);
#1202=LINE('',#6751,#1590);
#1203=LINE('',#6753,#1591);
#1204=LINE('',#6755,#1592);
#1205=LINE('',#6757,#1593);
#1206=LINE('',#6758,#1594);
#1207=LINE('',#6761,#1595);
#1208=LINE('',#6763,#1596);
#1209=LINE('',#6764,#1597);
#1210=LINE('',#6767,#1598);
#1211=LINE('',#6769,#1599);
#1212=LINE('',#6770,#1600);
#1213=LINE('',#6773,#1601);
#1214=LINE('',#6774,#1602);
#1215=LINE('',#6776,#1603);
#1216=LINE('',#6778,#1604);
#1217=LINE('',#6781,#1605);
#1218=LINE('',#6783,#1606);
#1219=LINE('',#6784,#1607);
#1220=LINE('',#6787,#1608);
#1221=LINE('',#6788,#1609);
#1222=LINE('',#6791,#1610);
#1223=LINE('',#6792,#1611);
#1224=LINE('',#6795,#1612);
#1225=LINE('',#6797,#1613);
#1226=LINE('',#6798,#1614);
#1227=LINE('',#6804,#1615);
#1228=LINE('',#6806,#1616);
#1229=LINE('',#6807,#1617);
#1230=LINE('',#6808,#1618);
#1231=LINE('',#6811,#1619);
#1232=LINE('',#6812,#1620);
#1233=LINE('',#6816,#1621);
#1234=LINE('',#6819,#1622);
#1235=LINE('',#6820,#1623);
#1236=LINE('',#6824,#1624);
#1237=LINE('',#6826,#1625);
#1238=LINE('',#6834,#1626);
#1239=LINE('',#6836,#1627);
#1240=LINE('',#6837,#1628);
#1241=LINE('',#6840,#1629);
#1242=LINE('',#6842,#1630);
#1243=LINE('',#6843,#1631);
#1244=LINE('',#6846,#1632);
#1245=LINE('',#6848,#1633);
#1246=LINE('',#6849,#1634);
#1247=LINE('',#6852,#1635);
#1248=LINE('',#6858,#1636);
#1249=LINE('',#6861,#1637);
#1250=LINE('',#6865,#1638);
#1251=LINE('',#6869,#1639);
#1252=LINE('',#6873,#1640);
#1253=LINE('',#6877,#1641);
#1254=LINE('',#6923,#1642);
#1255=LINE('',#6972,#1643);
#1256=LINE('',#7021,#1644);
#1257=LINE('',#7070,#1645);
#1258=LINE('',#7119,#1646);
#1259=LINE('',#7168,#1647);
#1260=LINE('',#7214,#1648);
#1261=LINE('',#7260,#1649);
#1262=LINE('',#7309,#1650);
#1263=LINE('',#7358,#1651);
#1264=LINE('',#7366,#1652);
#1265=LINE('',#7370,#1653);
#1266=LINE('',#7374,#1654);
#1267=LINE('',#7378,#1655);
#1268=LINE('',#7382,#1656);
#1269=LINE('',#7386,#1657);
#1270=LINE('',#7390,#1658);
#1271=LINE('',#7394,#1659);
#1272=LINE('',#7398,#1660);
#1273=LINE('',#7402,#1661);
#1274=LINE('',#7408,#1662);
#1275=LINE('',#7412,#1663);
#1276=LINE('',#7416,#1664);
#1277=LINE('',#7419,#1665);
#1278=LINE('',#7433,#1666);
#1279=LINE('',#7446,#1667);
#1280=LINE('',#7459,#1668);
#1281=LINE('',#7471,#1669);
#1282=LINE('',#7541,#1670);
#1283=LINE('',#7544,#1671);
#1284=LINE('',#7547,#1672);
#1285=LINE('',#7548,#1673);
#1286=LINE('',#7551,#1674);
#1287=LINE('',#7555,#1675);
#1288=LINE('',#7556,#1676);
#1289=LINE('',#7653,#1677);
#1290=LINE('',#7668,#1678);
#1291=LINE('',#7679,#1679);
#1292=LINE('',#7681,#1680);
#1293=LINE('',#7683,#1681);
#1294=LINE('',#7689,#1682);
#1295=LINE('',#7695,#1683);
#1296=LINE('',#7702,#1684);
#1297=LINE('',#7705,#1685);
#1298=LINE('',#7708,#1686);
#1299=LINE('',#7710,#1687);
#1300=LINE('',#7711,#1688);
#1301=LINE('',#7713,#1689);
#1302=LINE('',#7714,#1690);
#1303=LINE('',#7718,#1691);
#1304=LINE('',#7720,#1692);
#1305=LINE('',#7722,#1693);
#1306=LINE('',#7723,#1694);
#1307=LINE('',#7726,#1695);
#1308=LINE('',#7728,#1696);
#1309=LINE('',#7729,#1697);
#1310=LINE('',#7732,#1698);
#1311=LINE('',#7734,#1699);
#1312=LINE('',#7735,#1700);
#1313=LINE('',#7738,#1701);
#1314=LINE('',#7740,#1702);
#1315=LINE('',#7741,#1703);
#1316=LINE('',#7744,#1704);
#1317=LINE('',#7746,#1705);
#1318=LINE('',#7747,#1706);
#1319=LINE('',#7750,#1707);
#1320=LINE('',#7752,#1708);
#1321=LINE('',#7753,#1709);
#1322=LINE('',#7756,#1710);
#1323=LINE('',#7758,#1711);
#1324=LINE('',#7759,#1712);
#1325=LINE('',#7762,#1713);
#1326=LINE('',#7764,#1714);
#1327=LINE('',#7765,#1715);
#1328=LINE('',#7768,#1716);
#1329=LINE('',#7770,#1717);
#1330=LINE('',#7771,#1718);
#1331=LINE('',#7774,#1719);
#1332=LINE('',#7776,#1720);
#1333=LINE('',#7777,#1721);
#1334=LINE('',#7780,#1722);
#1335=LINE('',#7782,#1723);
#1336=LINE('',#7783,#1724);
#1337=LINE('',#7793,#1725);
#1338=LINE('',#7817,#1726);
#1339=LINE('',#7845,#1727);
#1340=LINE('',#7869,#1728);
#1341=LINE('',#7893,#1729);
#1342=LINE('',#7921,#1730);
#1343=LINE('',#7949,#1731);
#1344=LINE('',#7973,#1732);
#1345=LINE('',#7997,#1733);
#1346=LINE('',#8025,#1734);
#1347=LINE('',#8047,#1735);
#1348=LINE('',#8050,#1736);
#1349=LINE('',#8051,#1737);
#1350=LINE('',#8053,#1738);
#1351=LINE('',#8056,#1739);
#1352=LINE('',#8057,#1740);
#1353=LINE('',#8058,#1741);
#1354=LINE('',#8060,#1742);
#1355=LINE('',#8063,#1743);
#1356=LINE('',#8064,#1744);
#1357=LINE('',#8066,#1745);
#1358=LINE('',#8069,#1746);
#1359=LINE('',#8070,#1747);
#1360=LINE('',#8071,#1748);
#1361=LINE('',#8074,#1749);
#1362=LINE('',#8076,#1750);
#1363=LINE('',#8078,#1751);
#1364=LINE('',#8079,#1752);
#1365=LINE('',#8082,#1753);
#1366=LINE('',#8084,#1754);
#1367=LINE('',#8088,#1755);
#1368=LINE('',#8090,#1756);
#1369=LINE('',#8092,#1757);
#1370=LINE('',#8094,#1758);
#1371=LINE('',#8097,#1759);
#1372=LINE('',#8100,#1760);
#1373=LINE('',#8102,#1761);
#1374=LINE('',#8106,#1762);
#1375=LINE('',#8108,#1763);
#1376=LINE('',#8110,#1764);
#1377=LINE('',#8113,#1765);
#1378=LINE('',#8117,#1766);
#1379=LINE('',#8153,#1767);
#1380=LINE('',#8156,#1768);
#1381=LINE('',#8158,#1769);
#1382=LINE('',#8159,#1770);
#1383=LINE('',#8162,#1771);
#1384=LINE('',#8166,#1772);
#1385=LINE('',#8167,#1773);
#1386=LINE('',#8171,#1774);
#1387=LINE('',#8209,#1775);
#1388=LINE('',#8211,#1776);
#1389=LINE('',#8214,#1777);
#1390=LINE('',#8216,#1778);
#1391=LINE('',#8217,#1779);
#1392=LINE('',#8220,#1780);
#1393=LINE('',#8224,#1781);
#1394=LINE('',#8225,#1782);
#1395=LINE('',#8228,#1783);
#1396=LINE('',#8229,#1784);
#1397=LINE('',#8233,#1785);
#1398=LINE('',#8269,#1786);
#1399=LINE('',#8272,#1787);
#1400=LINE('',#8274,#1788);
#1401=LINE('',#8275,#1789);
#1402=LINE('',#8278,#1790);
#1403=LINE('',#8282,#1791);
#1404=LINE('',#8283,#1792);
#1405=LINE('',#8287,#1793);
#1406=LINE('',#8323,#1794);
#1407=LINE('',#8326,#1795);
#1408=LINE('',#8328,#1796);
#1409=LINE('',#8329,#1797);
#1410=LINE('',#8332,#1798);
#1411=LINE('',#8336,#1799);
#1412=LINE('',#8337,#1800);
#1413=LINE('',#8346,#1801);
#1414=LINE('',#8354,#1802);
#1415=LINE('',#8362,#1803);
#1416=LINE('',#8369,#1804);
#1417=LINE('',#8371,#1805);
#1418=LINE('',#8373,#1806);
#1419=LINE('',#8375,#1807);
#1420=LINE('',#8377,#1808);
#1421=LINE('',#8381,#1809);
#1422=LINE('',#8382,#1810);
#1423=LINE('',#8383,#1811);
#1424=LINE('',#8386,#1812);
#1425=LINE('',#8387,#1813);
#1426=LINE('',#8390,#1814);
#1427=LINE('',#8391,#1815);
#1428=LINE('',#8393,#1816);
#1429=VECTOR('',#4938,10.);
#1430=VECTOR('',#4939,10.);
#1431=VECTOR('',#4940,10.);
#1432=VECTOR('',#4941,10.);
#1433=VECTOR('',#4944,10.);
#1434=VECTOR('',#4945,10.);
#1435=VECTOR('',#4946,10.);
#1436=VECTOR('',#4949,10.);
#1437=VECTOR('',#4950,10.);
#1438=VECTOR('',#4951,10.);
#1439=VECTOR('',#4954,10.);
#1440=VECTOR('',#4955,10.);
#1441=VECTOR('',#4956,10.);
#1442=VECTOR('',#4957,10.);
#1443=VECTOR('',#4960,10.);
#1444=VECTOR('',#4961,10.);
#1445=VECTOR('',#4962,10.);
#1446=VECTOR('',#4965,10.);
#1447=VECTOR('',#4966,10.);
#1448=VECTOR('',#4967,10.);
#1449=VECTOR('',#4970,10.);
#1450=VECTOR('',#4971,10.);
#1451=VECTOR('',#4972,10.);
#1452=VECTOR('',#4973,10.);
#1453=VECTOR('',#4976,10.);
#1454=VECTOR('',#4977,10.);
#1455=VECTOR('',#4978,10.);
#1456=VECTOR('',#4981,10.);
#1457=VECTOR('',#4982,10.);
#1458=VECTOR('',#4983,10.);
#1459=VECTOR('',#4984,10.);
#1460=VECTOR('',#4987,10.);
#1461=VECTOR('',#4988,10.);
#1462=VECTOR('',#4989,10.);
#1463=VECTOR('',#4990,10.);
#1464=VECTOR('',#4993,10.);
#1465=VECTOR('',#4994,10.);
#1466=VECTOR('',#4995,10.);
#1467=VECTOR('',#4998,10.);
#1468=VECTOR('',#4999,10.);
#1469=VECTOR('',#5000,10.);
#1470=VECTOR('',#5001,10.);
#1471=VECTOR('',#5004,10.);
#1472=VECTOR('',#5005,10.);
#1473=VECTOR('',#5008,10.);
#1474=VECTOR('',#5009,10.);
#1475=VECTOR('',#5010,10.);
#1476=VECTOR('',#5015,10.);
#1477=VECTOR('',#5016,10.);
#1478=VECTOR('',#5017,10.);
#1479=VECTOR('',#5018,10.);
#1480=VECTOR('',#5019,10.);
#1481=VECTOR('',#5020,10.);
#1482=VECTOR('',#5021,10.);
#1483=VECTOR('',#5022,10.);
#1484=VECTOR('',#5023,10.);
#1485=VECTOR('',#5026,10.);
#1486=VECTOR('',#5027,10.);
#1487=VECTOR('',#5032,10.);
#1488=VECTOR('',#5033,10.);
#1489=VECTOR('',#5034,10.);
#1490=VECTOR('',#5035,10.);
#1491=VECTOR('',#5038,10.);
#1492=VECTOR('',#5039,10.);
#1493=VECTOR('',#5040,10.);
#1494=VECTOR('',#5043,10.);
#1495=VECTOR('',#5044,10.);
#1496=VECTOR('',#5047,10.);
#1497=VECTOR('',#5048,10.);
#1498=VECTOR('',#5049,10.);
#1499=VECTOR('',#5050,10.);
#1500=VECTOR('',#5051,10.);
#1501=VECTOR('',#5054,10.);
#1502=VECTOR('',#5055,10.);
#1503=VECTOR('',#5056,10.);
#1504=VECTOR('',#5059,10.);
#1505=VECTOR('',#5060,10.);
#1506=VECTOR('',#5065,10.);
#1507=VECTOR('',#5066,10.);
#1508=VECTOR('',#5069,10.);
#1509=VECTOR('',#5070,10.);
#1510=VECTOR('',#5073,10.);
#1511=VECTOR('',#5074,10.);
#1512=VECTOR('',#5077,10.);
#1513=VECTOR('',#5078,10.);
#1514=VECTOR('',#5081,10.);
#1515=VECTOR('',#5082,10.);
#1516=VECTOR('',#5085,10.);
#1517=VECTOR('',#5086,10.);
#1518=VECTOR('',#5089,10.);
#1519=VECTOR('',#5094,0.975000000000001);
#1520=VECTOR('',#5101,0.975000000000001);
#1521=VECTOR('',#5108,0.975000000000001);
#1522=VECTOR('',#5115,0.975000000000001);
#1523=VECTOR('',#5122,0.975000000000001);
#1524=VECTOR('',#5129,0.975000000000001);
#1525=VECTOR('',#5136,0.975000000000001);
#1526=VECTOR('',#5143,0.975000000000002);
#1527=VECTOR('',#5144,0.975000000000001);
#1528=VECTOR('',#5151,0.975);
#1529=VECTOR('',#5158,0.975000000000001);
#1530=VECTOR('',#5165,10.);
#1531=VECTOR('',#5168,10.);
#1532=VECTOR('',#5171,10.);
#1533=VECTOR('',#5174,10.);
#1534=VECTOR('',#5177,10.);
#1535=VECTOR('',#5182,10.);
#1536=VECTOR('',#5185,10.);
#1537=VECTOR('',#5190,10.);
#1538=VECTOR('',#5191,10.);
#1539=VECTOR('',#5196,10.);
#1540=VECTOR('',#5197,10.);
#1541=VECTOR('',#5200,10.);
#1542=VECTOR('',#5201,10.);
#1543=VECTOR('',#5206,10.);
#1544=VECTOR('',#5209,10.);
#1545=VECTOR('',#5212,10.);
#1546=VECTOR('',#5213,10.);
#1547=VECTOR('',#5218,10.);
#1548=VECTOR('',#5221,10.);
#1549=VECTOR('',#5222,10.);
#1550=VECTOR('',#5227,10.);
#1551=VECTOR('',#5230,10.);
#1552=VECTOR('',#5231,10.);
#1553=VECTOR('',#5238,10.);
#1554=VECTOR('',#5245,10.);
#1555=VECTOR('',#5256,10.);
#1556=VECTOR('',#5259,10.);
#1557=VECTOR('',#5260,10.);
#1558=VECTOR('',#5265,10.);
#1559=VECTOR('',#5268,10.);
#1560=VECTOR('',#5273,10.);
#1561=VECTOR('',#5280,10.);
#1562=VECTOR('',#5287,1.425);
#1563=VECTOR('',#5294,2.29999999999999);
#1564=VECTOR('',#5301,10.);
#1565=VECTOR('',#5302,10.);
#1566=VECTOR('',#5303,10.);
#1567=VECTOR('',#5304,10.);
#1568=VECTOR('',#5307,10.);
#1569=VECTOR('',#5308,10.);
#1570=VECTOR('',#5309,10.);
#1571=VECTOR('',#5310,10.);
#1572=VECTOR('',#5313,10.);
#1573=VECTOR('',#5316,10.);
#1574=VECTOR('',#5323,1.425);
#1575=VECTOR('',#5328,2.29999999999999);
#1576=VECTOR('',#5339,0.974999999999999);
#1577=VECTOR('',#5348,0.974999999999999);
#1578=VECTOR('',#5355,10.);
#1579=VECTOR('',#5356,10.);
#1580=VECTOR('',#5357,10.);
#1581=VECTOR('',#5358,10.);
#1582=VECTOR('',#5361,10.);
#1583=VECTOR('',#5362,10.);
#1584=VECTOR('',#5363,10.);
#1585=VECTOR('',#5366,10.);
#1586=VECTOR('',#5367,10.);
#1587=VECTOR('',#5368,10.);
#1588=VECTOR('',#5371,10.);
#1589=VECTOR('',#5374,10.);
#1590=VECTOR('',#5377,10.);
#1591=VECTOR('',#5378,10.);
#1592=VECTOR('',#5379,10.);
#1593=VECTOR('',#5380,10.);
#1594=VECTOR('',#5381,10.);
#1595=VECTOR('',#5384,10.);
#1596=VECTOR('',#5385,10.);
#1597=VECTOR('',#5386,10.);
#1598=VECTOR('',#5389,10.);
#1599=VECTOR('',#5390,10.);
#1600=VECTOR('',#5391,10.);
#1601=VECTOR('',#5394,10.);
#1602=VECTOR('',#5395,10.);
#1603=VECTOR('',#5398,10.);
#1604=VECTOR('',#5401,10.);
#1605=VECTOR('',#5404,10.);
#1606=VECTOR('',#5405,10.);
#1607=VECTOR('',#5406,10.);
#1608=VECTOR('',#5409,10.);
#1609=VECTOR('',#5410,10.);
#1610=VECTOR('',#5413,10.);
#1611=VECTOR('',#5414,10.);
#1612=VECTOR('',#5417,10.);
#1613=VECTOR('',#5418,10.);
#1614=VECTOR('',#5419,10.);
#1615=VECTOR('',#5426,10.);
#1616=VECTOR('',#5429,10.);
#1617=VECTOR('',#5430,10.);
#1618=VECTOR('',#5431,10.);
#1619=VECTOR('',#5434,10.);
#1620=VECTOR('',#5435,10.);
#1621=VECTOR('',#5440,10.);
#1622=VECTOR('',#5443,10.);
#1623=VECTOR('',#5444,10.);
#1624=VECTOR('',#5449,10.);
#1625=VECTOR('',#5452,10.);
#1626=VECTOR('',#5461,10.);
#1627=VECTOR('',#5462,10.);
#1628=VECTOR('',#5463,10.);
#1629=VECTOR('',#5466,10.);
#1630=VECTOR('',#5467,10.);
#1631=VECTOR('',#5468,10.);
#1632=VECTOR('',#5471,10.);
#1633=VECTOR('',#5472,10.);
#1634=VECTOR('',#5473,10.);
#1635=VECTOR('',#5478,10.);
#1636=VECTOR('',#5485,4.52724903937881);
#1637=VECTOR('',#5490,4.02724903937881);
#1638=VECTOR('',#5493,10.);
#1639=VECTOR('',#5496,10.);
#1640=VECTOR('',#5499,10.);
#1641=VECTOR('',#5502,10.);
#1642=VECTOR('',#5507,1.5);
#1643=VECTOR('',#5516,1.5);
#1644=VECTOR('',#5525,1.5);
#1645=VECTOR('',#5534,1.5);
#1646=VECTOR('',#5543,1.5);
#1647=VECTOR('',#5552,1.49999999999999);
#1648=VECTOR('',#5561,1.49999999999999);
#1649=VECTOR('',#5570,1.49999999999999);
#1650=VECTOR('',#5579,1.5);
#1651=VECTOR('',#5588,1.5);
#1652=VECTOR('',#5599,0.975000000000001);
#1653=VECTOR('',#5604,0.975000000000001);
#1654=VECTOR('',#5609,0.975000000000001);
#1655=VECTOR('',#5614,0.975000000000001);
#1656=VECTOR('',#5619,0.975000000000001);
#1657=VECTOR('',#5624,0.975000000000001);
#1658=VECTOR('',#5629,0.975000000000001);
#1659=VECTOR('',#5634,0.975000000000001);
#1660=VECTOR('',#5639,0.975);
#1661=VECTOR('',#5644,0.975000000000001);
#1662=VECTOR('',#5649,10.);
#1663=VECTOR('',#5652,10.);
#1664=VECTOR('',#5655,10.);
#1665=VECTOR('',#5658,10.);
#1666=VECTOR('',#5659,10.);
#1667=VECTOR('',#5660,10.);
#1668=VECTOR('',#5661,10.);
#1669=VECTOR('',#5662,10.);
#1670=VECTOR('',#5679,10.);
#1671=VECTOR('',#5682,10.);
#1672=VECTOR('',#5685,10.);
#1673=VECTOR('',#5686,10.);
#1674=VECTOR('',#5689,10.);
#1675=VECTOR('',#5694,10.);
#1676=VECTOR('',#5695,10.);
#1677=VECTOR('',#5728,10.);
#1678=VECTOR('',#5737,10.);
#1679=VECTOR('',#5740,10.);
#1680=VECTOR('',#5743,10.);
#1681=VECTOR('',#5746,10.);
#1682=VECTOR('',#5753,0.974999999999999);
#1683=VECTOR('',#5760,0.974999999999999);
#1684=VECTOR('',#5767,10.);
#1685=VECTOR('',#5770,10.);
#1686=VECTOR('',#5773,10.);
#1687=VECTOR('',#5774,10.);
#1688=VECTOR('',#5775,10.);
#1689=VECTOR('',#5778,10.);
#1690=VECTOR('',#5779,10.);
#1691=VECTOR('',#5782,10.);
#1692=VECTOR('',#5783,10.);
#1693=VECTOR('',#5784,10.);
#1694=VECTOR('',#5785,10.);
#1695=VECTOR('',#5788,10.);
#1696=VECTOR('',#5789,10.);
#1697=VECTOR('',#5790,10.);
#1698=VECTOR('',#5793,10.);
#1699=VECTOR('',#5794,10.);
#1700=VECTOR('',#5795,10.);
#1701=VECTOR('',#5798,10.);
#1702=VECTOR('',#5799,10.);
#1703=VECTOR('',#5800,10.);
#1704=VECTOR('',#5803,10.);
#1705=VECTOR('',#5804,10.);
#1706=VECTOR('',#5805,10.);
#1707=VECTOR('',#5808,10.);
#1708=VECTOR('',#5809,10.);
#1709=VECTOR('',#5810,10.);
#1710=VECTOR('',#5813,10.);
#1711=VECTOR('',#5814,10.);
#1712=VECTOR('',#5815,10.);
#1713=VECTOR('',#5818,10.);
#1714=VECTOR('',#5819,10.);
#1715=VECTOR('',#5820,10.);
#1716=VECTOR('',#5823,10.);
#1717=VECTOR('',#5824,10.);
#1718=VECTOR('',#5825,10.);
#1719=VECTOR('',#5828,10.);
#1720=VECTOR('',#5829,10.);
#1721=VECTOR('',#5830,10.);
#1722=VECTOR('',#5833,10.);
#1723=VECTOR('',#5834,10.);
#1724=VECTOR('',#5835,10.);
#1725=VECTOR('',#5850,0.975000000000001);
#1726=VECTOR('',#5859,0.975000000000001);
#1727=VECTOR('',#5868,0.975);
#1728=VECTOR('',#5877,0.975000000000001);
#1729=VECTOR('',#5886,0.975000000000001);
#1730=VECTOR('',#5893,0.975000000000001);
#1731=VECTOR('',#5900,0.975000000000001);
#1732=VECTOR('',#5909,0.975000000000001);
#1733=VECTOR('',#5918,0.975000000000001);
#1734=VECTOR('',#5927,0.975000000000001);
#1735=VECTOR('',#5934,10.);
#1736=VECTOR('',#5937,10.);
#1737=VECTOR('',#5938,10.);
#1738=VECTOR('',#5939,10.);
#1739=VECTOR('',#5942,10.);
#1740=VECTOR('',#5943,10.);
#1741=VECTOR('',#5944,10.);
#1742=VECTOR('',#5945,10.);
#1743=VECTOR('',#5948,10.);
#1744=VECTOR('',#5949,10.);
#1745=VECTOR('',#5950,10.);
#1746=VECTOR('',#5953,10.);
#1747=VECTOR('',#5954,10.);
#1748=VECTOR('',#5955,10.);
#1749=VECTOR('',#5956,10.);
#1750=VECTOR('',#5957,10.);
#1751=VECTOR('',#5958,10.);
#1752=VECTOR('',#5959,10.);
#1753=VECTOR('',#5960,10.);
#1754=VECTOR('',#5961,10.);
#1755=VECTOR('',#5964,10.);
#1756=VECTOR('',#5965,10.);
#1757=VECTOR('',#5966,10.);
#1758=VECTOR('',#5967,10.);
#1759=VECTOR('',#5970,10.);
#1760=VECTOR('',#5971,10.);
#1761=VECTOR('',#5972,10.);
#1762=VECTOR('',#5975,10.);
#1763=VECTOR('',#5976,10.);
#1764=VECTOR('',#5977,10.);
#1765=VECTOR('',#5980,10.);
#1766=VECTOR('',#5983,10.);
#1767=VECTOR('',#5994,10.);
#1768=VECTOR('',#5997,10.);
#1769=VECTOR('',#5998,10.);
#1770=VECTOR('',#5999,10.);
#1771=VECTOR('',#6002,10.);
#1772=VECTOR('',#6007,10.);
#1773=VECTOR('',#6008,10.);
#1774=VECTOR('',#6011,10.);
#1775=VECTOR('',#6024,10.);
#1776=VECTOR('',#6027,10.);
#1777=VECTOR('',#6030,10.);
#1778=VECTOR('',#6031,10.);
#1779=VECTOR('',#6032,10.);
#1780=VECTOR('',#6035,10.);
#1781=VECTOR('',#6040,10.);
#1782=VECTOR('',#6041,10.);
#1783=VECTOR('',#6044,10.);
#1784=VECTOR('',#6045,10.);
#1785=VECTOR('',#6048,10.);
#1786=VECTOR('',#6059,10.);
#1787=VECTOR('',#6062,10.);
#1788=VECTOR('',#6063,10.);
#1789=VECTOR('',#6064,10.);
#1790=VECTOR('',#6067,10.);
#1791=VECTOR('',#6072,10.);
#1792=VECTOR('',#6073,10.);
#1793=VECTOR('',#6076,10.);
#1794=VECTOR('',#6087,10.);
#1795=VECTOR('',#6090,10.);
#1796=VECTOR('',#6091,10.);
#1797=VECTOR('',#6092,10.);
#1798=VECTOR('',#6095,10.);
#1799=VECTOR('',#6100,10.);
#1800=VECTOR('',#6101,10.);
#1801=VECTOR('',#6112,10.);
#1802=VECTOR('',#6123,10.);
#1803=VECTOR('',#6134,10.);
#1804=VECTOR('',#6145,10.);
#1805=VECTOR('',#6148,10.);
#1806=VECTOR('',#6151,10.);
#1807=VECTOR('',#6154,10.);
#1808=VECTOR('',#6157,10.);
#1809=VECTOR('',#6160,10.);
#1810=VECTOR('',#6161,10.);
#1811=VECTOR('',#6162,10.);
#1812=VECTOR('',#6165,10.);
#1813=VECTOR('',#6166,10.);
#1814=VECTOR('',#6169,10.);
#1815=VECTOR('',#6170,10.);
#1816=VECTOR('',#6173,10.);
#1817=VERTEX_POINT('',#6178);
#1818=VERTEX_POINT('',#6179);
#1819=VERTEX_POINT('',#6181);
#1820=VERTEX_POINT('',#6183);
#1821=VERTEX_POINT('',#6187);
#1822=VERTEX_POINT('',#6189);
#1823=VERTEX_POINT('',#6193);
#1824=VERTEX_POINT('',#6195);
#1825=VERTEX_POINT('',#6199);
#1826=VERTEX_POINT('',#6200);
#1827=VERTEX_POINT('',#6202);
#1828=VERTEX_POINT('',#6204);
#1829=VERTEX_POINT('',#6208);
#1830=VERTEX_POINT('',#6210);
#1831=VERTEX_POINT('',#6214);
#1832=VERTEX_POINT('',#6216);
#1833=VERTEX_POINT('',#6220);
#1834=VERTEX_POINT('',#6223);
#1835=VERTEX_POINT('',#6227);
#1836=VERTEX_POINT('',#6229);
#1837=VERTEX_POINT('',#6233);
#1838=VERTEX_POINT('',#6234);
#1839=VERTEX_POINT('',#6236);
#1840=VERTEX_POINT('',#6238);
#1841=VERTEX_POINT('',#6242);
#1842=VERTEX_POINT('',#6244);
#1843=VERTEX_POINT('',#6249);
#1844=VERTEX_POINT('',#6251);
#1845=VERTEX_POINT('',#6255);
#1846=VERTEX_POINT('',#6258);
#1847=VERTEX_POINT('',#6262);
#1848=VERTEX_POINT('',#6266);
#1849=VERTEX_POINT('',#6272);
#1850=VERTEX_POINT('',#6273);
#1851=VERTEX_POINT('',#6275);
#1852=VERTEX_POINT('',#6277);
#1853=VERTEX_POINT('',#6280);
#1854=VERTEX_POINT('',#6282);
#1855=VERTEX_POINT('',#6284);
#1856=VERTEX_POINT('',#6286);
#1857=VERTEX_POINT('',#6290);
#1858=VERTEX_POINT('',#6294);
#1859=VERTEX_POINT('',#6295);
#1860=VERTEX_POINT('',#6297);
#1861=VERTEX_POINT('',#6299);
#1862=VERTEX_POINT('',#6301);
#1863=VERTEX_POINT('',#6305);
#1864=VERTEX_POINT('',#6307);
#1865=VERTEX_POINT('',#6311);
#1866=VERTEX_POINT('',#6315);
#1867=VERTEX_POINT('',#6317);
#1868=VERTEX_POINT('',#6319);
#1869=VERTEX_POINT('',#6321);
#1870=VERTEX_POINT('',#6325);
#1871=VERTEX_POINT('',#6327);
#1872=VERTEX_POINT('',#6331);
#1873=VERTEX_POINT('',#6335);
#1874=VERTEX_POINT('',#6337);
#1875=VERTEX_POINT('',#6344);
#1876=VERTEX_POINT('',#6348);
#1877=VERTEX_POINT('',#6352);
#1878=VERTEX_POINT('',#6356);
#1879=VERTEX_POINT('',#6362);
#1880=VERTEX_POINT('',#6364);
#1881=VERTEX_POINT('',#6368);
#1882=VERTEX_POINT('',#6370);
#1883=VERTEX_POINT('',#6374);
#1884=VERTEX_POINT('',#6376);
#1885=VERTEX_POINT('',#6380);
#1886=VERTEX_POINT('',#6382);
#1887=VERTEX_POINT('',#6386);
#1888=VERTEX_POINT('',#6388);
#1889=VERTEX_POINT('',#6392);
#1890=VERTEX_POINT('',#6394);
#1891=VERTEX_POINT('',#6398);
#1892=VERTEX_POINT('',#6400);
#1893=VERTEX_POINT('',#6404);
#1894=VERTEX_POINT('',#6407);
#1895=VERTEX_POINT('',#6411);
#1896=VERTEX_POINT('',#6413);
#1897=VERTEX_POINT('',#6417);
#1898=VERTEX_POINT('',#6419);
#1899=VERTEX_POINT('',#6423);
#1900=VERTEX_POINT('',#6424);
#1901=VERTEX_POINT('',#6426);
#1902=VERTEX_POINT('',#6428);
#1903=VERTEX_POINT('',#6430);
#1904=VERTEX_POINT('',#6432);
#1905=VERTEX_POINT('',#6434);
#1906=VERTEX_POINT('',#6436);
#1907=VERTEX_POINT('',#6439);
#1908=VERTEX_POINT('',#6440);
#1909=VERTEX_POINT('',#6442);
#1910=VERTEX_POINT('',#6445);
#1911=VERTEX_POINT('',#6447);
#1912=VERTEX_POINT('',#6449);
#1913=VERTEX_POINT('',#6453);
#1914=VERTEX_POINT('',#6454);
#1915=VERTEX_POINT('',#6459);
#1916=VERTEX_POINT('',#6460);
#1917=VERTEX_POINT('',#6465);
#1918=VERTEX_POINT('',#6469);
#1919=VERTEX_POINT('',#6475);
#1920=VERTEX_POINT('',#6479);
#1921=VERTEX_POINT('',#6483);
#1922=VERTEX_POINT('',#6487);
#1923=VERTEX_POINT('',#6491);
#1924=VERTEX_POINT('',#6497);
#1925=VERTEX_POINT('',#6498);
#1926=VERTEX_POINT('',#6503);
#1927=VERTEX_POINT('',#6504);
#1928=VERTEX_POINT('',#6558);
#1929=VERTEX_POINT('',#6571);
#1930=VERTEX_POINT('',#6575);
#1931=VERTEX_POINT('',#6579);
#1932=VERTEX_POINT('',#6604);
#1933=VERTEX_POINT('',#6617);
#1934=VERTEX_POINT('',#6640);
#1935=VERTEX_POINT('',#6656);
#1936=VERTEX_POINT('',#6658);
#1937=VERTEX_POINT('',#6662);
#1938=VERTEX_POINT('',#6664);
#1939=VERTEX_POINT('',#6669);
#1940=VERTEX_POINT('',#6670);
#1941=VERTEX_POINT('',#6672);
#1942=VERTEX_POINT('',#6674);
#1943=VERTEX_POINT('',#6677);
#1944=VERTEX_POINT('',#6679);
#1945=VERTEX_POINT('',#6680);
#1946=VERTEX_POINT('',#6682);
#1947=VERTEX_POINT('',#6684);
#1948=VERTEX_POINT('',#6686);
#1949=VERTEX_POINT('',#6688);
#1950=VERTEX_POINT('',#6690);
#1951=VERTEX_POINT('',#6692);
#1952=VERTEX_POINT('',#6695);
#1953=VERTEX_POINT('',#6698);
#1954=VERTEX_POINT('',#6700);
#1955=VERTEX_POINT('',#6704);
#1956=VERTEX_POINT('',#6710);
#1957=VERTEX_POINT('',#6712);
#1958=VERTEX_POINT('',#6717);
#1959=VERTEX_POINT('',#6719);
#1960=VERTEX_POINT('',#6724);
#1961=VERTEX_POINT('',#6725);
#1962=VERTEX_POINT('',#6727);
#1963=VERTEX_POINT('',#6729);
#1964=VERTEX_POINT('',#6733);
#1965=VERTEX_POINT('',#6735);
#1966=VERTEX_POINT('',#6739);
#1967=VERTEX_POINT('',#6741);
#1968=VERTEX_POINT('',#6749);
#1969=VERTEX_POINT('',#6750);
#1970=VERTEX_POINT('',#6752);
#1971=VERTEX_POINT('',#6754);
#1972=VERTEX_POINT('',#6756);
#1973=VERTEX_POINT('',#6760);
#1974=VERTEX_POINT('',#6762);
#1975=VERTEX_POINT('',#6766);
#1976=VERTEX_POINT('',#6768);
#1977=VERTEX_POINT('',#6772);
#1978=VERTEX_POINT('',#6780);
#1979=VERTEX_POINT('',#6782);
#1980=VERTEX_POINT('',#6786);
#1981=VERTEX_POINT('',#6790);
#1982=VERTEX_POINT('',#6794);
#1983=VERTEX_POINT('',#6796);
#1984=VERTEX_POINT('',#6800);
#1985=VERTEX_POINT('',#6802);
#1986=VERTEX_POINT('',#6810);
#1987=VERTEX_POINT('',#6814);
#1988=VERTEX_POINT('',#6818);
#1989=VERTEX_POINT('',#6822);
#1990=VERTEX_POINT('',#6830);
#1991=VERTEX_POINT('',#6831);
#1992=VERTEX_POINT('',#6833);
#1993=VERTEX_POINT('',#6835);
#1994=VERTEX_POINT('',#6839);
#1995=VERTEX_POINT('',#6841);
#1996=VERTEX_POINT('',#6845);
#1997=VERTEX_POINT('',#6847);
#1998=VERTEX_POINT('',#6855);
#1999=VERTEX_POINT('',#6857);
#2000=VERTEX_POINT('',#6863);
#2001=VERTEX_POINT('',#6864);
#2002=VERTEX_POINT('',#6866);
#2003=VERTEX_POINT('',#6868);
#2004=VERTEX_POINT('',#6870);
#2005=VERTEX_POINT('',#6872);
#2006=VERTEX_POINT('',#6874);
#2007=VERTEX_POINT('',#6876);
#2008=VERTEX_POINT('',#6880);
#2009=VERTEX_POINT('',#6881);
#2010=VERTEX_POINT('',#6922);
#2011=VERTEX_POINT('',#6926);
#2012=VERTEX_POINT('',#6929);
#2013=VERTEX_POINT('',#6930);
#2014=VERTEX_POINT('',#6971);
#2015=VERTEX_POINT('',#6975);
#2016=VERTEX_POINT('',#6978);
#2017=VERTEX_POINT('',#6979);
#2018=VERTEX_POINT('',#7020);
#2019=VERTEX_POINT('',#7024);
#2020=VERTEX_POINT('',#7027);
#2021=VERTEX_POINT('',#7028);
#2022=VERTEX_POINT('',#7069);
#2023=VERTEX_POINT('',#7073);
#2024=VERTEX_POINT('',#7076);
#2025=VERTEX_POINT('',#7077);
#2026=VERTEX_POINT('',#7118);
#2027=VERTEX_POINT('',#7122);
#2028=VERTEX_POINT('',#7125);
#2029=VERTEX_POINT('',#7126);
#2030=VERTEX_POINT('',#7167);
#2031=VERTEX_POINT('',#7171);
#2032=VERTEX_POINT('',#7174);
#2033=VERTEX_POINT('',#7213);
#2034=VERTEX_POINT('',#7217);
#2035=VERTEX_POINT('',#7220);
#2036=VERTEX_POINT('',#7259);
#2037=VERTEX_POINT('',#7263);
#2038=VERTEX_POINT('',#7266);
#2039=VERTEX_POINT('',#7267);
#2040=VERTEX_POINT('',#7308);
#2041=VERTEX_POINT('',#7312);
#2042=VERTEX_POINT('',#7315);
#2043=VERTEX_POINT('',#7316);
#2044=VERTEX_POINT('',#7357);
#2045=VERTEX_POINT('',#7361);
#2046=VERTEX_POINT('',#7364);
#2047=VERTEX_POINT('',#7368);
#2048=VERTEX_POINT('',#7372);
#2049=VERTEX_POINT('',#7376);
#2050=VERTEX_POINT('',#7380);
#2051=VERTEX_POINT('',#7384);
#2052=VERTEX_POINT('',#7388);
#2053=VERTEX_POINT('',#7392);
#2054=VERTEX_POINT('',#7396);
#2055=VERTEX_POINT('',#7400);
#2056=VERTEX_POINT('',#7404);
#2057=VERTEX_POINT('',#7405);
#2058=VERTEX_POINT('',#7407);
#2059=VERTEX_POINT('',#7409);
#2060=VERTEX_POINT('',#7411);
#2061=VERTEX_POINT('',#7413);
#2062=VERTEX_POINT('',#7415);
#2063=VERTEX_POINT('',#7417);
#2064=VERTEX_POINT('',#7420);
#2065=VERTEX_POINT('',#7421);
#2066=VERTEX_POINT('',#7432);
#2067=VERTEX_POINT('',#7434);
#2068=VERTEX_POINT('',#7445);
#2069=VERTEX_POINT('',#7447);
#2070=VERTEX_POINT('',#7458);
#2071=VERTEX_POINT('',#7460);
#2072=VERTEX_POINT('',#7540);
#2073=VERTEX_POINT('',#7542);
#2074=VERTEX_POINT('',#7546);
#2075=VERTEX_POINT('',#7550);
#2076=VERTEX_POINT('',#7554);
#2077=VERTEX_POINT('',#7647);
#2078=VERTEX_POINT('',#7651);
#2079=VERTEX_POINT('',#7663);
#2080=VERTEX_POINT('',#7686);
#2081=VERTEX_POINT('',#7688);
#2082=VERTEX_POINT('',#7692);
#2083=VERTEX_POINT('',#7694);
#2084=VERTEX_POINT('',#7698);
#2085=VERTEX_POINT('',#7699);
#2086=VERTEX_POINT('',#7701);
#2087=VERTEX_POINT('',#7703);
#2088=VERTEX_POINT('',#7707);
#2089=VERTEX_POINT('',#7709);
#2090=VERTEX_POINT('',#7716);
#2091=VERTEX_POINT('',#7717);
#2092=VERTEX_POINT('',#7719);
#2093=VERTEX_POINT('',#7721);
#2094=VERTEX_POINT('',#7725);
#2095=VERTEX_POINT('',#7727);
#2096=VERTEX_POINT('',#7731);
#2097=VERTEX_POINT('',#7733);
#2098=VERTEX_POINT('',#7737);
#2099=VERTEX_POINT('',#7739);
#2100=VERTEX_POINT('',#7743);
#2101=VERTEX_POINT('',#7745);
#2102=VERTEX_POINT('',#7749);
#2103=VERTEX_POINT('',#7751);
#2104=VERTEX_POINT('',#7755);
#2105=VERTEX_POINT('',#7757);
#2106=VERTEX_POINT('',#7761);
#2107=VERTEX_POINT('',#7763);
#2108=VERTEX_POINT('',#7767);
#2109=VERTEX_POINT('',#7769);
#2110=VERTEX_POINT('',#7773);
#2111=VERTEX_POINT('',#7775);
#2112=VERTEX_POINT('',#7779);
#2113=VERTEX_POINT('',#7781);
#2114=VERTEX_POINT('',#7790);
#2115=VERTEX_POINT('',#7792);
#2116=VERTEX_POINT('',#7794);
#2117=VERTEX_POINT('',#7796);
#2118=VERTEX_POINT('',#7814);
#2119=VERTEX_POINT('',#7816);
#2120=VERTEX_POINT('',#7818);
#2121=VERTEX_POINT('',#7820);
#2122=VERTEX_POINT('',#7842);
#2123=VERTEX_POINT('',#7844);
#2124=VERTEX_POINT('',#7846);
#2125=VERTEX_POINT('',#7848);
#2126=VERTEX_POINT('',#7866);
#2127=VERTEX_POINT('',#7868);
#2128=VERTEX_POINT('',#7870);
#2129=VERTEX_POINT('',#7872);
#2130=VERTEX_POINT('',#7890);
#2131=VERTEX_POINT('',#7892);
#2132=VERTEX_POINT('',#7894);
#2133=VERTEX_POINT('',#7905);
#2134=VERTEX_POINT('',#7918);
#2135=VERTEX_POINT('',#7920);
#2136=VERTEX_POINT('',#7922);
#2137=VERTEX_POINT('',#7933);
#2138=VERTEX_POINT('',#7946);
#2139=VERTEX_POINT('',#7948);
#2140=VERTEX_POINT('',#7950);
#2141=VERTEX_POINT('',#7952);
#2142=VERTEX_POINT('',#7970);
#2143=VERTEX_POINT('',#7972);
#2144=VERTEX_POINT('',#7974);
#2145=VERTEX_POINT('',#7976);
#2146=VERTEX_POINT('',#7994);
#2147=VERTEX_POINT('',#7996);
#2148=VERTEX_POINT('',#7998);
#2149=VERTEX_POINT('',#8000);
#2150=VERTEX_POINT('',#8022);
#2151=VERTEX_POINT('',#8024);
#2152=VERTEX_POINT('',#8026);
#2153=VERTEX_POINT('',#8028);
#2154=VERTEX_POINT('',#8046);
#2155=VERTEX_POINT('',#8048);
#2156=VERTEX_POINT('',#8052);
#2157=VERTEX_POINT('',#8054);
#2158=VERTEX_POINT('',#8059);
#2159=VERTEX_POINT('',#8061);
#2160=VERTEX_POINT('',#8065);
#2161=VERTEX_POINT('',#8067);
#2162=VERTEX_POINT('',#8072);
#2163=VERTEX_POINT('',#8073);
#2164=VERTEX_POINT('',#8075);
#2165=VERTEX_POINT('',#8077);
#2166=VERTEX_POINT('',#8080);
#2167=VERTEX_POINT('',#8081);
#2168=VERTEX_POINT('',#8083);
#2169=VERTEX_POINT('',#8085);
#2170=VERTEX_POINT('',#8087);
#2171=VERTEX_POINT('',#8089);
#2172=VERTEX_POINT('',#8091);
#2173=VERTEX_POINT('',#8093);
#2174=VERTEX_POINT('',#8095);
#2175=VERTEX_POINT('',#8098);
#2176=VERTEX_POINT('',#8099);
#2177=VERTEX_POINT('',#8101);
#2178=VERTEX_POINT('',#8103);
#2179=VERTEX_POINT('',#8105);
#2180=VERTEX_POINT('',#8107);
#2181=VERTEX_POINT('',#8109);
#2182=VERTEX_POINT('',#8111);
#2183=VERTEX_POINT('',#8115);
#2184=VERTEX_POINT('',#8116);
#2185=VERTEX_POINT('',#8134);
#2186=VERTEX_POINT('',#8151);
#2187=VERTEX_POINT('',#8155);
#2188=VERTEX_POINT('',#8157);
#2189=VERTEX_POINT('',#8161);
#2190=VERTEX_POINT('',#8165);
#2191=VERTEX_POINT('',#8169);
#2192=VERTEX_POINT('',#8170);
#2193=VERTEX_POINT('',#8188);
#2194=VERTEX_POINT('',#8205);
#2195=VERTEX_POINT('',#8207);
#2196=VERTEX_POINT('',#8213);
#2197=VERTEX_POINT('',#8215);
#2198=VERTEX_POINT('',#8219);
#2199=VERTEX_POINT('',#8223);
#2200=VERTEX_POINT('',#8227);
#2201=VERTEX_POINT('',#8231);
#2202=VERTEX_POINT('',#8232);
#2203=VERTEX_POINT('',#8250);
#2204=VERTEX_POINT('',#8267);
#2205=VERTEX_POINT('',#8271);
#2206=VERTEX_POINT('',#8273);
#2207=VERTEX_POINT('',#8277);
#2208=VERTEX_POINT('',#8281);
#2209=VERTEX_POINT('',#8285);
#2210=VERTEX_POINT('',#8286);
#2211=VERTEX_POINT('',#8304);
#2212=VERTEX_POINT('',#8321);
#2213=VERTEX_POINT('',#8325);
#2214=VERTEX_POINT('',#8327);
#2215=VERTEX_POINT('',#8331);
#2216=VERTEX_POINT('',#8335);
#2217=VERTEX_POINT('',#8339);
#2218=VERTEX_POINT('',#8341);
#2219=VERTEX_POINT('',#8345);
#2220=VERTEX_POINT('',#8349);
#2221=VERTEX_POINT('',#8353);
#2222=VERTEX_POINT('',#8357);
#2223=VERTEX_POINT('',#8361);
#2224=VERTEX_POINT('',#8365);
#2225=VERTEX_POINT('',#8379);
#2226=VERTEX_POINT('',#8380);
#2227=VERTEX_POINT('',#8385);
#2228=VERTEX_POINT('',#8389);
#2229=EDGE_CURVE('',#1817,#1818,#1041,.T.);
#2230=EDGE_CURVE('',#1819,#1817,#1042,.T.);
#2231=EDGE_CURVE('',#1820,#1819,#1043,.T.);
#2232=EDGE_CURVE('',#1820,#1818,#1044,.T.);
#2233=EDGE_CURVE('',#1818,#1821,#1045,.T.);
#2234=EDGE_CURVE('',#1822,#1820,#1046,.T.);
#2235=EDGE_CURVE('',#1822,#1821,#1047,.T.);
#2236=EDGE_CURVE('',#1823,#1817,#1048,.T.);
#2237=EDGE_CURVE('',#1824,#1823,#1049,.T.);
#2238=EDGE_CURVE('',#1819,#1824,#1050,.T.);
#2239=EDGE_CURVE('',#1825,#1826,#1051,.T.);
#2240=EDGE_CURVE('',#1825,#1827,#1052,.T.);
#2241=EDGE_CURVE('',#1828,#1827,#1053,.T.);
#2242=EDGE_CURVE('',#1826,#1828,#1054,.T.);
#2243=EDGE_CURVE('',#1826,#1829,#1055,.T.);
#2244=EDGE_CURVE('',#1830,#1828,#1056,.T.);
#2245=EDGE_CURVE('',#1830,#1829,#1057,.T.);
#2246=EDGE_CURVE('',#1829,#1831,#1058,.T.);
#2247=EDGE_CURVE('',#1832,#1830,#1059,.T.);
#2248=EDGE_CURVE('',#1831,#1832,#1060,.T.);
#2249=EDGE_CURVE('',#1831,#1833,#1061,.T.);
#2250=EDGE_CURVE('',#1821,#1832,#1062,.T.);
#2251=EDGE_CURVE('',#1834,#1822,#1063,.T.);
#2252=EDGE_CURVE('',#1833,#1834,#1064,.T.);
#2253=EDGE_CURVE('',#1834,#1835,#1065,.T.);
#2254=EDGE_CURVE('',#1822,#1836,#1066,.T.);
#2255=EDGE_CURVE('',#1835,#1836,#1067,.T.);
#2256=EDGE_CURVE('',#1837,#1838,#1068,.T.);
#2257=EDGE_CURVE('',#1839,#1837,#1069,.T.);
#2258=EDGE_CURVE('',#1840,#1839,#1070,.T.);
#2259=EDGE_CURVE('',#1838,#1840,#1071,.T.);
#2260=EDGE_CURVE('',#1841,#1825,#1072,.T.);
#2261=EDGE_CURVE('',#1842,#1841,#1073,.T.);
#2262=EDGE_CURVE('',#1842,#1824,#1074,.T.);
#2263=EDGE_CURVE('',#1827,#1823,#1075,.T.);
#2264=EDGE_CURVE('',#1843,#1842,#1076,.T.);
#2265=EDGE_CURVE('',#1843,#1844,#1077,.T.);
#2266=EDGE_CURVE('',#1844,#1824,#1078,.T.);
#2267=EDGE_CURVE('',#1845,#1843,#1079,.T.);
#2268=EDGE_CURVE('',#1838,#1845,#1080,.T.);
#2269=EDGE_CURVE('',#1840,#1846,#1081,.T.);
#2270=EDGE_CURVE('',#1846,#1844,#1082,.T.);
#2271=EDGE_CURVE('',#1839,#1847,#1083,.T.);
#2272=EDGE_CURVE('',#1847,#1846,#1084,.T.);
#2273=EDGE_CURVE('',#1848,#1837,#1085,.T.);
#2274=EDGE_CURVE('',#1835,#1848,#1086,.T.);
#2275=EDGE_CURVE('',#1836,#1847,#1087,.T.);
#2276=EDGE_CURVE('',#1849,#1850,#1088,.T.);
#2277=EDGE_CURVE('',#1851,#1849,#1089,.T.);
#2278=EDGE_CURVE('',#1851,#1852,#1090,.T.);
#2279=EDGE_CURVE('',#1852,#1850,#1091,.T.);
#2280=EDGE_CURVE('',#1853,#1833,#1092,.T.);
#2281=EDGE_CURVE('',#1853,#1854,#1093,.T.);
#2282=EDGE_CURVE('',#1854,#1855,#1094,.T.);
#2283=EDGE_CURVE('',#1855,#1856,#1095,.T.);
#2284=EDGE_CURVE('',#1841,#1856,#1096,.T.);
#2285=EDGE_CURVE('',#1848,#1857,#1097,.T.);
#2286=EDGE_CURVE('',#1857,#1853,#1098,.T.);
#2287=EDGE_CURVE('',#1858,#1859,#199,.T.);
#2288=EDGE_CURVE('',#1860,#1859,#1099,.T.);
#2289=EDGE_CURVE('',#1861,#1860,#1100,.T.);
#2290=EDGE_CURVE('',#1862,#1861,#1101,.T.);
#2291=EDGE_CURVE('',#1858,#1862,#1102,.T.);
#2292=EDGE_CURVE('',#1859,#1863,#1103,.T.);
#2293=EDGE_CURVE('',#1864,#1863,#1104,.T.);
#2294=EDGE_CURVE('',#1864,#1860,#1105,.T.);
#2295=EDGE_CURVE('',#1856,#1865,#1106,.T.);
#2296=EDGE_CURVE('',#1865,#1845,#1107,.T.);
#2297=EDGE_CURVE('',#1865,#1866,#1108,.T.);
#2298=EDGE_CURVE('',#1866,#1867,#1109,.T.);
#2299=EDGE_CURVE('',#1868,#1867,#1110,.T.);
#2300=EDGE_CURVE('',#1868,#1869,#1111,.T.);
#2301=EDGE_CURVE('',#1869,#1857,#1112,.T.);
#2302=EDGE_CURVE('',#1870,#1868,#1113,.T.);
#2303=EDGE_CURVE('',#1867,#1871,#1114,.T.);
#2304=EDGE_CURVE('',#1871,#1870,#1115,.T.);
#2305=EDGE_CURVE('',#1861,#1872,#1116,.T.);
#2306=EDGE_CURVE('',#1872,#1864,#1117,.T.);
#2307=EDGE_CURVE('',#1863,#1873,#200,.T.);
#2308=EDGE_CURVE('',#1873,#1874,#1118,.T.);
#2309=EDGE_CURVE('',#1872,#1874,#1119,.T.);
#2310=EDGE_CURVE('',#1873,#1858,#1120,.T.);
#2311=EDGE_CURVE('',#1874,#1862,#1121,.T.);
#2312=EDGE_CURVE('',#1875,#1869,#1122,.T.);
#2313=EDGE_CURVE('',#1854,#1875,#1123,.T.);
#2314=EDGE_CURVE('',#1855,#1876,#1124,.T.);
#2315=EDGE_CURVE('',#1866,#1876,#1125,.T.);
#2316=EDGE_CURVE('',#1876,#1877,#1126,.T.);
#2317=EDGE_CURVE('',#1871,#1877,#1127,.T.);
#2318=EDGE_CURVE('',#1878,#1870,#1128,.T.);
#2319=EDGE_CURVE('',#1878,#1875,#1129,.T.);
#2320=EDGE_CURVE('',#1877,#1878,#1130,.T.);
#2321=EDGE_CURVE('',#1879,#1879,#201,.T.);
#2322=EDGE_CURVE('',#1879,#1880,#1131,.T.);
#2323=EDGE_CURVE('',#1880,#1880,#202,.T.);
#2324=EDGE_CURVE('',#1881,#1881,#203,.T.);
#2325=EDGE_CURVE('',#1881,#1882,#1132,.T.);
#2326=EDGE_CURVE('',#1882,#1882,#204,.T.);
#2327=EDGE_CURVE('',#1883,#1883,#205,.T.);
#2328=EDGE_CURVE('',#1883,#1884,#1133,.T.);
#2329=EDGE_CURVE('',#1884,#1884,#206,.T.);
#2330=EDGE_CURVE('',#1885,#1885,#207,.T.);
#2331=EDGE_CURVE('',#1885,#1886,#1134,.T.);
#2332=EDGE_CURVE('',#1886,#1886,#208,.T.);
#2333=EDGE_CURVE('',#1887,#1887,#209,.T.);
#2334=EDGE_CURVE('',#1887,#1888,#1135,.T.);
#2335=EDGE_CURVE('',#1888,#1888,#210,.T.);
#2336=EDGE_CURVE('',#1889,#1889,#211,.T.);
#2337=EDGE_CURVE('',#1889,#1890,#1136,.T.);
#2338=EDGE_CURVE('',#1890,#1890,#212,.T.);
#2339=EDGE_CURVE('',#1891,#1891,#213,.T.);
#2340=EDGE_CURVE('',#1891,#1892,#1137,.T.);
#2341=EDGE_CURVE('',#1892,#1892,#214,.T.);
#2342=EDGE_CURVE('',#1893,#1893,#215,.T.);
#2343=EDGE_CURVE('',#1893,#1873,#1138,.T.);
#2344=EDGE_CURVE('',#1858,#1894,#1139,.T.);
#2345=EDGE_CURVE('',#1894,#1894,#216,.T.);
#2346=EDGE_CURVE('',#1895,#1895,#217,.T.);
#2347=EDGE_CURVE('',#1895,#1896,#1140,.T.);
#2348=EDGE_CURVE('',#1896,#1896,#218,.T.);
#2349=EDGE_CURVE('',#1897,#1897,#219,.T.);
#2350=EDGE_CURVE('',#1897,#1898,#1141,.T.);
#2351=EDGE_CURVE('',#1898,#1898,#220,.T.);
#2352=EDGE_CURVE('',#1899,#1900,#221,.T.);
#2353=EDGE_CURVE('',#1901,#1899,#1142,.T.);
#2354=EDGE_CURVE('',#1902,#1901,#222,.T.);
#2355=EDGE_CURVE('',#1903,#1902,#1143,.T.);
#2356=EDGE_CURVE('',#1904,#1903,#223,.T.);
#2357=EDGE_CURVE('',#1905,#1904,#1144,.T.);
#2358=EDGE_CURVE('',#1906,#1905,#224,.T.);
#2359=EDGE_CURVE('',#1900,#1906,#1145,.T.);
#2360=EDGE_CURVE('',#1907,#1908,#225,.T.);
#2361=EDGE_CURVE('',#1909,#1907,#1146,.T.);
#2362=EDGE_CURVE('',#1852,#1909,#226,.T.);
#2363=EDGE_CURVE('',#1910,#1851,#227,.T.);
#2364=EDGE_CURVE('',#1911,#1910,#1147,.T.);
#2365=EDGE_CURVE('',#1912,#1911,#228,.T.);
#2366=EDGE_CURVE('',#1908,#1912,#1148,.T.);
#2367=EDGE_CURVE('',#1913,#1914,#229,.T.);
#2368=EDGE_CURVE('',#1906,#1913,#1149,.T.);
#2369=EDGE_CURVE('',#1905,#1914,#1150,.T.);
#2370=EDGE_CURVE('',#1915,#1916,#230,.T.);
#2371=EDGE_CURVE('',#1907,#1915,#1151,.T.);
#2372=EDGE_CURVE('',#1908,#1916,#1152,.T.);
#2373=EDGE_CURVE('',#1916,#1917,#1153,.T.);
#2374=EDGE_CURVE('',#1912,#1917,#1154,.T.);
#2375=EDGE_CURVE('',#1850,#1918,#231,.T.);
#2376=EDGE_CURVE('',#1909,#1918,#1155,.T.);
#2377=EDGE_CURVE('',#1918,#1915,#1156,.T.);
#2378=EDGE_CURVE('',#1914,#1919,#1157,.T.);
#2379=EDGE_CURVE('',#1904,#1919,#1158,.T.);
#2380=EDGE_CURVE('',#1919,#1920,#232,.T.);
#2381=EDGE_CURVE('',#1903,#1920,#1159,.T.);
#2382=EDGE_CURVE('',#1920,#1921,#1160,.T.);
#2383=EDGE_CURVE('',#1902,#1921,#1161,.T.);
#2384=EDGE_CURVE('',#1917,#1922,#233,.T.);
#2385=EDGE_CURVE('',#1911,#1922,#1162,.T.);
#2386=EDGE_CURVE('',#1922,#1923,#1163,.T.);
#2387=EDGE_CURVE('',#1910,#1923,#1164,.T.);
#2388=EDGE_CURVE('',#1923,#1849,#234,.T.);
#2389=EDGE_CURVE('',#1924,#1925,#1165,.T.);
#2390=EDGE_CURVE('',#1918,#1924,#88,.T.);
#2391=EDGE_CURVE('',#1925,#1915,#89,.T.);
#2392=EDGE_CURVE('',#1926,#1927,#1166,.T.);
#2393=EDGE_CURVE('',#1916,#1926,#90,.T.);
#2394=EDGE_CURVE('',#1927,#1917,#91,.T.);
#2395=EDGE_CURVE('',#1925,#1926,#34,.T.);
#2396=EDGE_CURVE('',#1928,#1924,#35,.T.);
#2397=EDGE_CURVE('',#1928,#1850,#92,.T.);
#2398=EDGE_CURVE('',#1921,#1929,#235,.T.);
#2399=EDGE_CURVE('',#1901,#1929,#1167,.T.);
#2400=EDGE_CURVE('',#1929,#1930,#1168,.T.);
#2401=EDGE_CURVE('',#1899,#1930,#1169,.T.);
#2402=EDGE_CURVE('',#1930,#1931,#236,.T.);
#2403=EDGE_CURVE('',#1900,#1931,#1170,.T.);
#2404=EDGE_CURVE('',#1931,#1913,#1171,.T.);
#2405=EDGE_CURVE('',#1927,#1932,#36,.T.);
#2406=EDGE_CURVE('',#1922,#1932,#93,.T.);
#2407=EDGE_CURVE('',#1932,#1933,#1172,.T.);
#2408=EDGE_CURVE('',#1933,#1923,#94,.T.);
#2409=EDGE_CURVE('',#1933,#1934,#37,.T.);
#2410=EDGE_CURVE('',#1849,#1934,#95,.T.);
#2411=EDGE_CURVE('',#1934,#1928,#1173,.T.);
#2412=EDGE_CURVE('',#1935,#1935,#237,.T.);
#2413=EDGE_CURVE('',#1935,#1936,#1174,.T.);
#2414=EDGE_CURVE('',#1936,#1936,#238,.T.);
#2415=EDGE_CURVE('',#1937,#1937,#239,.T.);
#2416=EDGE_CURVE('',#1937,#1938,#1175,.T.);
#2417=EDGE_CURVE('',#1938,#1938,#240,.T.);
#2418=EDGE_CURVE('',#1939,#1940,#1176,.T.);
#2419=EDGE_CURVE('',#1941,#1939,#1177,.T.);
#2420=EDGE_CURVE('',#1942,#1941,#1178,.T.);
#2421=EDGE_CURVE('',#1940,#1942,#1179,.T.);
#2422=EDGE_CURVE('',#1943,#1943,#241,.T.);
#2423=EDGE_CURVE('',#1944,#1945,#1180,.T.);
#2424=EDGE_CURVE('',#1945,#1946,#1181,.T.);
#2425=EDGE_CURVE('',#1946,#1947,#1182,.T.);
#2426=EDGE_CURVE('',#1947,#1948,#1183,.T.);
#2427=EDGE_CURVE('',#1948,#1949,#242,.T.);
#2428=EDGE_CURVE('',#1949,#1950,#1184,.T.);
#2429=EDGE_CURVE('',#1950,#1951,#243,.T.);
#2430=EDGE_CURVE('',#1951,#1944,#1185,.T.);
#2431=EDGE_CURVE('',#1952,#1952,#244,.T.);
#2432=EDGE_CURVE('',#1953,#1953,#245,.T.);
#2433=EDGE_CURVE('',#1953,#1954,#1186,.T.);
#2434=EDGE_CURVE('',#1954,#1954,#246,.T.);
#2435=EDGE_CURVE('',#1943,#1955,#1187,.T.);
#2436=EDGE_CURVE('',#1955,#1955,#247,.T.);
#2437=EDGE_CURVE('',#1956,#1956,#248,.T.);
#2438=EDGE_CURVE('',#1956,#1957,#1188,.T.);
#2439=EDGE_CURVE('',#1957,#1957,#249,.T.);
#2440=EDGE_CURVE('',#1958,#1958,#250,.T.);
#2441=EDGE_CURVE('',#1958,#1959,#1189,.T.);
#2442=EDGE_CURVE('',#1959,#1959,#251,.T.);
#2443=EDGE_CURVE('',#1960,#1961,#1190,.T.);
#2444=EDGE_CURVE('',#1960,#1962,#1191,.T.);
#2445=EDGE_CURVE('',#1962,#1963,#1192,.T.);
#2446=EDGE_CURVE('',#1963,#1961,#1193,.T.);
#2447=EDGE_CURVE('',#1964,#1960,#1194,.T.);
#2448=EDGE_CURVE('',#1965,#1964,#1195,.T.);
#2449=EDGE_CURVE('',#1965,#1962,#1196,.T.);
#2450=EDGE_CURVE('',#1961,#1966,#1197,.T.);
#2451=EDGE_CURVE('',#1967,#1963,#1198,.T.);
#2452=EDGE_CURVE('',#1966,#1967,#1199,.T.);
#2453=EDGE_CURVE('',#1967,#1965,#1200,.T.);
#2454=EDGE_CURVE('',#1966,#1964,#1201,.T.);
#2455=EDGE_CURVE('',#1968,#1969,#1202,.T.);
#2456=EDGE_CURVE('',#1968,#1970,#1203,.T.);
#2457=EDGE_CURVE('',#1970,#1971,#1204,.T.);
#2458=EDGE_CURVE('',#1971,#1972,#1205,.T.);
#2459=EDGE_CURVE('',#1972,#1969,#1206,.T.);
#2460=EDGE_CURVE('',#1973,#1968,#1207,.T.);
#2461=EDGE_CURVE('',#1973,#1974,#1208,.T.);
#2462=EDGE_CURVE('',#1974,#1970,#1209,.T.);
#2463=EDGE_CURVE('',#1969,#1975,#1210,.T.);
#2464=EDGE_CURVE('',#1976,#1972,#1211,.T.);
#2465=EDGE_CURVE('',#1976,#1975,#1212,.T.);
#2466=EDGE_CURVE('',#1977,#1976,#1213,.T.);
#2467=EDGE_CURVE('',#1977,#1971,#1214,.T.);
#2468=EDGE_CURVE('',#1974,#1977,#1215,.T.);
#2469=EDGE_CURVE('',#1975,#1973,#1216,.T.);
#2470=EDGE_CURVE('',#1944,#1978,#1217,.T.);
#2471=EDGE_CURVE('',#1979,#1978,#1218,.T.);
#2472=EDGE_CURVE('',#1945,#1979,#1219,.T.);
#2473=EDGE_CURVE('',#1980,#1979,#1220,.T.);
#2474=EDGE_CURVE('',#1946,#1980,#1221,.T.);
#2475=EDGE_CURVE('',#1981,#1980,#1222,.T.);
#2476=EDGE_CURVE('',#1947,#1981,#1223,.T.);
#2477=EDGE_CURVE('',#1947,#1982,#1224,.T.);
#2478=EDGE_CURVE('',#1983,#1981,#1225,.T.);
#2479=EDGE_CURVE('',#1982,#1983,#1226,.T.);
#2480=EDGE_CURVE('',#1982,#1984,#252,.T.);
#2481=EDGE_CURVE('',#1985,#1983,#253,.T.);
#2482=EDGE_CURVE('',#1984,#1985,#1227,.T.);
#2483=EDGE_CURVE('',#1984,#1947,#1228,.T.);
#2484=EDGE_CURVE('',#1981,#1985,#1229,.T.);
#2485=EDGE_CURVE('',#1947,#1981,#1230,.T.);
#2486=EDGE_CURVE('',#1986,#1981,#1231,.T.);
#2487=EDGE_CURVE('',#1948,#1986,#1232,.T.);
#2488=EDGE_CURVE('',#1987,#1986,#254,.T.);
#2489=EDGE_CURVE('',#1949,#1987,#1233,.T.);
#2490=EDGE_CURVE('',#1988,#1987,#1234,.T.);
#2491=EDGE_CURVE('',#1950,#1988,#1235,.T.);
#2492=EDGE_CURVE('',#1989,#1988,#255,.T.);
#2493=EDGE_CURVE('',#1951,#1989,#1236,.T.);
#2494=EDGE_CURVE('',#1978,#1989,#1237,.T.);
#2495=EDGE_CURVE('',#1990,#1991,#256,.T.);
#2496=EDGE_CURVE('',#1990,#1992,#1238,.T.);
#2497=EDGE_CURVE('',#1993,#1992,#1239,.T.);
#2498=EDGE_CURVE('',#1991,#1993,#1240,.T.);
#2499=EDGE_CURVE('',#1994,#1990,#1241,.T.);
#2500=EDGE_CURVE('',#1994,#1995,#1242,.T.);
#2501=EDGE_CURVE('',#1992,#1995,#1243,.T.);
#2502=EDGE_CURVE('',#1991,#1996,#1244,.T.);
#2503=EDGE_CURVE('',#1997,#1993,#1245,.T.);
#2504=EDGE_CURVE('',#1996,#1997,#1246,.T.);
#2505=EDGE_CURVE('',#1996,#1994,#257,.T.);
#2506=EDGE_CURVE('',#1995,#1997,#1247,.T.);
#2507=EDGE_CURVE('',#1998,#1998,#258,.T.);
#2508=EDGE_CURVE('',#1998,#1999,#1248,.T.);
#2509=EDGE_CURVE('',#1999,#1999,#259,.T.);
#2510=EDGE_CURVE('',#1952,#1999,#1249,.T.);
#2511=EDGE_CURVE('',#2000,#2001,#1250,.T.);
#2512=EDGE_CURVE('',#2002,#2000,#260,.T.);
#2513=EDGE_CURVE('',#2003,#2002,#1251,.T.);
#2514=EDGE_CURVE('',#2004,#2003,#261,.T.);
#2515=EDGE_CURVE('',#2005,#2004,#1252,.T.);
#2516=EDGE_CURVE('',#2006,#2005,#262,.T.);
#2517=EDGE_CURVE('',#2007,#2006,#1253,.T.);
#2518=EDGE_CURVE('',#2001,#2007,#263,.T.);
#2519=EDGE_CURVE('',#2008,#2009,#38,.T.);
#2520=EDGE_CURVE('',#2009,#2008,#39,.T.);
#2521=EDGE_CURVE('',#2009,#2010,#1254,.T.);
#2522=EDGE_CURVE('',#2010,#2010,#264,.T.);
#2523=EDGE_CURVE('',#2011,#2011,#265,.T.);
#2524=EDGE_CURVE('',#2012,#2013,#40,.T.);
#2525=EDGE_CURVE('',#2013,#2012,#41,.T.);
#2526=EDGE_CURVE('',#2013,#2014,#1255,.T.);
#2527=EDGE_CURVE('',#2014,#2014,#266,.T.);
#2528=EDGE_CURVE('',#2015,#2015,#267,.T.);
#2529=EDGE_CURVE('',#2016,#2017,#42,.T.);
#2530=EDGE_CURVE('',#2017,#2016,#43,.T.);
#2531=EDGE_CURVE('',#2017,#2018,#1256,.T.);
#2532=EDGE_CURVE('',#2018,#2018,#268,.T.);
#2533=EDGE_CURVE('',#2019,#2019,#269,.T.);
#2534=EDGE_CURVE('',#2020,#2021,#44,.T.);
#2535=EDGE_CURVE('',#2021,#2020,#45,.T.);
#2536=EDGE_CURVE('',#2021,#2022,#1257,.T.);
#2537=EDGE_CURVE('',#2022,#2022,#270,.T.);
#2538=EDGE_CURVE('',#2023,#2023,#271,.T.);
#2539=EDGE_CURVE('',#2024,#2025,#46,.T.);
#2540=EDGE_CURVE('',#2025,#2024,#47,.T.);
#2541=EDGE_CURVE('',#2025,#2026,#1258,.T.);
#2542=EDGE_CURVE('',#2026,#2026,#272,.T.);
#2543=EDGE_CURVE('',#2027,#2027,#273,.T.);
#2544=EDGE_CURVE('',#2028,#2029,#48,.T.);
#2545=EDGE_CURVE('',#2029,#2028,#49,.T.);
#2546=EDGE_CURVE('',#2029,#2030,#1259,.T.);
#2547=EDGE_CURVE('',#2030,#2030,#274,.T.);
#2548=EDGE_CURVE('',#2031,#2031,#275,.T.);
#2549=EDGE_CURVE('',#2032,#2032,#50,.T.);
#2550=EDGE_CURVE('',#2032,#2033,#1260,.T.);
#2551=EDGE_CURVE('',#2033,#2033,#276,.T.);
#2552=EDGE_CURVE('',#2034,#2034,#277,.T.);
#2553=EDGE_CURVE('',#2035,#2035,#51,.T.);
#2554=EDGE_CURVE('',#2035,#2036,#1261,.T.);
#2555=EDGE_CURVE('',#2036,#2036,#278,.T.);
#2556=EDGE_CURVE('',#2037,#2037,#279,.T.);
#2557=EDGE_CURVE('',#2038,#2039,#52,.T.);
#2558=EDGE_CURVE('',#2039,#2038,#53,.T.);
#2559=EDGE_CURVE('',#2039,#2040,#1262,.T.);
#2560=EDGE_CURVE('',#2040,#2040,#280,.T.);
#2561=EDGE_CURVE('',#2041,#2041,#281,.T.);
#2562=EDGE_CURVE('',#2042,#2043,#54,.T.);
#2563=EDGE_CURVE('',#2043,#2042,#55,.T.);
#2564=EDGE_CURVE('',#2043,#2044,#1263,.T.);
#2565=EDGE_CURVE('',#2044,#2044,#282,.T.);
#2566=EDGE_CURVE('',#2045,#2045,#283,.T.);
#2567=EDGE_CURVE('',#2046,#2046,#284,.T.);
#2568=EDGE_CURVE('',#2046,#2023,#1264,.T.);
#2569=EDGE_CURVE('',#2047,#2047,#285,.T.);
#2570=EDGE_CURVE('',#2047,#2011,#1265,.T.);
#2571=EDGE_CURVE('',#2048,#2048,#286,.T.);
#2572=EDGE_CURVE('',#2048,#2034,#1266,.T.);
#2573=EDGE_CURVE('',#2049,#2049,#287,.T.);
#2574=EDGE_CURVE('',#2049,#2019,#1267,.T.);
#2575=EDGE_CURVE('',#2050,#2050,#288,.T.);
#2576=EDGE_CURVE('',#2050,#2041,#1268,.T.);
#2577=EDGE_CURVE('',#2051,#2051,#289,.T.);
#2578=EDGE_CURVE('',#2051,#2027,#1269,.T.);
#2579=EDGE_CURVE('',#2052,#2052,#290,.T.);
#2580=EDGE_CURVE('',#2052,#2031,#1270,.T.);
#2581=EDGE_CURVE('',#2053,#2053,#291,.T.);
#2582=EDGE_CURVE('',#2053,#2037,#1271,.T.);
#2583=EDGE_CURVE('',#2054,#2054,#292,.T.);
#2584=EDGE_CURVE('',#2054,#2045,#1272,.T.);
#2585=EDGE_CURVE('',#2055,#2055,#293,.T.);
#2586=EDGE_CURVE('',#2055,#2015,#1273,.T.);
#2587=EDGE_CURVE('',#2056,#2057,#294,.T.);
#2588=EDGE_CURVE('',#2058,#2056,#1274,.T.);
#2589=EDGE_CURVE('',#2059,#2058,#295,.T.);
#2590=EDGE_CURVE('',#2060,#2059,#1275,.T.);
#2591=EDGE_CURVE('',#2061,#2060,#296,.T.);
#2592=EDGE_CURVE('',#2062,#2061,#1276,.T.);
#2593=EDGE_CURVE('',#2063,#2062,#297,.T.);
#2594=EDGE_CURVE('',#2057,#2063,#1277,.T.);
#2595=EDGE_CURVE('',#2064,#2065,#56,.T.);
#2596=EDGE_CURVE('',#2066,#2064,#1278,.T.);
#2597=EDGE_CURVE('',#2067,#2066,#57,.T.);
#2598=EDGE_CURVE('',#2068,#2067,#1279,.T.);
#2599=EDGE_CURVE('',#2069,#2068,#58,.T.);
#2600=EDGE_CURVE('',#2070,#2069,#1280,.T.);
#2601=EDGE_CURVE('',#2071,#2070,#59,.T.);
#2602=EDGE_CURVE('',#2065,#2071,#1281,.T.);
#2603=EDGE_CURVE('',#2068,#1941,#96,.T.);
#2604=EDGE_CURVE('',#1941,#2069,#97,.T.);
#2605=EDGE_CURVE('',#1942,#2067,#98,.T.);
#2606=EDGE_CURVE('',#2066,#1942,#99,.T.);
#2607=EDGE_CURVE('',#1940,#2064,#100,.T.);
#2608=EDGE_CURVE('',#2060,#2072,#1282,.T.);
#2609=EDGE_CURVE('',#2073,#2072,#298,.T.);
#2610=EDGE_CURVE('',#2061,#2073,#1283,.T.);
#2611=EDGE_CURVE('',#2059,#2074,#1284,.T.);
#2612=EDGE_CURVE('',#2072,#2074,#1285,.T.);
#2613=EDGE_CURVE('',#2058,#2075,#1286,.T.);
#2614=EDGE_CURVE('',#2074,#2075,#299,.T.);
#2615=EDGE_CURVE('',#2056,#2076,#1287,.T.);
#2616=EDGE_CURVE('',#2075,#2076,#1288,.T.);
#2617=EDGE_CURVE('',#2070,#1939,#101,.T.);
#2618=EDGE_CURVE('',#1939,#2071,#102,.T.);
#2619=EDGE_CURVE('',#2065,#1940,#103,.T.);
#2620=EDGE_CURVE('',#2001,#2072,#300,.T.);
#2621=EDGE_CURVE('',#2074,#2000,#301,.T.);
#2622=EDGE_CURVE('',#2075,#2002,#302,.T.);
#2623=EDGE_CURVE('',#2076,#2003,#303,.T.);
#2624=EDGE_CURVE('',#2077,#2004,#304,.T.);
#2625=EDGE_CURVE('',#2076,#2077,#305,.T.);
#2626=EDGE_CURVE('',#2078,#2005,#306,.T.);
#2627=EDGE_CURVE('',#2077,#2078,#1289,.T.);
#2628=EDGE_CURVE('',#2079,#2006,#307,.T.);
#2629=EDGE_CURVE('',#2078,#2079,#308,.T.);
#2630=EDGE_CURVE('',#2073,#2007,#309,.T.);
#2631=EDGE_CURVE('',#2079,#2073,#1290,.T.);
#2632=EDGE_CURVE('',#2057,#2077,#1291,.T.);
#2633=EDGE_CURVE('',#2063,#2078,#1292,.T.);
#2634=EDGE_CURVE('',#2062,#2079,#1293,.T.);
#2635=EDGE_CURVE('',#2080,#2080,#310,.T.);
#2636=EDGE_CURVE('',#2080,#2081,#1294,.T.);
#2637=EDGE_CURVE('',#2081,#2081,#311,.T.);
#2638=EDGE_CURVE('',#2082,#2082,#312,.T.);
#2639=EDGE_CURVE('',#2082,#2083,#1295,.T.);
#2640=EDGE_CURVE('',#2083,#2083,#313,.T.);
#2641=EDGE_CURVE('',#2084,#2085,#314,.T.);
#2642=EDGE_CURVE('',#2085,#2086,#1296,.T.);
#2643=EDGE_CURVE('',#2087,#2086,#315,.T.);
#2644=EDGE_CURVE('',#2084,#2087,#1297,.T.);
#2645=EDGE_CURVE('',#2088,#2084,#1298,.T.);
#2646=EDGE_CURVE('',#2089,#2087,#1299,.T.);
#2647=EDGE_CURVE('',#2088,#2089,#1300,.T.);
#2648=EDGE_CURVE('',#2085,#2088,#1301,.T.);
#2649=EDGE_CURVE('',#2086,#2089,#1302,.T.);
#2650=EDGE_CURVE('',#2090,#2091,#1303,.T.);
#2651=EDGE_CURVE('',#2090,#2092,#1304,.T.);
#2652=EDGE_CURVE('',#2093,#2092,#1305,.T.);
#2653=EDGE_CURVE('',#2091,#2093,#1306,.T.);
#2654=EDGE_CURVE('',#2091,#2094,#1307,.T.);
#2655=EDGE_CURVE('',#2095,#2093,#1308,.T.);
#2656=EDGE_CURVE('',#2094,#2095,#1309,.T.);
#2657=EDGE_CURVE('',#2094,#2096,#1310,.T.);
#2658=EDGE_CURVE('',#2097,#2095,#1311,.T.);
#2659=EDGE_CURVE('',#2096,#2097,#1312,.T.);
#2660=EDGE_CURVE('',#2096,#2098,#1313,.T.);
#2661=EDGE_CURVE('',#2099,#2097,#1314,.T.);
#2662=EDGE_CURVE('',#2098,#2099,#1315,.T.);
#2663=EDGE_CURVE('',#2098,#2100,#1316,.T.);
#2664=EDGE_CURVE('',#2101,#2099,#1317,.T.);
#2665=EDGE_CURVE('',#2100,#2101,#1318,.T.);
#2666=EDGE_CURVE('',#2100,#2102,#1319,.T.);
#2667=EDGE_CURVE('',#2103,#2101,#1320,.T.);
#2668=EDGE_CURVE('',#2102,#2103,#1321,.T.);
#2669=EDGE_CURVE('',#2102,#2104,#1322,.T.);
#2670=EDGE_CURVE('',#2105,#2103,#1323,.T.);
#2671=EDGE_CURVE('',#2104,#2105,#1324,.T.);
#2672=EDGE_CURVE('',#2104,#2106,#1325,.T.);
#2673=EDGE_CURVE('',#2107,#2105,#1326,.T.);
#2674=EDGE_CURVE('',#2106,#2107,#1327,.T.);
#2675=EDGE_CURVE('',#2106,#2108,#1328,.T.);
#2676=EDGE_CURVE('',#2109,#2107,#1329,.T.);
#2677=EDGE_CURVE('',#2108,#2109,#1330,.T.);
#2678=EDGE_CURVE('',#2108,#2110,#1331,.T.);
#2679=EDGE_CURVE('',#2111,#2109,#1332,.T.);
#2680=EDGE_CURVE('',#2110,#2111,#1333,.T.);
#2681=EDGE_CURVE('',#2110,#2112,#1334,.T.);
#2682=EDGE_CURVE('',#2113,#2111,#1335,.T.);
#2683=EDGE_CURVE('',#2112,#2113,#1336,.T.);
#2684=EDGE_CURVE('',#2090,#2112,#316,.T.);
#2685=EDGE_CURVE('',#2092,#2113,#317,.T.);
#2686=EDGE_CURVE('',#2114,#2114,#318,.T.);
#2687=EDGE_CURVE('',#2114,#2115,#1337,.T.);
#2688=EDGE_CURVE('',#2116,#2115,#319,.T.);
#2689=EDGE_CURVE('',#2117,#2116,#60,.T.);
#2690=EDGE_CURVE('',#2115,#2117,#320,.T.);
#2691=EDGE_CURVE('',#2118,#2118,#321,.T.);
#2692=EDGE_CURVE('',#2118,#2119,#1338,.T.);
#2693=EDGE_CURVE('',#2120,#2119,#322,.T.);
#2694=EDGE_CURVE('',#2121,#2120,#61,.T.);
#2695=EDGE_CURVE('',#2119,#2121,#323,.T.);
#2696=EDGE_CURVE('',#2122,#2122,#324,.T.);
#2697=EDGE_CURVE('',#2122,#2123,#1339,.T.);
#2698=EDGE_CURVE('',#2124,#2123,#325,.T.);
#2699=EDGE_CURVE('',#2125,#2124,#62,.T.);
#2700=EDGE_CURVE('',#2123,#2125,#326,.T.);
#2701=EDGE_CURVE('',#2126,#2126,#327,.T.);
#2702=EDGE_CURVE('',#2126,#2127,#1340,.T.);
#2703=EDGE_CURVE('',#2128,#2127,#328,.T.);
#2704=EDGE_CURVE('',#2129,#2128,#63,.T.);
#2705=EDGE_CURVE('',#2127,#2129,#329,.T.);
#2706=EDGE_CURVE('',#2130,#2130,#330,.T.);
#2707=EDGE_CURVE('',#2130,#2131,#1341,.T.);
#2708=EDGE_CURVE('',#2132,#2131,#64,.T.);
#2709=EDGE_CURVE('',#2133,#2132,#331,.T.);
#2710=EDGE_CURVE('',#2131,#2133,#65,.T.);
#2711=EDGE_CURVE('',#2134,#2134,#332,.T.);
#2712=EDGE_CURVE('',#2134,#2135,#1342,.T.);
#2713=EDGE_CURVE('',#2136,#2135,#66,.T.);
#2714=EDGE_CURVE('',#2137,#2136,#333,.T.);
#2715=EDGE_CURVE('',#2135,#2137,#67,.T.);
#2716=EDGE_CURVE('',#2138,#2138,#334,.T.);
#2717=EDGE_CURVE('',#2138,#2139,#1343,.T.);
#2718=EDGE_CURVE('',#2140,#2139,#335,.T.);
#2719=EDGE_CURVE('',#2141,#2140,#68,.T.);
#2720=EDGE_CURVE('',#2139,#2141,#336,.T.);
#2721=EDGE_CURVE('',#2142,#2142,#337,.T.);
#2722=EDGE_CURVE('',#2142,#2143,#1344,.T.);
#2723=EDGE_CURVE('',#2144,#2143,#338,.T.);
#2724=EDGE_CURVE('',#2145,#2144,#69,.T.);
#2725=EDGE_CURVE('',#2143,#2145,#339,.T.);
#2726=EDGE_CURVE('',#2146,#2146,#340,.T.);
#2727=EDGE_CURVE('',#2146,#2147,#1345,.T.);
#2728=EDGE_CURVE('',#2148,#2147,#341,.T.);
#2729=EDGE_CURVE('',#2149,#2148,#70,.T.);
#2730=EDGE_CURVE('',#2147,#2149,#342,.T.);
#2731=EDGE_CURVE('',#2150,#2150,#343,.T.);
#2732=EDGE_CURVE('',#2150,#2151,#1346,.T.);
#2733=EDGE_CURVE('',#2152,#2151,#344,.T.);
#2734=EDGE_CURVE('',#2153,#2152,#71,.T.);
#2735=EDGE_CURVE('',#2151,#2153,#345,.T.);
#2736=EDGE_CURVE('',#2154,#2117,#1347,.T.);
#2737=EDGE_CURVE('',#2155,#2154,#346,.T.);
#2738=EDGE_CURVE('',#2148,#2155,#1348,.T.);
#2739=EDGE_CURVE('',#2120,#2149,#1349,.T.);
#2740=EDGE_CURVE('',#2156,#2121,#1350,.T.);
#2741=EDGE_CURVE('',#2157,#2156,#347,.T.);
#2742=EDGE_CURVE('',#2144,#2157,#1351,.T.);
#2743=EDGE_CURVE('',#2140,#2145,#1352,.T.);
#2744=EDGE_CURVE('',#2128,#2141,#1353,.T.);
#2745=EDGE_CURVE('',#2158,#2129,#1354,.T.);
#2746=EDGE_CURVE('',#2159,#2158,#348,.T.);
#2747=EDGE_CURVE('',#2137,#2159,#1355,.T.);
#2748=EDGE_CURVE('',#2133,#2136,#1356,.T.);
#2749=EDGE_CURVE('',#2160,#2132,#1357,.T.);
#2750=EDGE_CURVE('',#2161,#2160,#349,.T.);
#2751=EDGE_CURVE('',#2152,#2161,#1358,.T.);
#2752=EDGE_CURVE('',#2124,#2153,#1359,.T.);
#2753=EDGE_CURVE('',#2116,#2125,#1360,.T.);
#2754=EDGE_CURVE('',#2162,#2163,#1361,.T.);
#2755=EDGE_CURVE('',#2163,#2164,#1362,.T.);
#2756=EDGE_CURVE('',#2164,#2165,#1363,.T.);
#2757=EDGE_CURVE('',#2165,#2162,#1364,.T.);
#2758=EDGE_CURVE('',#2166,#2167,#1365,.T.);
#2759=EDGE_CURVE('',#2168,#2167,#1366,.T.);
#2760=EDGE_CURVE('',#2169,#2168,#350,.T.);
#2761=EDGE_CURVE('',#2170,#2169,#1367,.T.);
#2762=EDGE_CURVE('',#2170,#2171,#1368,.T.);
#2763=EDGE_CURVE('',#2172,#2171,#1369,.T.);
#2764=EDGE_CURVE('',#2173,#2172,#1370,.T.);
#2765=EDGE_CURVE('',#2174,#2173,#351,.T.);
#2766=EDGE_CURVE('',#2166,#2174,#1371,.T.);
#2767=EDGE_CURVE('',#2175,#2176,#1372,.T.);
#2768=EDGE_CURVE('',#2177,#2176,#1373,.T.);
#2769=EDGE_CURVE('',#2178,#2177,#352,.T.);
#2770=EDGE_CURVE('',#2179,#2178,#1374,.T.);
#2771=EDGE_CURVE('',#2179,#2180,#1375,.T.);
#2772=EDGE_CURVE('',#2181,#2180,#1376,.T.);
#2773=EDGE_CURVE('',#2182,#2181,#353,.T.);
#2774=EDGE_CURVE('',#2175,#2182,#1377,.T.);
#2775=EDGE_CURVE('',#2183,#2184,#1378,.T.);
#2776=EDGE_CURVE('',#2184,#2175,#354,.F.);
#2777=EDGE_CURVE('',#2182,#2183,#72,.T.);
#2778=EDGE_CURVE('',#2181,#2185,#73,.T.);
#2779=EDGE_CURVE('',#2185,#2183,#355,.T.);
#2780=EDGE_CURVE('',#2180,#2186,#356,.F.);
#2781=EDGE_CURVE('',#2186,#2185,#1379,.T.);
#2782=EDGE_CURVE('',#2187,#2183,#1380,.T.);
#2783=EDGE_CURVE('',#2187,#2188,#1381,.T.);
#2784=EDGE_CURVE('',#2188,#2184,#1382,.T.);
#2785=EDGE_CURVE('',#2189,#2185,#1383,.T.);
#2786=EDGE_CURVE('',#2189,#2187,#357,.T.);
#2787=EDGE_CURVE('',#2190,#2186,#1384,.T.);
#2788=EDGE_CURVE('',#2190,#2189,#1385,.T.);
#2789=EDGE_CURVE('',#2191,#2192,#1386,.T.);
#2790=EDGE_CURVE('',#2192,#2166,#358,.F.);
#2791=EDGE_CURVE('',#2174,#2191,#74,.T.);
#2792=EDGE_CURVE('',#2173,#2193,#75,.T.);
#2793=EDGE_CURVE('',#2193,#2191,#359,.T.);
#2794=EDGE_CURVE('',#2194,#2172,#360,.T.);
#2795=EDGE_CURVE('',#2171,#2195,#361,.F.);
#2796=EDGE_CURVE('',#2195,#2194,#1387,.T.);
#2797=EDGE_CURVE('',#2194,#2193,#1388,.T.);
#2798=EDGE_CURVE('',#2196,#2191,#1389,.T.);
#2799=EDGE_CURVE('',#2196,#2197,#1390,.T.);
#2800=EDGE_CURVE('',#2197,#2192,#1391,.T.);
#2801=EDGE_CURVE('',#2198,#2193,#1392,.T.);
#2802=EDGE_CURVE('',#2198,#2196,#362,.T.);
#2803=EDGE_CURVE('',#2199,#2194,#1393,.T.);
#2804=EDGE_CURVE('',#2199,#2198,#1394,.T.);
#2805=EDGE_CURVE('',#2200,#2195,#1395,.T.);
#2806=EDGE_CURVE('',#2200,#2199,#1396,.T.);
#2807=EDGE_CURVE('',#2201,#2202,#1397,.T.);
#2808=EDGE_CURVE('',#2202,#2179,#363,.F.);
#2809=EDGE_CURVE('',#2178,#2201,#76,.T.);
#2810=EDGE_CURVE('',#2177,#2203,#77,.T.);
#2811=EDGE_CURVE('',#2203,#2201,#364,.T.);
#2812=EDGE_CURVE('',#2176,#2204,#365,.F.);
#2813=EDGE_CURVE('',#2204,#2203,#1398,.T.);
#2814=EDGE_CURVE('',#2205,#2201,#1399,.T.);
#2815=EDGE_CURVE('',#2205,#2206,#1400,.T.);
#2816=EDGE_CURVE('',#2206,#2202,#1401,.T.);
#2817=EDGE_CURVE('',#2207,#2203,#1402,.T.);
#2818=EDGE_CURVE('',#2207,#2205,#366,.T.);
#2819=EDGE_CURVE('',#2208,#2204,#1403,.T.);
#2820=EDGE_CURVE('',#2208,#2207,#1404,.T.);
#2821=EDGE_CURVE('',#2209,#2210,#1405,.T.);
#2822=EDGE_CURVE('',#2210,#2170,#367,.F.);
#2823=EDGE_CURVE('',#2169,#2209,#78,.T.);
#2824=EDGE_CURVE('',#2168,#2211,#79,.T.);
#2825=EDGE_CURVE('',#2211,#2209,#368,.T.);
#2826=EDGE_CURVE('',#2167,#2212,#369,.F.);
#2827=EDGE_CURVE('',#2212,#2211,#1406,.T.);
#2828=EDGE_CURVE('',#2213,#2209,#1407,.T.);
#2829=EDGE_CURVE('',#2213,#2214,#1408,.T.);
#2830=EDGE_CURVE('',#2214,#2210,#1409,.T.);
#2831=EDGE_CURVE('',#2215,#2211,#1410,.T.);
#2832=EDGE_CURVE('',#2215,#2213,#370,.T.);
#2833=EDGE_CURVE('',#2216,#2212,#1411,.T.);
#2834=EDGE_CURVE('',#2216,#2215,#1412,.T.);
#2835=EDGE_CURVE('',#2154,#2217,#371,.T.);
#2836=EDGE_CURVE('',#2217,#2218,#372,.T.);
#2837=EDGE_CURVE('',#2218,#2155,#373,.T.);
#2838=EDGE_CURVE('',#2218,#2219,#1413,.T.);
#2839=EDGE_CURVE('',#2219,#2156,#374,.T.);
#2840=EDGE_CURVE('',#2219,#2220,#375,.T.);
#2841=EDGE_CURVE('',#2220,#2157,#376,.T.);
#2842=EDGE_CURVE('',#2220,#2221,#1414,.T.);
#2843=EDGE_CURVE('',#2221,#2158,#377,.T.);
#2844=EDGE_CURVE('',#2221,#2222,#378,.T.);
#2845=EDGE_CURVE('',#2222,#2159,#379,.T.);
#2846=EDGE_CURVE('',#2222,#2223,#1415,.T.);
#2847=EDGE_CURVE('',#2223,#2160,#380,.T.);
#2848=EDGE_CURVE('',#2223,#2224,#381,.T.);
#2849=EDGE_CURVE('',#2224,#2161,#382,.T.);
#2850=EDGE_CURVE('',#2224,#2217,#1416,.T.);
#2851=EDGE_CURVE('',#2197,#2216,#1417,.T.);
#2852=EDGE_CURVE('',#2214,#2200,#1418,.T.);
#2853=EDGE_CURVE('',#2188,#2208,#1419,.T.);
#2854=EDGE_CURVE('',#2206,#2190,#1420,.T.);
#2855=EDGE_CURVE('',#2225,#2226,#1421,.T.);
#2856=EDGE_CURVE('',#2226,#2162,#1422,.T.);
#2857=EDGE_CURVE('',#2225,#2165,#1423,.T.);
#2858=EDGE_CURVE('',#2227,#2225,#1424,.T.);
#2859=EDGE_CURVE('',#2227,#2164,#1425,.T.);
#2860=EDGE_CURVE('',#2228,#2227,#1426,.T.);
#2861=EDGE_CURVE('',#2228,#2163,#1427,.T.);
#2862=EDGE_CURVE('',#2226,#2228,#1428,.T.);
#2863=ORIENTED_EDGE('',*,*,#2229,.F.);
#2864=ORIENTED_EDGE('',*,*,#2230,.F.);
#2865=ORIENTED_EDGE('',*,*,#2231,.F.);
#2866=ORIENTED_EDGE('',*,*,#2232,.T.);
#2867=ORIENTED_EDGE('',*,*,#2233,.F.);
#2868=ORIENTED_EDGE('',*,*,#2232,.F.);
#2869=ORIENTED_EDGE('',*,*,#2234,.F.);
#2870=ORIENTED_EDGE('',*,*,#2235,.T.);
#2871=ORIENTED_EDGE('',*,*,#2236,.F.);
#2872=ORIENTED_EDGE('',*,*,#2237,.F.);
#2873=ORIENTED_EDGE('',*,*,#2238,.F.);
#2874=ORIENTED_EDGE('',*,*,#2230,.T.);
#2875=ORIENTED_EDGE('',*,*,#2239,.F.);
#2876=ORIENTED_EDGE('',*,*,#2240,.T.);
#2877=ORIENTED_EDGE('',*,*,#2241,.F.);
#2878=ORIENTED_EDGE('',*,*,#2242,.F.);
#2879=ORIENTED_EDGE('',*,*,#2243,.F.);
#2880=ORIENTED_EDGE('',*,*,#2242,.T.);
#2881=ORIENTED_EDGE('',*,*,#2244,.F.);
#2882=ORIENTED_EDGE('',*,*,#2245,.T.);
#2883=ORIENTED_EDGE('',*,*,#2246,.F.);
#2884=ORIENTED_EDGE('',*,*,#2245,.F.);
#2885=ORIENTED_EDGE('',*,*,#2247,.F.);
#2886=ORIENTED_EDGE('',*,*,#2248,.F.);
#2887=ORIENTED_EDGE('',*,*,#2249,.F.);
#2888=ORIENTED_EDGE('',*,*,#2248,.T.);
#2889=ORIENTED_EDGE('',*,*,#2250,.F.);
#2890=ORIENTED_EDGE('',*,*,#2235,.F.);
#2891=ORIENTED_EDGE('',*,*,#2251,.F.);
#2892=ORIENTED_EDGE('',*,*,#2252,.F.);
#2893=ORIENTED_EDGE('',*,*,#2253,.F.);
#2894=ORIENTED_EDGE('',*,*,#2251,.T.);
#2895=ORIENTED_EDGE('',*,*,#2254,.T.);
#2896=ORIENTED_EDGE('',*,*,#2255,.F.);
#2897=ORIENTED_EDGE('',*,*,#2256,.F.);
#2898=ORIENTED_EDGE('',*,*,#2257,.F.);
#2899=ORIENTED_EDGE('',*,*,#2258,.F.);
#2900=ORIENTED_EDGE('',*,*,#2259,.F.);
#2901=ORIENTED_EDGE('',*,*,#2260,.F.);
#2902=ORIENTED_EDGE('',*,*,#2261,.F.);
#2903=ORIENTED_EDGE('',*,*,#2262,.T.);
#2904=ORIENTED_EDGE('',*,*,#2237,.T.);
#2905=ORIENTED_EDGE('',*,*,#2263,.F.);
#2906=ORIENTED_EDGE('',*,*,#2240,.F.);
#2907=ORIENTED_EDGE('',*,*,#2264,.F.);
#2908=ORIENTED_EDGE('',*,*,#2265,.T.);
#2909=ORIENTED_EDGE('',*,*,#2266,.T.);
#2910=ORIENTED_EDGE('',*,*,#2262,.F.);
#2911=ORIENTED_EDGE('',*,*,#2267,.F.);
#2912=ORIENTED_EDGE('',*,*,#2268,.F.);
#2913=ORIENTED_EDGE('',*,*,#2259,.T.);
#2914=ORIENTED_EDGE('',*,*,#2269,.T.);
#2915=ORIENTED_EDGE('',*,*,#2270,.T.);
#2916=ORIENTED_EDGE('',*,*,#2265,.F.);
#2917=ORIENTED_EDGE('',*,*,#2269,.F.);
#2918=ORIENTED_EDGE('',*,*,#2258,.T.);
#2919=ORIENTED_EDGE('',*,*,#2271,.T.);
#2920=ORIENTED_EDGE('',*,*,#2272,.T.);
#2921=ORIENTED_EDGE('',*,*,#2273,.F.);
#2922=ORIENTED_EDGE('',*,*,#2274,.F.);
#2923=ORIENTED_EDGE('',*,*,#2255,.T.);
#2924=ORIENTED_EDGE('',*,*,#2275,.T.);
#2925=ORIENTED_EDGE('',*,*,#2271,.F.);
#2926=ORIENTED_EDGE('',*,*,#2257,.T.);
#2927=ORIENTED_EDGE('',*,*,#2238,.T.);
#2928=ORIENTED_EDGE('',*,*,#2266,.F.);
#2929=ORIENTED_EDGE('',*,*,#2270,.F.);
#2930=ORIENTED_EDGE('',*,*,#2272,.F.);
#2931=ORIENTED_EDGE('',*,*,#2275,.F.);
#2932=ORIENTED_EDGE('',*,*,#2254,.F.);
#2933=ORIENTED_EDGE('',*,*,#2234,.T.);
#2934=ORIENTED_EDGE('',*,*,#2231,.T.);
#2935=ORIENTED_EDGE('',*,*,#2276,.F.);
#2936=ORIENTED_EDGE('',*,*,#2277,.F.);
#2937=ORIENTED_EDGE('',*,*,#2278,.T.);
#2938=ORIENTED_EDGE('',*,*,#2279,.T.);
#2939=ORIENTED_EDGE('',*,*,#2260,.T.);
#2940=ORIENTED_EDGE('',*,*,#2239,.T.);
#2941=ORIENTED_EDGE('',*,*,#2243,.T.);
#2942=ORIENTED_EDGE('',*,*,#2246,.T.);
#2943=ORIENTED_EDGE('',*,*,#2249,.T.);
#2944=ORIENTED_EDGE('',*,*,#2280,.F.);
#2945=ORIENTED_EDGE('',*,*,#2281,.T.);
#2946=ORIENTED_EDGE('',*,*,#2282,.T.);
#2947=ORIENTED_EDGE('',*,*,#2283,.T.);
#2948=ORIENTED_EDGE('',*,*,#2284,.F.);
#2949=ORIENTED_EDGE('',*,*,#2252,.T.);
#2950=ORIENTED_EDGE('',*,*,#2253,.T.);
#2951=ORIENTED_EDGE('',*,*,#2274,.T.);
#2952=ORIENTED_EDGE('',*,*,#2285,.T.);
#2953=ORIENTED_EDGE('',*,*,#2286,.T.);
#2954=ORIENTED_EDGE('',*,*,#2280,.T.);
#2955=ORIENTED_EDGE('',*,*,#2287,.T.);
#2956=ORIENTED_EDGE('',*,*,#2288,.F.);
#2957=ORIENTED_EDGE('',*,*,#2289,.F.);
#2958=ORIENTED_EDGE('',*,*,#2290,.F.);
#2959=ORIENTED_EDGE('',*,*,#2291,.F.);
#2960=ORIENTED_EDGE('',*,*,#2292,.T.);
#2961=ORIENTED_EDGE('',*,*,#2293,.F.);
#2962=ORIENTED_EDGE('',*,*,#2294,.T.);
#2963=ORIENTED_EDGE('',*,*,#2288,.T.);
#2964=ORIENTED_EDGE('',*,*,#2261,.T.);
#2965=ORIENTED_EDGE('',*,*,#2284,.T.);
#2966=ORIENTED_EDGE('',*,*,#2295,.T.);
#2967=ORIENTED_EDGE('',*,*,#2296,.T.);
#2968=ORIENTED_EDGE('',*,*,#2267,.T.);
#2969=ORIENTED_EDGE('',*,*,#2264,.T.);
#2970=ORIENTED_EDGE('',*,*,#2268,.T.);
#2971=ORIENTED_EDGE('',*,*,#2296,.F.);
#2972=ORIENTED_EDGE('',*,*,#2297,.T.);
#2973=ORIENTED_EDGE('',*,*,#2298,.T.);
#2974=ORIENTED_EDGE('',*,*,#2299,.F.);
#2975=ORIENTED_EDGE('',*,*,#2300,.T.);
#2976=ORIENTED_EDGE('',*,*,#2301,.T.);
#2977=ORIENTED_EDGE('',*,*,#2285,.F.);
#2978=ORIENTED_EDGE('',*,*,#2273,.T.);
#2979=ORIENTED_EDGE('',*,*,#2256,.T.);
#2980=ORIENTED_EDGE('',*,*,#2302,.T.);
#2981=ORIENTED_EDGE('',*,*,#2299,.T.);
#2982=ORIENTED_EDGE('',*,*,#2303,.T.);
#2983=ORIENTED_EDGE('',*,*,#2304,.T.);
#2984=ORIENTED_EDGE('',*,*,#2305,.F.);
#2985=ORIENTED_EDGE('',*,*,#2289,.T.);
#2986=ORIENTED_EDGE('',*,*,#2294,.F.);
#2987=ORIENTED_EDGE('',*,*,#2306,.F.);
#2988=ORIENTED_EDGE('',*,*,#2307,.T.);
#2989=ORIENTED_EDGE('',*,*,#2308,.T.);
#2990=ORIENTED_EDGE('',*,*,#2309,.F.);
#2991=ORIENTED_EDGE('',*,*,#2306,.T.);
#2992=ORIENTED_EDGE('',*,*,#2293,.T.);
#2993=ORIENTED_EDGE('',*,*,#2310,.T.);
#2994=ORIENTED_EDGE('',*,*,#2291,.T.);
#2995=ORIENTED_EDGE('',*,*,#2311,.F.);
#2996=ORIENTED_EDGE('',*,*,#2308,.F.);
#2997=ORIENTED_EDGE('',*,*,#2281,.F.);
#2998=ORIENTED_EDGE('',*,*,#2286,.F.);
#2999=ORIENTED_EDGE('',*,*,#2301,.F.);
#3000=ORIENTED_EDGE('',*,*,#2312,.F.);
#3001=ORIENTED_EDGE('',*,*,#2313,.F.);
#3002=ORIENTED_EDGE('',*,*,#2283,.F.);
#3003=ORIENTED_EDGE('',*,*,#2314,.T.);
#3004=ORIENTED_EDGE('',*,*,#2315,.F.);
#3005=ORIENTED_EDGE('',*,*,#2297,.F.);
#3006=ORIENTED_EDGE('',*,*,#2295,.F.);
#3007=ORIENTED_EDGE('',*,*,#2315,.T.);
#3008=ORIENTED_EDGE('',*,*,#2316,.T.);
#3009=ORIENTED_EDGE('',*,*,#2317,.F.);
#3010=ORIENTED_EDGE('',*,*,#2303,.F.);
#3011=ORIENTED_EDGE('',*,*,#2298,.F.);
#3012=ORIENTED_EDGE('',*,*,#2312,.T.);
#3013=ORIENTED_EDGE('',*,*,#2300,.F.);
#3014=ORIENTED_EDGE('',*,*,#2302,.F.);
#3015=ORIENTED_EDGE('',*,*,#2318,.F.);
#3016=ORIENTED_EDGE('',*,*,#2319,.T.);
#3017=ORIENTED_EDGE('',*,*,#2313,.T.);
#3018=ORIENTED_EDGE('',*,*,#2319,.F.);
#3019=ORIENTED_EDGE('',*,*,#2320,.F.);
#3020=ORIENTED_EDGE('',*,*,#2316,.F.);
#3021=ORIENTED_EDGE('',*,*,#2314,.F.);
#3022=ORIENTED_EDGE('',*,*,#2282,.F.);
#3023=ORIENTED_EDGE('',*,*,#2321,.F.);
#3024=ORIENTED_EDGE('',*,*,#2322,.T.);
#3025=ORIENTED_EDGE('',*,*,#2323,.F.);
#3026=ORIENTED_EDGE('',*,*,#2322,.F.);
#3027=ORIENTED_EDGE('',*,*,#2324,.F.);
#3028=ORIENTED_EDGE('',*,*,#2325,.T.);
#3029=ORIENTED_EDGE('',*,*,#2326,.F.);
#3030=ORIENTED_EDGE('',*,*,#2325,.F.);
#3031=ORIENTED_EDGE('',*,*,#2327,.F.);
#3032=ORIENTED_EDGE('',*,*,#2328,.T.);
#3033=ORIENTED_EDGE('',*,*,#2329,.F.);
#3034=ORIENTED_EDGE('',*,*,#2328,.F.);
#3035=ORIENTED_EDGE('',*,*,#2330,.F.);
#3036=ORIENTED_EDGE('',*,*,#2331,.T.);
#3037=ORIENTED_EDGE('',*,*,#2332,.F.);
#3038=ORIENTED_EDGE('',*,*,#2331,.F.);
#3039=ORIENTED_EDGE('',*,*,#2333,.F.);
#3040=ORIENTED_EDGE('',*,*,#2334,.T.);
#3041=ORIENTED_EDGE('',*,*,#2335,.F.);
#3042=ORIENTED_EDGE('',*,*,#2334,.F.);
#3043=ORIENTED_EDGE('',*,*,#2336,.F.);
#3044=ORIENTED_EDGE('',*,*,#2337,.T.);
#3045=ORIENTED_EDGE('',*,*,#2338,.F.);
#3046=ORIENTED_EDGE('',*,*,#2337,.F.);
#3047=ORIENTED_EDGE('',*,*,#2339,.F.);
#3048=ORIENTED_EDGE('',*,*,#2340,.T.);
#3049=ORIENTED_EDGE('',*,*,#2341,.F.);
#3050=ORIENTED_EDGE('',*,*,#2340,.F.);
#3051=ORIENTED_EDGE('',*,*,#2342,.F.);
#3052=ORIENTED_EDGE('',*,*,#2343,.T.);
#3053=ORIENTED_EDGE('',*,*,#2307,.F.);
#3054=ORIENTED_EDGE('',*,*,#2292,.F.);
#3055=ORIENTED_EDGE('',*,*,#2287,.F.);
#3056=ORIENTED_EDGE('',*,*,#2344,.T.);
#3057=ORIENTED_EDGE('',*,*,#2345,.F.);
#3058=ORIENTED_EDGE('',*,*,#2344,.F.);
#3059=ORIENTED_EDGE('',*,*,#2310,.F.);
#3060=ORIENTED_EDGE('',*,*,#2343,.F.);
#3061=ORIENTED_EDGE('',*,*,#2346,.F.);
#3062=ORIENTED_EDGE('',*,*,#2347,.T.);
#3063=ORIENTED_EDGE('',*,*,#2348,.F.);
#3064=ORIENTED_EDGE('',*,*,#2347,.F.);
#3065=ORIENTED_EDGE('',*,*,#2349,.F.);
#3066=ORIENTED_EDGE('',*,*,#2350,.T.);
#3067=ORIENTED_EDGE('',*,*,#2351,.F.);
#3068=ORIENTED_EDGE('',*,*,#2350,.F.);
#3069=ORIENTED_EDGE('',*,*,#2352,.F.);
#3070=ORIENTED_EDGE('',*,*,#2353,.F.);
#3071=ORIENTED_EDGE('',*,*,#2354,.F.);
#3072=ORIENTED_EDGE('',*,*,#2355,.F.);
#3073=ORIENTED_EDGE('',*,*,#2356,.F.);
#3074=ORIENTED_EDGE('',*,*,#2357,.F.);
#3075=ORIENTED_EDGE('',*,*,#2358,.F.);
#3076=ORIENTED_EDGE('',*,*,#2359,.F.);
#3077=ORIENTED_EDGE('',*,*,#2360,.F.);
#3078=ORIENTED_EDGE('',*,*,#2361,.F.);
#3079=ORIENTED_EDGE('',*,*,#2362,.F.);
#3080=ORIENTED_EDGE('',*,*,#2278,.F.);
#3081=ORIENTED_EDGE('',*,*,#2363,.F.);
#3082=ORIENTED_EDGE('',*,*,#2364,.F.);
#3083=ORIENTED_EDGE('',*,*,#2365,.F.);
#3084=ORIENTED_EDGE('',*,*,#2366,.F.);
#3085=ORIENTED_EDGE('',*,*,#2336,.T.);
#3086=ORIENTED_EDGE('',*,*,#2342,.T.);
#3087=ORIENTED_EDGE('',*,*,#2349,.T.);
#3088=ORIENTED_EDGE('',*,*,#2321,.T.);
#3089=ORIENTED_EDGE('',*,*,#2339,.T.);
#3090=ORIENTED_EDGE('',*,*,#2324,.T.);
#3091=ORIENTED_EDGE('',*,*,#2333,.T.);
#3092=ORIENTED_EDGE('',*,*,#2346,.T.);
#3093=ORIENTED_EDGE('',*,*,#2327,.T.);
#3094=ORIENTED_EDGE('',*,*,#2330,.T.);
#3095=ORIENTED_EDGE('',*,*,#2367,.F.);
#3096=ORIENTED_EDGE('',*,*,#2368,.F.);
#3097=ORIENTED_EDGE('',*,*,#2358,.T.);
#3098=ORIENTED_EDGE('',*,*,#2369,.T.);
#3099=ORIENTED_EDGE('',*,*,#2370,.F.);
#3100=ORIENTED_EDGE('',*,*,#2371,.F.);
#3101=ORIENTED_EDGE('',*,*,#2360,.T.);
#3102=ORIENTED_EDGE('',*,*,#2372,.T.);
#3103=ORIENTED_EDGE('',*,*,#2373,.F.);
#3104=ORIENTED_EDGE('',*,*,#2372,.F.);
#3105=ORIENTED_EDGE('',*,*,#2366,.T.);
#3106=ORIENTED_EDGE('',*,*,#2374,.T.);
#3107=ORIENTED_EDGE('',*,*,#2375,.F.);
#3108=ORIENTED_EDGE('',*,*,#2279,.F.);
#3109=ORIENTED_EDGE('',*,*,#2362,.T.);
#3110=ORIENTED_EDGE('',*,*,#2376,.T.);
#3111=ORIENTED_EDGE('',*,*,#2377,.F.);
#3112=ORIENTED_EDGE('',*,*,#2376,.F.);
#3113=ORIENTED_EDGE('',*,*,#2361,.T.);
#3114=ORIENTED_EDGE('',*,*,#2371,.T.);
#3115=ORIENTED_EDGE('',*,*,#2311,.T.);
#3116=ORIENTED_EDGE('',*,*,#2290,.T.);
#3117=ORIENTED_EDGE('',*,*,#2305,.T.);
#3118=ORIENTED_EDGE('',*,*,#2309,.T.);
#3119=ORIENTED_EDGE('',*,*,#2378,.F.);
#3120=ORIENTED_EDGE('',*,*,#2369,.F.);
#3121=ORIENTED_EDGE('',*,*,#2357,.T.);
#3122=ORIENTED_EDGE('',*,*,#2379,.T.);
#3123=ORIENTED_EDGE('',*,*,#2380,.F.);
#3124=ORIENTED_EDGE('',*,*,#2379,.F.);
#3125=ORIENTED_EDGE('',*,*,#2356,.T.);
#3126=ORIENTED_EDGE('',*,*,#2381,.T.);
#3127=ORIENTED_EDGE('',*,*,#2382,.F.);
#3128=ORIENTED_EDGE('',*,*,#2381,.F.);
#3129=ORIENTED_EDGE('',*,*,#2355,.T.);
#3130=ORIENTED_EDGE('',*,*,#2383,.T.);
#3131=ORIENTED_EDGE('',*,*,#2384,.F.);
#3132=ORIENTED_EDGE('',*,*,#2374,.F.);
#3133=ORIENTED_EDGE('',*,*,#2365,.T.);
#3134=ORIENTED_EDGE('',*,*,#2385,.T.);
#3135=ORIENTED_EDGE('',*,*,#2386,.F.);
#3136=ORIENTED_EDGE('',*,*,#2385,.F.);
#3137=ORIENTED_EDGE('',*,*,#2364,.T.);
#3138=ORIENTED_EDGE('',*,*,#2387,.T.);
#3139=ORIENTED_EDGE('',*,*,#2317,.T.);
#3140=ORIENTED_EDGE('',*,*,#2320,.T.);
#3141=ORIENTED_EDGE('',*,*,#2318,.T.);
#3142=ORIENTED_EDGE('',*,*,#2304,.F.);
#3143=ORIENTED_EDGE('',*,*,#2388,.F.);
#3144=ORIENTED_EDGE('',*,*,#2387,.F.);
#3145=ORIENTED_EDGE('',*,*,#2363,.T.);
#3146=ORIENTED_EDGE('',*,*,#2277,.T.);
#3147=ORIENTED_EDGE('',*,*,#2389,.F.);
#3148=ORIENTED_EDGE('',*,*,#2390,.F.);
#3149=ORIENTED_EDGE('',*,*,#2377,.T.);
#3150=ORIENTED_EDGE('',*,*,#2391,.F.);
#3151=ORIENTED_EDGE('',*,*,#2392,.F.);
#3152=ORIENTED_EDGE('',*,*,#2393,.F.);
#3153=ORIENTED_EDGE('',*,*,#2373,.T.);
#3154=ORIENTED_EDGE('',*,*,#2394,.F.);
#3155=ORIENTED_EDGE('',*,*,#2395,.F.);
#3156=ORIENTED_EDGE('',*,*,#2391,.T.);
#3157=ORIENTED_EDGE('',*,*,#2370,.T.);
#3158=ORIENTED_EDGE('',*,*,#2393,.T.);
#3159=ORIENTED_EDGE('',*,*,#2396,.F.);
#3160=ORIENTED_EDGE('',*,*,#2397,.T.);
#3161=ORIENTED_EDGE('',*,*,#2375,.T.);
#3162=ORIENTED_EDGE('',*,*,#2390,.T.);
#3163=ORIENTED_EDGE('',*,*,#2398,.F.);
#3164=ORIENTED_EDGE('',*,*,#2383,.F.);
#3165=ORIENTED_EDGE('',*,*,#2354,.T.);
#3166=ORIENTED_EDGE('',*,*,#2399,.T.);
#3167=ORIENTED_EDGE('',*,*,#2400,.F.);
#3168=ORIENTED_EDGE('',*,*,#2399,.F.);
#3169=ORIENTED_EDGE('',*,*,#2353,.T.);
#3170=ORIENTED_EDGE('',*,*,#2401,.T.);
#3171=ORIENTED_EDGE('',*,*,#2402,.F.);
#3172=ORIENTED_EDGE('',*,*,#2401,.F.);
#3173=ORIENTED_EDGE('',*,*,#2352,.T.);
#3174=ORIENTED_EDGE('',*,*,#2403,.T.);
#3175=ORIENTED_EDGE('',*,*,#2404,.F.);
#3176=ORIENTED_EDGE('',*,*,#2403,.F.);
#3177=ORIENTED_EDGE('',*,*,#2359,.T.);
#3178=ORIENTED_EDGE('',*,*,#2368,.T.);
#3179=ORIENTED_EDGE('',*,*,#2244,.T.);
#3180=ORIENTED_EDGE('',*,*,#2241,.T.);
#3181=ORIENTED_EDGE('',*,*,#2263,.T.);
#3182=ORIENTED_EDGE('',*,*,#2236,.T.);
#3183=ORIENTED_EDGE('',*,*,#2229,.T.);
#3184=ORIENTED_EDGE('',*,*,#2233,.T.);
#3185=ORIENTED_EDGE('',*,*,#2250,.T.);
#3186=ORIENTED_EDGE('',*,*,#2247,.T.);
#3187=ORIENTED_EDGE('',*,*,#2405,.F.);
#3188=ORIENTED_EDGE('',*,*,#2394,.T.);
#3189=ORIENTED_EDGE('',*,*,#2384,.T.);
#3190=ORIENTED_EDGE('',*,*,#2406,.T.);
#3191=ORIENTED_EDGE('',*,*,#2407,.F.);
#3192=ORIENTED_EDGE('',*,*,#2406,.F.);
#3193=ORIENTED_EDGE('',*,*,#2386,.T.);
#3194=ORIENTED_EDGE('',*,*,#2408,.F.);
#3195=ORIENTED_EDGE('',*,*,#2409,.F.);
#3196=ORIENTED_EDGE('',*,*,#2408,.T.);
#3197=ORIENTED_EDGE('',*,*,#2388,.T.);
#3198=ORIENTED_EDGE('',*,*,#2410,.T.);
#3199=ORIENTED_EDGE('',*,*,#2411,.F.);
#3200=ORIENTED_EDGE('',*,*,#2410,.F.);
#3201=ORIENTED_EDGE('',*,*,#2276,.T.);
#3202=ORIENTED_EDGE('',*,*,#2397,.F.);
#3203=ORIENTED_EDGE('',*,*,#2398,.T.);
#3204=ORIENTED_EDGE('',*,*,#2400,.T.);
#3205=ORIENTED_EDGE('',*,*,#2402,.T.);
#3206=ORIENTED_EDGE('',*,*,#2404,.T.);
#3207=ORIENTED_EDGE('',*,*,#2367,.T.);
#3208=ORIENTED_EDGE('',*,*,#2378,.T.);
#3209=ORIENTED_EDGE('',*,*,#2380,.T.);
#3210=ORIENTED_EDGE('',*,*,#2382,.T.);
#3211=ORIENTED_EDGE('',*,*,#2405,.T.);
#3212=ORIENTED_EDGE('',*,*,#2407,.T.);
#3213=ORIENTED_EDGE('',*,*,#2409,.T.);
#3214=ORIENTED_EDGE('',*,*,#2411,.T.);
#3215=ORIENTED_EDGE('',*,*,#2396,.T.);
#3216=ORIENTED_EDGE('',*,*,#2389,.T.);
#3217=ORIENTED_EDGE('',*,*,#2395,.T.);
#3218=ORIENTED_EDGE('',*,*,#2392,.T.);
#3219=ORIENTED_EDGE('',*,*,#2351,.T.);
#3220=ORIENTED_EDGE('',*,*,#2348,.T.);
#3221=ORIENTED_EDGE('',*,*,#2345,.T.);
#3222=ORIENTED_EDGE('',*,*,#2341,.T.);
#3223=ORIENTED_EDGE('',*,*,#2338,.T.);
#3224=ORIENTED_EDGE('',*,*,#2335,.T.);
#3225=ORIENTED_EDGE('',*,*,#2332,.T.);
#3226=ORIENTED_EDGE('',*,*,#2329,.T.);
#3227=ORIENTED_EDGE('',*,*,#2326,.T.);
#3228=ORIENTED_EDGE('',*,*,#2323,.T.);
#3229=ORIENTED_EDGE('',*,*,#2412,.F.);
#3230=ORIENTED_EDGE('',*,*,#2413,.T.);
#3231=ORIENTED_EDGE('',*,*,#2414,.T.);
#3232=ORIENTED_EDGE('',*,*,#2413,.F.);
#3233=ORIENTED_EDGE('',*,*,#2415,.F.);
#3234=ORIENTED_EDGE('',*,*,#2416,.T.);
#3235=ORIENTED_EDGE('',*,*,#2417,.T.);
#3236=ORIENTED_EDGE('',*,*,#2416,.F.);
#3237=ORIENTED_EDGE('',*,*,#2417,.F.);
#3238=ORIENTED_EDGE('',*,*,#2414,.F.);
#3239=ORIENTED_EDGE('',*,*,#2418,.F.);
#3240=ORIENTED_EDGE('',*,*,#2419,.F.);
#3241=ORIENTED_EDGE('',*,*,#2420,.F.);
#3242=ORIENTED_EDGE('',*,*,#2421,.F.);
#3243=ORIENTED_EDGE('',*,*,#2422,.T.);
#3244=ORIENTED_EDGE('',*,*,#2423,.T.);
#3245=ORIENTED_EDGE('',*,*,#2424,.T.);
#3246=ORIENTED_EDGE('',*,*,#2425,.T.);
#3247=ORIENTED_EDGE('',*,*,#2426,.T.);
#3248=ORIENTED_EDGE('',*,*,#2427,.T.);
#3249=ORIENTED_EDGE('',*,*,#2428,.T.);
#3250=ORIENTED_EDGE('',*,*,#2429,.T.);
#3251=ORIENTED_EDGE('',*,*,#2430,.T.);
#3252=ORIENTED_EDGE('',*,*,#2431,.T.);
#3253=ORIENTED_EDGE('',*,*,#2415,.T.);
#3254=ORIENTED_EDGE('',*,*,#2432,.F.);
#3255=ORIENTED_EDGE('',*,*,#2433,.T.);
#3256=ORIENTED_EDGE('',*,*,#2434,.T.);
#3257=ORIENTED_EDGE('',*,*,#2433,.F.);
#3258=ORIENTED_EDGE('',*,*,#2422,.F.);
#3259=ORIENTED_EDGE('',*,*,#2435,.T.);
#3260=ORIENTED_EDGE('',*,*,#2436,.T.);
#3261=ORIENTED_EDGE('',*,*,#2435,.F.);
#3262=ORIENTED_EDGE('',*,*,#2436,.F.);
#3263=ORIENTED_EDGE('',*,*,#2434,.F.);
#3264=ORIENTED_EDGE('',*,*,#2412,.T.);
#3265=ORIENTED_EDGE('',*,*,#2437,.F.);
#3266=ORIENTED_EDGE('',*,*,#2438,.T.);
#3267=ORIENTED_EDGE('',*,*,#2439,.T.);
#3268=ORIENTED_EDGE('',*,*,#2438,.F.);
#3269=ORIENTED_EDGE('',*,*,#2439,.F.);
#3270=ORIENTED_EDGE('',*,*,#2440,.F.);
#3271=ORIENTED_EDGE('',*,*,#2441,.T.);
#3272=ORIENTED_EDGE('',*,*,#2442,.T.);
#3273=ORIENTED_EDGE('',*,*,#2441,.F.);
#3274=ORIENTED_EDGE('',*,*,#2442,.F.);
#3275=ORIENTED_EDGE('',*,*,#2443,.F.);
#3276=ORIENTED_EDGE('',*,*,#2444,.T.);
#3277=ORIENTED_EDGE('',*,*,#2445,.T.);
#3278=ORIENTED_EDGE('',*,*,#2446,.T.);
#3279=ORIENTED_EDGE('',*,*,#2447,.F.);
#3280=ORIENTED_EDGE('',*,*,#2448,.F.);
#3281=ORIENTED_EDGE('',*,*,#2449,.T.);
#3282=ORIENTED_EDGE('',*,*,#2444,.F.);
#3283=ORIENTED_EDGE('',*,*,#2450,.F.);
#3284=ORIENTED_EDGE('',*,*,#2446,.F.);
#3285=ORIENTED_EDGE('',*,*,#2451,.F.);
#3286=ORIENTED_EDGE('',*,*,#2452,.F.);
#3287=ORIENTED_EDGE('',*,*,#2453,.F.);
#3288=ORIENTED_EDGE('',*,*,#2451,.T.);
#3289=ORIENTED_EDGE('',*,*,#2445,.F.);
#3290=ORIENTED_EDGE('',*,*,#2449,.F.);
#3291=ORIENTED_EDGE('',*,*,#2454,.F.);
#3292=ORIENTED_EDGE('',*,*,#2452,.T.);
#3293=ORIENTED_EDGE('',*,*,#2453,.T.);
#3294=ORIENTED_EDGE('',*,*,#2448,.T.);
#3295=ORIENTED_EDGE('',*,*,#2455,.F.);
#3296=ORIENTED_EDGE('',*,*,#2456,.T.);
#3297=ORIENTED_EDGE('',*,*,#2457,.T.);
#3298=ORIENTED_EDGE('',*,*,#2458,.T.);
#3299=ORIENTED_EDGE('',*,*,#2459,.T.);
#3300=ORIENTED_EDGE('',*,*,#2460,.F.);
#3301=ORIENTED_EDGE('',*,*,#2461,.T.);
#3302=ORIENTED_EDGE('',*,*,#2462,.T.);
#3303=ORIENTED_EDGE('',*,*,#2456,.F.);
#3304=ORIENTED_EDGE('',*,*,#2463,.F.);
#3305=ORIENTED_EDGE('',*,*,#2459,.F.);
#3306=ORIENTED_EDGE('',*,*,#2464,.F.);
#3307=ORIENTED_EDGE('',*,*,#2465,.T.);
#3308=ORIENTED_EDGE('',*,*,#2466,.T.);
#3309=ORIENTED_EDGE('',*,*,#2464,.T.);
#3310=ORIENTED_EDGE('',*,*,#2458,.F.);
#3311=ORIENTED_EDGE('',*,*,#2467,.F.);
#3312=ORIENTED_EDGE('',*,*,#2468,.T.);
#3313=ORIENTED_EDGE('',*,*,#2467,.T.);
#3314=ORIENTED_EDGE('',*,*,#2457,.F.);
#3315=ORIENTED_EDGE('',*,*,#2462,.F.);
#3316=ORIENTED_EDGE('',*,*,#2469,.F.);
#3317=ORIENTED_EDGE('',*,*,#2465,.F.);
#3318=ORIENTED_EDGE('',*,*,#2466,.F.);
#3319=ORIENTED_EDGE('',*,*,#2468,.F.);
#3320=ORIENTED_EDGE('',*,*,#2461,.F.);
#3321=ORIENTED_EDGE('',*,*,#2423,.F.);
#3322=ORIENTED_EDGE('',*,*,#2470,.T.);
#3323=ORIENTED_EDGE('',*,*,#2471,.F.);
#3324=ORIENTED_EDGE('',*,*,#2472,.F.);
#3325=ORIENTED_EDGE('',*,*,#2424,.F.);
#3326=ORIENTED_EDGE('',*,*,#2472,.T.);
#3327=ORIENTED_EDGE('',*,*,#2473,.F.);
#3328=ORIENTED_EDGE('',*,*,#2474,.F.);
#3329=ORIENTED_EDGE('',*,*,#2425,.F.);
#3330=ORIENTED_EDGE('',*,*,#2474,.T.);
#3331=ORIENTED_EDGE('',*,*,#2475,.F.);
#3332=ORIENTED_EDGE('',*,*,#2476,.F.);
#3333=ORIENTED_EDGE('',*,*,#2460,.T.);
#3334=ORIENTED_EDGE('',*,*,#2455,.T.);
#3335=ORIENTED_EDGE('',*,*,#2463,.T.);
#3336=ORIENTED_EDGE('',*,*,#2469,.T.);
#3337=ORIENTED_EDGE('',*,*,#2477,.F.);
#3338=ORIENTED_EDGE('',*,*,#2476,.T.);
#3339=ORIENTED_EDGE('',*,*,#2478,.F.);
#3340=ORIENTED_EDGE('',*,*,#2479,.F.);
#3341=ORIENTED_EDGE('',*,*,#2480,.F.);
#3342=ORIENTED_EDGE('',*,*,#2479,.T.);
#3343=ORIENTED_EDGE('',*,*,#2481,.F.);
#3344=ORIENTED_EDGE('',*,*,#2482,.F.);
#3345=ORIENTED_EDGE('',*,*,#2483,.F.);
#3346=ORIENTED_EDGE('',*,*,#2482,.T.);
#3347=ORIENTED_EDGE('',*,*,#2484,.F.);
#3348=ORIENTED_EDGE('',*,*,#2485,.F.);
#3349=ORIENTED_EDGE('',*,*,#2426,.F.);
#3350=ORIENTED_EDGE('',*,*,#2485,.T.);
#3351=ORIENTED_EDGE('',*,*,#2486,.F.);
#3352=ORIENTED_EDGE('',*,*,#2487,.F.);
#3353=ORIENTED_EDGE('',*,*,#2427,.F.);
#3354=ORIENTED_EDGE('',*,*,#2487,.T.);
#3355=ORIENTED_EDGE('',*,*,#2488,.F.);
#3356=ORIENTED_EDGE('',*,*,#2489,.F.);
#3357=ORIENTED_EDGE('',*,*,#2428,.F.);
#3358=ORIENTED_EDGE('',*,*,#2489,.T.);
#3359=ORIENTED_EDGE('',*,*,#2490,.F.);
#3360=ORIENTED_EDGE('',*,*,#2491,.F.);
#3361=ORIENTED_EDGE('',*,*,#2429,.F.);
#3362=ORIENTED_EDGE('',*,*,#2491,.T.);
#3363=ORIENTED_EDGE('',*,*,#2492,.F.);
#3364=ORIENTED_EDGE('',*,*,#2493,.F.);
#3365=ORIENTED_EDGE('',*,*,#2430,.F.);
#3366=ORIENTED_EDGE('',*,*,#2493,.T.);
#3367=ORIENTED_EDGE('',*,*,#2494,.F.);
#3368=ORIENTED_EDGE('',*,*,#2470,.F.);
#3369=ORIENTED_EDGE('',*,*,#2494,.T.);
#3370=ORIENTED_EDGE('',*,*,#2492,.T.);
#3371=ORIENTED_EDGE('',*,*,#2490,.T.);
#3372=ORIENTED_EDGE('',*,*,#2488,.T.);
#3373=ORIENTED_EDGE('',*,*,#2486,.T.);
#3374=ORIENTED_EDGE('',*,*,#2484,.T.);
#3375=ORIENTED_EDGE('',*,*,#2481,.T.);
#3376=ORIENTED_EDGE('',*,*,#2478,.T.);
#3377=ORIENTED_EDGE('',*,*,#2475,.T.);
#3378=ORIENTED_EDGE('',*,*,#2473,.T.);
#3379=ORIENTED_EDGE('',*,*,#2471,.T.);
#3380=ORIENTED_EDGE('',*,*,#2437,.T.);
#3381=ORIENTED_EDGE('',*,*,#2440,.T.);
#3382=ORIENTED_EDGE('',*,*,#2477,.T.);
#3383=ORIENTED_EDGE('',*,*,#2480,.T.);
#3384=ORIENTED_EDGE('',*,*,#2483,.T.);
#3385=ORIENTED_EDGE('',*,*,#2495,.F.);
#3386=ORIENTED_EDGE('',*,*,#2496,.T.);
#3387=ORIENTED_EDGE('',*,*,#2497,.F.);
#3388=ORIENTED_EDGE('',*,*,#2498,.F.);
#3389=ORIENTED_EDGE('',*,*,#2499,.F.);
#3390=ORIENTED_EDGE('',*,*,#2500,.T.);
#3391=ORIENTED_EDGE('',*,*,#2501,.F.);
#3392=ORIENTED_EDGE('',*,*,#2496,.F.);
#3393=ORIENTED_EDGE('',*,*,#2502,.F.);
#3394=ORIENTED_EDGE('',*,*,#2498,.T.);
#3395=ORIENTED_EDGE('',*,*,#2503,.F.);
#3396=ORIENTED_EDGE('',*,*,#2504,.F.);
#3397=ORIENTED_EDGE('',*,*,#2447,.T.);
#3398=ORIENTED_EDGE('',*,*,#2443,.T.);
#3399=ORIENTED_EDGE('',*,*,#2450,.T.);
#3400=ORIENTED_EDGE('',*,*,#2454,.T.);
#3401=ORIENTED_EDGE('',*,*,#2505,.F.);
#3402=ORIENTED_EDGE('',*,*,#2504,.T.);
#3403=ORIENTED_EDGE('',*,*,#2506,.F.);
#3404=ORIENTED_EDGE('',*,*,#2500,.F.);
#3405=ORIENTED_EDGE('',*,*,#2506,.T.);
#3406=ORIENTED_EDGE('',*,*,#2503,.T.);
#3407=ORIENTED_EDGE('',*,*,#2497,.T.);
#3408=ORIENTED_EDGE('',*,*,#2501,.T.);
#3409=ORIENTED_EDGE('',*,*,#2507,.T.);
#3410=ORIENTED_EDGE('',*,*,#2508,.T.);
#3411=ORIENTED_EDGE('',*,*,#2509,.T.);
#3412=ORIENTED_EDGE('',*,*,#2508,.F.);
#3413=ORIENTED_EDGE('',*,*,#2431,.F.);
#3414=ORIENTED_EDGE('',*,*,#2510,.T.);
#3415=ORIENTED_EDGE('',*,*,#2509,.F.);
#3416=ORIENTED_EDGE('',*,*,#2510,.F.);
#3417=ORIENTED_EDGE('',*,*,#2511,.F.);
#3418=ORIENTED_EDGE('',*,*,#2512,.F.);
#3419=ORIENTED_EDGE('',*,*,#2513,.F.);
#3420=ORIENTED_EDGE('',*,*,#2514,.F.);
#3421=ORIENTED_EDGE('',*,*,#2515,.F.);
#3422=ORIENTED_EDGE('',*,*,#2516,.F.);
#3423=ORIENTED_EDGE('',*,*,#2517,.F.);
#3424=ORIENTED_EDGE('',*,*,#2518,.F.);
#3425=ORIENTED_EDGE('',*,*,#2507,.F.);
#3426=ORIENTED_EDGE('',*,*,#2519,.F.);
#3427=ORIENTED_EDGE('',*,*,#2520,.F.);
#3428=ORIENTED_EDGE('',*,*,#2521,.T.);
#3429=ORIENTED_EDGE('',*,*,#2522,.T.);
#3430=ORIENTED_EDGE('',*,*,#2521,.F.);
#3431=ORIENTED_EDGE('',*,*,#2522,.F.);
#3432=ORIENTED_EDGE('',*,*,#2523,.F.);
#3433=ORIENTED_EDGE('',*,*,#2524,.F.);
#3434=ORIENTED_EDGE('',*,*,#2525,.F.);
#3435=ORIENTED_EDGE('',*,*,#2526,.T.);
#3436=ORIENTED_EDGE('',*,*,#2527,.T.);
#3437=ORIENTED_EDGE('',*,*,#2526,.F.);
#3438=ORIENTED_EDGE('',*,*,#2527,.F.);
#3439=ORIENTED_EDGE('',*,*,#2528,.F.);
#3440=ORIENTED_EDGE('',*,*,#2529,.F.);
#3441=ORIENTED_EDGE('',*,*,#2530,.F.);
#3442=ORIENTED_EDGE('',*,*,#2531,.T.);
#3443=ORIENTED_EDGE('',*,*,#2532,.T.);
#3444=ORIENTED_EDGE('',*,*,#2531,.F.);
#3445=ORIENTED_EDGE('',*,*,#2532,.F.);
#3446=ORIENTED_EDGE('',*,*,#2533,.F.);
#3447=ORIENTED_EDGE('',*,*,#2534,.F.);
#3448=ORIENTED_EDGE('',*,*,#2535,.F.);
#3449=ORIENTED_EDGE('',*,*,#2536,.T.);
#3450=ORIENTED_EDGE('',*,*,#2537,.T.);
#3451=ORIENTED_EDGE('',*,*,#2536,.F.);
#3452=ORIENTED_EDGE('',*,*,#2537,.F.);
#3453=ORIENTED_EDGE('',*,*,#2538,.F.);
#3454=ORIENTED_EDGE('',*,*,#2539,.F.);
#3455=ORIENTED_EDGE('',*,*,#2540,.F.);
#3456=ORIENTED_EDGE('',*,*,#2541,.T.);
#3457=ORIENTED_EDGE('',*,*,#2542,.T.);
#3458=ORIENTED_EDGE('',*,*,#2541,.F.);
#3459=ORIENTED_EDGE('',*,*,#2542,.F.);
#3460=ORIENTED_EDGE('',*,*,#2543,.F.);
#3461=ORIENTED_EDGE('',*,*,#2544,.F.);
#3462=ORIENTED_EDGE('',*,*,#2545,.F.);
#3463=ORIENTED_EDGE('',*,*,#2546,.T.);
#3464=ORIENTED_EDGE('',*,*,#2547,.T.);
#3465=ORIENTED_EDGE('',*,*,#2546,.F.);
#3466=ORIENTED_EDGE('',*,*,#2547,.F.);
#3467=ORIENTED_EDGE('',*,*,#2548,.F.);
#3468=ORIENTED_EDGE('',*,*,#2549,.F.);
#3469=ORIENTED_EDGE('',*,*,#2550,.T.);
#3470=ORIENTED_EDGE('',*,*,#2551,.T.);
#3471=ORIENTED_EDGE('',*,*,#2550,.F.);
#3472=ORIENTED_EDGE('',*,*,#2551,.F.);
#3473=ORIENTED_EDGE('',*,*,#2552,.F.);
#3474=ORIENTED_EDGE('',*,*,#2553,.F.);
#3475=ORIENTED_EDGE('',*,*,#2554,.T.);
#3476=ORIENTED_EDGE('',*,*,#2555,.T.);
#3477=ORIENTED_EDGE('',*,*,#2554,.F.);
#3478=ORIENTED_EDGE('',*,*,#2555,.F.);
#3479=ORIENTED_EDGE('',*,*,#2556,.F.);
#3480=ORIENTED_EDGE('',*,*,#2557,.F.);
#3481=ORIENTED_EDGE('',*,*,#2558,.F.);
#3482=ORIENTED_EDGE('',*,*,#2559,.T.);
#3483=ORIENTED_EDGE('',*,*,#2560,.T.);
#3484=ORIENTED_EDGE('',*,*,#2559,.F.);
#3485=ORIENTED_EDGE('',*,*,#2560,.F.);
#3486=ORIENTED_EDGE('',*,*,#2561,.F.);
#3487=ORIENTED_EDGE('',*,*,#2562,.F.);
#3488=ORIENTED_EDGE('',*,*,#2563,.F.);
#3489=ORIENTED_EDGE('',*,*,#2564,.T.);
#3490=ORIENTED_EDGE('',*,*,#2565,.T.);
#3491=ORIENTED_EDGE('',*,*,#2564,.F.);
#3492=ORIENTED_EDGE('',*,*,#2565,.F.);
#3493=ORIENTED_EDGE('',*,*,#2566,.F.);
#3494=ORIENTED_EDGE('',*,*,#2567,.F.);
#3495=ORIENTED_EDGE('',*,*,#2568,.T.);
#3496=ORIENTED_EDGE('',*,*,#2538,.T.);
#3497=ORIENTED_EDGE('',*,*,#2568,.F.);
#3498=ORIENTED_EDGE('',*,*,#2569,.F.);
#3499=ORIENTED_EDGE('',*,*,#2570,.T.);
#3500=ORIENTED_EDGE('',*,*,#2523,.T.);
#3501=ORIENTED_EDGE('',*,*,#2570,.F.);
#3502=ORIENTED_EDGE('',*,*,#2571,.F.);
#3503=ORIENTED_EDGE('',*,*,#2572,.T.);
#3504=ORIENTED_EDGE('',*,*,#2552,.T.);
#3505=ORIENTED_EDGE('',*,*,#2572,.F.);
#3506=ORIENTED_EDGE('',*,*,#2573,.F.);
#3507=ORIENTED_EDGE('',*,*,#2574,.T.);
#3508=ORIENTED_EDGE('',*,*,#2533,.T.);
#3509=ORIENTED_EDGE('',*,*,#2574,.F.);
#3510=ORIENTED_EDGE('',*,*,#2575,.F.);
#3511=ORIENTED_EDGE('',*,*,#2576,.T.);
#3512=ORIENTED_EDGE('',*,*,#2561,.T.);
#3513=ORIENTED_EDGE('',*,*,#2576,.F.);
#3514=ORIENTED_EDGE('',*,*,#2577,.F.);
#3515=ORIENTED_EDGE('',*,*,#2578,.T.);
#3516=ORIENTED_EDGE('',*,*,#2543,.T.);
#3517=ORIENTED_EDGE('',*,*,#2578,.F.);
#3518=ORIENTED_EDGE('',*,*,#2579,.F.);
#3519=ORIENTED_EDGE('',*,*,#2580,.T.);
#3520=ORIENTED_EDGE('',*,*,#2548,.T.);
#3521=ORIENTED_EDGE('',*,*,#2580,.F.);
#3522=ORIENTED_EDGE('',*,*,#2581,.F.);
#3523=ORIENTED_EDGE('',*,*,#2582,.T.);
#3524=ORIENTED_EDGE('',*,*,#2556,.T.);
#3525=ORIENTED_EDGE('',*,*,#2582,.F.);
#3526=ORIENTED_EDGE('',*,*,#2583,.F.);
#3527=ORIENTED_EDGE('',*,*,#2584,.T.);
#3528=ORIENTED_EDGE('',*,*,#2566,.T.);
#3529=ORIENTED_EDGE('',*,*,#2584,.F.);
#3530=ORIENTED_EDGE('',*,*,#2585,.F.);
#3531=ORIENTED_EDGE('',*,*,#2586,.T.);
#3532=ORIENTED_EDGE('',*,*,#2528,.T.);
#3533=ORIENTED_EDGE('',*,*,#2586,.F.);
#3534=ORIENTED_EDGE('',*,*,#2587,.F.);
#3535=ORIENTED_EDGE('',*,*,#2588,.F.);
#3536=ORIENTED_EDGE('',*,*,#2589,.F.);
#3537=ORIENTED_EDGE('',*,*,#2590,.F.);
#3538=ORIENTED_EDGE('',*,*,#2591,.F.);
#3539=ORIENTED_EDGE('',*,*,#2592,.F.);
#3540=ORIENTED_EDGE('',*,*,#2593,.F.);
#3541=ORIENTED_EDGE('',*,*,#2594,.F.);
#3542=ORIENTED_EDGE('',*,*,#2595,.F.);
#3543=ORIENTED_EDGE('',*,*,#2596,.F.);
#3544=ORIENTED_EDGE('',*,*,#2597,.F.);
#3545=ORIENTED_EDGE('',*,*,#2598,.F.);
#3546=ORIENTED_EDGE('',*,*,#2599,.F.);
#3547=ORIENTED_EDGE('',*,*,#2600,.F.);
#3548=ORIENTED_EDGE('',*,*,#2601,.F.);
#3549=ORIENTED_EDGE('',*,*,#2602,.F.);
#3550=ORIENTED_EDGE('',*,*,#2585,.T.);
#3551=ORIENTED_EDGE('',*,*,#2583,.T.);
#3552=ORIENTED_EDGE('',*,*,#2581,.T.);
#3553=ORIENTED_EDGE('',*,*,#2579,.T.);
#3554=ORIENTED_EDGE('',*,*,#2577,.T.);
#3555=ORIENTED_EDGE('',*,*,#2575,.T.);
#3556=ORIENTED_EDGE('',*,*,#2573,.T.);
#3557=ORIENTED_EDGE('',*,*,#2571,.T.);
#3558=ORIENTED_EDGE('',*,*,#2569,.T.);
#3559=ORIENTED_EDGE('',*,*,#2567,.T.);
#3560=ORIENTED_EDGE('',*,*,#2599,.T.);
#3561=ORIENTED_EDGE('',*,*,#2603,.T.);
#3562=ORIENTED_EDGE('',*,*,#2604,.T.);
#3563=ORIENTED_EDGE('',*,*,#2598,.T.);
#3564=ORIENTED_EDGE('',*,*,#2605,.F.);
#3565=ORIENTED_EDGE('',*,*,#2420,.T.);
#3566=ORIENTED_EDGE('',*,*,#2603,.F.);
#3567=ORIENTED_EDGE('',*,*,#2597,.T.);
#3568=ORIENTED_EDGE('',*,*,#2606,.T.);
#3569=ORIENTED_EDGE('',*,*,#2605,.T.);
#3570=ORIENTED_EDGE('',*,*,#2596,.T.);
#3571=ORIENTED_EDGE('',*,*,#2607,.F.);
#3572=ORIENTED_EDGE('',*,*,#2421,.T.);
#3573=ORIENTED_EDGE('',*,*,#2606,.F.);
#3574=ORIENTED_EDGE('',*,*,#2591,.T.);
#3575=ORIENTED_EDGE('',*,*,#2608,.T.);
#3576=ORIENTED_EDGE('',*,*,#2609,.F.);
#3577=ORIENTED_EDGE('',*,*,#2610,.F.);
#3578=ORIENTED_EDGE('',*,*,#2590,.T.);
#3579=ORIENTED_EDGE('',*,*,#2611,.T.);
#3580=ORIENTED_EDGE('',*,*,#2612,.F.);
#3581=ORIENTED_EDGE('',*,*,#2608,.F.);
#3582=ORIENTED_EDGE('',*,*,#2589,.T.);
#3583=ORIENTED_EDGE('',*,*,#2613,.T.);
#3584=ORIENTED_EDGE('',*,*,#2614,.F.);
#3585=ORIENTED_EDGE('',*,*,#2611,.F.);
#3586=ORIENTED_EDGE('',*,*,#2588,.T.);
#3587=ORIENTED_EDGE('',*,*,#2615,.T.);
#3588=ORIENTED_EDGE('',*,*,#2616,.F.);
#3589=ORIENTED_EDGE('',*,*,#2613,.F.);
#3590=ORIENTED_EDGE('',*,*,#2601,.T.);
#3591=ORIENTED_EDGE('',*,*,#2617,.T.);
#3592=ORIENTED_EDGE('',*,*,#2618,.T.);
#3593=ORIENTED_EDGE('',*,*,#2595,.T.);
#3594=ORIENTED_EDGE('',*,*,#2619,.T.);
#3595=ORIENTED_EDGE('',*,*,#2607,.T.);
#3596=ORIENTED_EDGE('',*,*,#2602,.T.);
#3597=ORIENTED_EDGE('',*,*,#2618,.F.);
#3598=ORIENTED_EDGE('',*,*,#2418,.T.);
#3599=ORIENTED_EDGE('',*,*,#2619,.F.);
#3600=ORIENTED_EDGE('',*,*,#2600,.T.);
#3601=ORIENTED_EDGE('',*,*,#2604,.F.);
#3602=ORIENTED_EDGE('',*,*,#2419,.T.);
#3603=ORIENTED_EDGE('',*,*,#2617,.F.);
#3604=ORIENTED_EDGE('',*,*,#2499,.T.);
#3605=ORIENTED_EDGE('',*,*,#2495,.T.);
#3606=ORIENTED_EDGE('',*,*,#2502,.T.);
#3607=ORIENTED_EDGE('',*,*,#2505,.T.);
#3608=ORIENTED_EDGE('',*,*,#2432,.T.);
#3609=ORIENTED_EDGE('',*,*,#2620,.T.);
#3610=ORIENTED_EDGE('',*,*,#2612,.T.);
#3611=ORIENTED_EDGE('',*,*,#2621,.T.);
#3612=ORIENTED_EDGE('',*,*,#2511,.T.);
#3613=ORIENTED_EDGE('',*,*,#2519,.T.);
#3614=ORIENTED_EDGE('',*,*,#2520,.T.);
#3615=ORIENTED_EDGE('',*,*,#2544,.T.);
#3616=ORIENTED_EDGE('',*,*,#2545,.T.);
#3617=ORIENTED_EDGE('',*,*,#2622,.T.);
#3618=ORIENTED_EDGE('',*,*,#2512,.T.);
#3619=ORIENTED_EDGE('',*,*,#2621,.F.);
#3620=ORIENTED_EDGE('',*,*,#2614,.T.);
#3621=ORIENTED_EDGE('',*,*,#2623,.T.);
#3622=ORIENTED_EDGE('',*,*,#2513,.T.);
#3623=ORIENTED_EDGE('',*,*,#2622,.F.);
#3624=ORIENTED_EDGE('',*,*,#2616,.T.);
#3625=ORIENTED_EDGE('',*,*,#2524,.T.);
#3626=ORIENTED_EDGE('',*,*,#2525,.T.);
#3627=ORIENTED_EDGE('',*,*,#2534,.T.);
#3628=ORIENTED_EDGE('',*,*,#2535,.T.);
#3629=ORIENTED_EDGE('',*,*,#2557,.T.);
#3630=ORIENTED_EDGE('',*,*,#2558,.T.);
#3631=ORIENTED_EDGE('',*,*,#2624,.T.);
#3632=ORIENTED_EDGE('',*,*,#2514,.T.);
#3633=ORIENTED_EDGE('',*,*,#2623,.F.);
#3634=ORIENTED_EDGE('',*,*,#2625,.T.);
#3635=ORIENTED_EDGE('',*,*,#2626,.T.);
#3636=ORIENTED_EDGE('',*,*,#2515,.T.);
#3637=ORIENTED_EDGE('',*,*,#2624,.F.);
#3638=ORIENTED_EDGE('',*,*,#2627,.T.);
#3639=ORIENTED_EDGE('',*,*,#2549,.T.);
#3640=ORIENTED_EDGE('',*,*,#2553,.T.);
#3641=ORIENTED_EDGE('',*,*,#2628,.T.);
#3642=ORIENTED_EDGE('',*,*,#2516,.T.);
#3643=ORIENTED_EDGE('',*,*,#2626,.F.);
#3644=ORIENTED_EDGE('',*,*,#2629,.T.);
#3645=ORIENTED_EDGE('',*,*,#2630,.T.);
#3646=ORIENTED_EDGE('',*,*,#2517,.T.);
#3647=ORIENTED_EDGE('',*,*,#2628,.F.);
#3648=ORIENTED_EDGE('',*,*,#2631,.T.);
#3649=ORIENTED_EDGE('',*,*,#2529,.T.);
#3650=ORIENTED_EDGE('',*,*,#2530,.T.);
#3651=ORIENTED_EDGE('',*,*,#2539,.T.);
#3652=ORIENTED_EDGE('',*,*,#2540,.T.);
#3653=ORIENTED_EDGE('',*,*,#2562,.T.);
#3654=ORIENTED_EDGE('',*,*,#2563,.T.);
#3655=ORIENTED_EDGE('',*,*,#2620,.F.);
#3656=ORIENTED_EDGE('',*,*,#2518,.T.);
#3657=ORIENTED_EDGE('',*,*,#2630,.F.);
#3658=ORIENTED_EDGE('',*,*,#2609,.T.);
#3659=ORIENTED_EDGE('',*,*,#2587,.T.);
#3660=ORIENTED_EDGE('',*,*,#2632,.T.);
#3661=ORIENTED_EDGE('',*,*,#2625,.F.);
#3662=ORIENTED_EDGE('',*,*,#2615,.F.);
#3663=ORIENTED_EDGE('',*,*,#2594,.T.);
#3664=ORIENTED_EDGE('',*,*,#2633,.T.);
#3665=ORIENTED_EDGE('',*,*,#2627,.F.);
#3666=ORIENTED_EDGE('',*,*,#2632,.F.);
#3667=ORIENTED_EDGE('',*,*,#2592,.T.);
#3668=ORIENTED_EDGE('',*,*,#2610,.T.);
#3669=ORIENTED_EDGE('',*,*,#2631,.F.);
#3670=ORIENTED_EDGE('',*,*,#2634,.F.);
#3671=ORIENTED_EDGE('',*,*,#2593,.T.);
#3672=ORIENTED_EDGE('',*,*,#2634,.T.);
#3673=ORIENTED_EDGE('',*,*,#2629,.F.);
#3674=ORIENTED_EDGE('',*,*,#2633,.F.);
#3675=ORIENTED_EDGE('',*,*,#2635,.F.);
#3676=ORIENTED_EDGE('',*,*,#2636,.T.);
#3677=ORIENTED_EDGE('',*,*,#2637,.T.);
#3678=ORIENTED_EDGE('',*,*,#2636,.F.);
#3679=ORIENTED_EDGE('',*,*,#2638,.F.);
#3680=ORIENTED_EDGE('',*,*,#2639,.T.);
#3681=ORIENTED_EDGE('',*,*,#2640,.T.);
#3682=ORIENTED_EDGE('',*,*,#2639,.F.);
#3683=ORIENTED_EDGE('',*,*,#2641,.T.);
#3684=ORIENTED_EDGE('',*,*,#2642,.T.);
#3685=ORIENTED_EDGE('',*,*,#2643,.F.);
#3686=ORIENTED_EDGE('',*,*,#2644,.F.);
#3687=ORIENTED_EDGE('',*,*,#2645,.T.);
#3688=ORIENTED_EDGE('',*,*,#2644,.T.);
#3689=ORIENTED_EDGE('',*,*,#2646,.F.);
#3690=ORIENTED_EDGE('',*,*,#2647,.F.);
#3691=ORIENTED_EDGE('',*,*,#2648,.T.);
#3692=ORIENTED_EDGE('',*,*,#2647,.T.);
#3693=ORIENTED_EDGE('',*,*,#2649,.F.);
#3694=ORIENTED_EDGE('',*,*,#2642,.F.);
#3695=ORIENTED_EDGE('',*,*,#2650,.F.);
#3696=ORIENTED_EDGE('',*,*,#2651,.T.);
#3697=ORIENTED_EDGE('',*,*,#2652,.F.);
#3698=ORIENTED_EDGE('',*,*,#2653,.F.);
#3699=ORIENTED_EDGE('',*,*,#2654,.F.);
#3700=ORIENTED_EDGE('',*,*,#2653,.T.);
#3701=ORIENTED_EDGE('',*,*,#2655,.F.);
#3702=ORIENTED_EDGE('',*,*,#2656,.F.);
#3703=ORIENTED_EDGE('',*,*,#2657,.F.);
#3704=ORIENTED_EDGE('',*,*,#2656,.T.);
#3705=ORIENTED_EDGE('',*,*,#2658,.F.);
#3706=ORIENTED_EDGE('',*,*,#2659,.F.);
#3707=ORIENTED_EDGE('',*,*,#2660,.F.);
#3708=ORIENTED_EDGE('',*,*,#2659,.T.);
#3709=ORIENTED_EDGE('',*,*,#2661,.F.);
#3710=ORIENTED_EDGE('',*,*,#2662,.F.);
#3711=ORIENTED_EDGE('',*,*,#2663,.F.);
#3712=ORIENTED_EDGE('',*,*,#2662,.T.);
#3713=ORIENTED_EDGE('',*,*,#2664,.F.);
#3714=ORIENTED_EDGE('',*,*,#2665,.F.);
#3715=ORIENTED_EDGE('',*,*,#2666,.F.);
#3716=ORIENTED_EDGE('',*,*,#2665,.T.);
#3717=ORIENTED_EDGE('',*,*,#2667,.F.);
#3718=ORIENTED_EDGE('',*,*,#2668,.F.);
#3719=ORIENTED_EDGE('',*,*,#2669,.F.);
#3720=ORIENTED_EDGE('',*,*,#2668,.T.);
#3721=ORIENTED_EDGE('',*,*,#2670,.F.);
#3722=ORIENTED_EDGE('',*,*,#2671,.F.);
#3723=ORIENTED_EDGE('',*,*,#2672,.F.);
#3724=ORIENTED_EDGE('',*,*,#2671,.T.);
#3725=ORIENTED_EDGE('',*,*,#2673,.F.);
#3726=ORIENTED_EDGE('',*,*,#2674,.F.);
#3727=ORIENTED_EDGE('',*,*,#2675,.F.);
#3728=ORIENTED_EDGE('',*,*,#2674,.T.);
#3729=ORIENTED_EDGE('',*,*,#2676,.F.);
#3730=ORIENTED_EDGE('',*,*,#2677,.F.);
#3731=ORIENTED_EDGE('',*,*,#2678,.F.);
#3732=ORIENTED_EDGE('',*,*,#2677,.T.);
#3733=ORIENTED_EDGE('',*,*,#2679,.F.);
#3734=ORIENTED_EDGE('',*,*,#2680,.F.);
#3735=ORIENTED_EDGE('',*,*,#2681,.F.);
#3736=ORIENTED_EDGE('',*,*,#2680,.T.);
#3737=ORIENTED_EDGE('',*,*,#2682,.F.);
#3738=ORIENTED_EDGE('',*,*,#2683,.F.);
#3739=ORIENTED_EDGE('',*,*,#2684,.T.);
#3740=ORIENTED_EDGE('',*,*,#2683,.T.);
#3741=ORIENTED_EDGE('',*,*,#2685,.F.);
#3742=ORIENTED_EDGE('',*,*,#2651,.F.);
#3743=ORIENTED_EDGE('',*,*,#2685,.T.);
#3744=ORIENTED_EDGE('',*,*,#2682,.T.);
#3745=ORIENTED_EDGE('',*,*,#2679,.T.);
#3746=ORIENTED_EDGE('',*,*,#2676,.T.);
#3747=ORIENTED_EDGE('',*,*,#2673,.T.);
#3748=ORIENTED_EDGE('',*,*,#2670,.T.);
#3749=ORIENTED_EDGE('',*,*,#2667,.T.);
#3750=ORIENTED_EDGE('',*,*,#2664,.T.);
#3751=ORIENTED_EDGE('',*,*,#2661,.T.);
#3752=ORIENTED_EDGE('',*,*,#2658,.T.);
#3753=ORIENTED_EDGE('',*,*,#2655,.T.);
#3754=ORIENTED_EDGE('',*,*,#2652,.T.);
#3755=ORIENTED_EDGE('',*,*,#2649,.T.);
#3756=ORIENTED_EDGE('',*,*,#2646,.T.);
#3757=ORIENTED_EDGE('',*,*,#2643,.T.);
#3758=ORIENTED_EDGE('',*,*,#2638,.T.);
#3759=ORIENTED_EDGE('',*,*,#2635,.T.);
#3760=ORIENTED_EDGE('',*,*,#2684,.F.);
#3761=ORIENTED_EDGE('',*,*,#2650,.T.);
#3762=ORIENTED_EDGE('',*,*,#2654,.T.);
#3763=ORIENTED_EDGE('',*,*,#2657,.T.);
#3764=ORIENTED_EDGE('',*,*,#2660,.T.);
#3765=ORIENTED_EDGE('',*,*,#2663,.T.);
#3766=ORIENTED_EDGE('',*,*,#2666,.T.);
#3767=ORIENTED_EDGE('',*,*,#2669,.T.);
#3768=ORIENTED_EDGE('',*,*,#2672,.T.);
#3769=ORIENTED_EDGE('',*,*,#2675,.T.);
#3770=ORIENTED_EDGE('',*,*,#2678,.T.);
#3771=ORIENTED_EDGE('',*,*,#2681,.T.);
#3772=ORIENTED_EDGE('',*,*,#2648,.F.);
#3773=ORIENTED_EDGE('',*,*,#2641,.F.);
#3774=ORIENTED_EDGE('',*,*,#2645,.F.);
#3775=ORIENTED_EDGE('',*,*,#2640,.F.);
#3776=ORIENTED_EDGE('',*,*,#2637,.F.);
#3777=ORIENTED_EDGE('',*,*,#2686,.F.);
#3778=ORIENTED_EDGE('',*,*,#2687,.T.);
#3779=ORIENTED_EDGE('',*,*,#2688,.F.);
#3780=ORIENTED_EDGE('',*,*,#2689,.F.);
#3781=ORIENTED_EDGE('',*,*,#2690,.F.);
#3782=ORIENTED_EDGE('',*,*,#2687,.F.);
#3783=ORIENTED_EDGE('',*,*,#2691,.F.);
#3784=ORIENTED_EDGE('',*,*,#2692,.T.);
#3785=ORIENTED_EDGE('',*,*,#2693,.F.);
#3786=ORIENTED_EDGE('',*,*,#2694,.F.);
#3787=ORIENTED_EDGE('',*,*,#2695,.F.);
#3788=ORIENTED_EDGE('',*,*,#2692,.F.);
#3789=ORIENTED_EDGE('',*,*,#2696,.F.);
#3790=ORIENTED_EDGE('',*,*,#2697,.T.);
#3791=ORIENTED_EDGE('',*,*,#2698,.F.);
#3792=ORIENTED_EDGE('',*,*,#2699,.F.);
#3793=ORIENTED_EDGE('',*,*,#2700,.F.);
#3794=ORIENTED_EDGE('',*,*,#2697,.F.);
#3795=ORIENTED_EDGE('',*,*,#2701,.F.);
#3796=ORIENTED_EDGE('',*,*,#2702,.T.);
#3797=ORIENTED_EDGE('',*,*,#2703,.F.);
#3798=ORIENTED_EDGE('',*,*,#2704,.F.);
#3799=ORIENTED_EDGE('',*,*,#2705,.F.);
#3800=ORIENTED_EDGE('',*,*,#2702,.F.);
#3801=ORIENTED_EDGE('',*,*,#2706,.F.);
#3802=ORIENTED_EDGE('',*,*,#2707,.T.);
#3803=ORIENTED_EDGE('',*,*,#2708,.F.);
#3804=ORIENTED_EDGE('',*,*,#2709,.F.);
#3805=ORIENTED_EDGE('',*,*,#2710,.F.);
#3806=ORIENTED_EDGE('',*,*,#2707,.F.);
#3807=ORIENTED_EDGE('',*,*,#2711,.F.);
#3808=ORIENTED_EDGE('',*,*,#2712,.T.);
#3809=ORIENTED_EDGE('',*,*,#2713,.F.);
#3810=ORIENTED_EDGE('',*,*,#2714,.F.);
#3811=ORIENTED_EDGE('',*,*,#2715,.F.);
#3812=ORIENTED_EDGE('',*,*,#2712,.F.);
#3813=ORIENTED_EDGE('',*,*,#2716,.F.);
#3814=ORIENTED_EDGE('',*,*,#2717,.T.);
#3815=ORIENTED_EDGE('',*,*,#2718,.F.);
#3816=ORIENTED_EDGE('',*,*,#2719,.F.);
#3817=ORIENTED_EDGE('',*,*,#2720,.F.);
#3818=ORIENTED_EDGE('',*,*,#2717,.F.);
#3819=ORIENTED_EDGE('',*,*,#2721,.F.);
#3820=ORIENTED_EDGE('',*,*,#2722,.T.);
#3821=ORIENTED_EDGE('',*,*,#2723,.F.);
#3822=ORIENTED_EDGE('',*,*,#2724,.F.);
#3823=ORIENTED_EDGE('',*,*,#2725,.F.);
#3824=ORIENTED_EDGE('',*,*,#2722,.F.);
#3825=ORIENTED_EDGE('',*,*,#2726,.F.);
#3826=ORIENTED_EDGE('',*,*,#2727,.T.);
#3827=ORIENTED_EDGE('',*,*,#2728,.F.);
#3828=ORIENTED_EDGE('',*,*,#2729,.F.);
#3829=ORIENTED_EDGE('',*,*,#2730,.F.);
#3830=ORIENTED_EDGE('',*,*,#2727,.F.);
#3831=ORIENTED_EDGE('',*,*,#2731,.F.);
#3832=ORIENTED_EDGE('',*,*,#2732,.T.);
#3833=ORIENTED_EDGE('',*,*,#2733,.F.);
#3834=ORIENTED_EDGE('',*,*,#2734,.F.);
#3835=ORIENTED_EDGE('',*,*,#2735,.F.);
#3836=ORIENTED_EDGE('',*,*,#2732,.F.);
#3837=ORIENTED_EDGE('',*,*,#2688,.T.);
#3838=ORIENTED_EDGE('',*,*,#2690,.T.);
#3839=ORIENTED_EDGE('',*,*,#2736,.F.);
#3840=ORIENTED_EDGE('',*,*,#2737,.F.);
#3841=ORIENTED_EDGE('',*,*,#2738,.F.);
#3842=ORIENTED_EDGE('',*,*,#2728,.T.);
#3843=ORIENTED_EDGE('',*,*,#2730,.T.);
#3844=ORIENTED_EDGE('',*,*,#2739,.F.);
#3845=ORIENTED_EDGE('',*,*,#2693,.T.);
#3846=ORIENTED_EDGE('',*,*,#2695,.T.);
#3847=ORIENTED_EDGE('',*,*,#2740,.F.);
#3848=ORIENTED_EDGE('',*,*,#2741,.F.);
#3849=ORIENTED_EDGE('',*,*,#2742,.F.);
#3850=ORIENTED_EDGE('',*,*,#2723,.T.);
#3851=ORIENTED_EDGE('',*,*,#2725,.T.);
#3852=ORIENTED_EDGE('',*,*,#2743,.F.);
#3853=ORIENTED_EDGE('',*,*,#2718,.T.);
#3854=ORIENTED_EDGE('',*,*,#2720,.T.);
#3855=ORIENTED_EDGE('',*,*,#2744,.F.);
#3856=ORIENTED_EDGE('',*,*,#2703,.T.);
#3857=ORIENTED_EDGE('',*,*,#2705,.T.);
#3858=ORIENTED_EDGE('',*,*,#2745,.F.);
#3859=ORIENTED_EDGE('',*,*,#2746,.F.);
#3860=ORIENTED_EDGE('',*,*,#2747,.F.);
#3861=ORIENTED_EDGE('',*,*,#2714,.T.);
#3862=ORIENTED_EDGE('',*,*,#2748,.F.);
#3863=ORIENTED_EDGE('',*,*,#2709,.T.);
#3864=ORIENTED_EDGE('',*,*,#2749,.F.);
#3865=ORIENTED_EDGE('',*,*,#2750,.F.);
#3866=ORIENTED_EDGE('',*,*,#2751,.F.);
#3867=ORIENTED_EDGE('',*,*,#2733,.T.);
#3868=ORIENTED_EDGE('',*,*,#2735,.T.);
#3869=ORIENTED_EDGE('',*,*,#2752,.F.);
#3870=ORIENTED_EDGE('',*,*,#2698,.T.);
#3871=ORIENTED_EDGE('',*,*,#2700,.T.);
#3872=ORIENTED_EDGE('',*,*,#2753,.F.);
#3873=ORIENTED_EDGE('',*,*,#2754,.T.);
#3874=ORIENTED_EDGE('',*,*,#2755,.T.);
#3875=ORIENTED_EDGE('',*,*,#2756,.T.);
#3876=ORIENTED_EDGE('',*,*,#2757,.T.);
#3877=ORIENTED_EDGE('',*,*,#2758,.T.);
#3878=ORIENTED_EDGE('',*,*,#2759,.F.);
#3879=ORIENTED_EDGE('',*,*,#2760,.F.);
#3880=ORIENTED_EDGE('',*,*,#2761,.F.);
#3881=ORIENTED_EDGE('',*,*,#2762,.T.);
#3882=ORIENTED_EDGE('',*,*,#2763,.F.);
#3883=ORIENTED_EDGE('',*,*,#2764,.F.);
#3884=ORIENTED_EDGE('',*,*,#2765,.F.);
#3885=ORIENTED_EDGE('',*,*,#2766,.F.);
#3886=ORIENTED_EDGE('',*,*,#2767,.T.);
#3887=ORIENTED_EDGE('',*,*,#2768,.F.);
#3888=ORIENTED_EDGE('',*,*,#2769,.F.);
#3889=ORIENTED_EDGE('',*,*,#2770,.F.);
#3890=ORIENTED_EDGE('',*,*,#2771,.T.);
#3891=ORIENTED_EDGE('',*,*,#2772,.F.);
#3892=ORIENTED_EDGE('',*,*,#2773,.F.);
#3893=ORIENTED_EDGE('',*,*,#2774,.F.);
#3894=ORIENTED_EDGE('',*,*,#2775,.T.);
#3895=ORIENTED_EDGE('',*,*,#2776,.T.);
#3896=ORIENTED_EDGE('',*,*,#2774,.T.);
#3897=ORIENTED_EDGE('',*,*,#2777,.T.);
#3898=ORIENTED_EDGE('',*,*,#2773,.T.);
#3899=ORIENTED_EDGE('',*,*,#2778,.T.);
#3900=ORIENTED_EDGE('',*,*,#2779,.T.);
#3901=ORIENTED_EDGE('',*,*,#2777,.F.);
#3902=ORIENTED_EDGE('',*,*,#2772,.T.);
#3903=ORIENTED_EDGE('',*,*,#2780,.T.);
#3904=ORIENTED_EDGE('',*,*,#2781,.T.);
#3905=ORIENTED_EDGE('',*,*,#2778,.F.);
#3906=ORIENTED_EDGE('',*,*,#2775,.F.);
#3907=ORIENTED_EDGE('',*,*,#2782,.F.);
#3908=ORIENTED_EDGE('',*,*,#2783,.T.);
#3909=ORIENTED_EDGE('',*,*,#2784,.T.);
#3910=ORIENTED_EDGE('',*,*,#2779,.F.);
#3911=ORIENTED_EDGE('',*,*,#2785,.F.);
#3912=ORIENTED_EDGE('',*,*,#2786,.T.);
#3913=ORIENTED_EDGE('',*,*,#2782,.T.);
#3914=ORIENTED_EDGE('',*,*,#2781,.F.);
#3915=ORIENTED_EDGE('',*,*,#2787,.F.);
#3916=ORIENTED_EDGE('',*,*,#2788,.T.);
#3917=ORIENTED_EDGE('',*,*,#2785,.T.);
#3918=ORIENTED_EDGE('',*,*,#2789,.T.);
#3919=ORIENTED_EDGE('',*,*,#2790,.T.);
#3920=ORIENTED_EDGE('',*,*,#2766,.T.);
#3921=ORIENTED_EDGE('',*,*,#2791,.T.);
#3922=ORIENTED_EDGE('',*,*,#2765,.T.);
#3923=ORIENTED_EDGE('',*,*,#2792,.T.);
#3924=ORIENTED_EDGE('',*,*,#2793,.T.);
#3925=ORIENTED_EDGE('',*,*,#2791,.F.);
#3926=ORIENTED_EDGE('',*,*,#2794,.T.);
#3927=ORIENTED_EDGE('',*,*,#2763,.T.);
#3928=ORIENTED_EDGE('',*,*,#2795,.T.);
#3929=ORIENTED_EDGE('',*,*,#2796,.T.);
#3930=ORIENTED_EDGE('',*,*,#2764,.T.);
#3931=ORIENTED_EDGE('',*,*,#2794,.F.);
#3932=ORIENTED_EDGE('',*,*,#2797,.T.);
#3933=ORIENTED_EDGE('',*,*,#2792,.F.);
#3934=ORIENTED_EDGE('',*,*,#2789,.F.);
#3935=ORIENTED_EDGE('',*,*,#2798,.F.);
#3936=ORIENTED_EDGE('',*,*,#2799,.T.);
#3937=ORIENTED_EDGE('',*,*,#2800,.T.);
#3938=ORIENTED_EDGE('',*,*,#2793,.F.);
#3939=ORIENTED_EDGE('',*,*,#2801,.F.);
#3940=ORIENTED_EDGE('',*,*,#2802,.T.);
#3941=ORIENTED_EDGE('',*,*,#2798,.T.);
#3942=ORIENTED_EDGE('',*,*,#2797,.F.);
#3943=ORIENTED_EDGE('',*,*,#2803,.F.);
#3944=ORIENTED_EDGE('',*,*,#2804,.T.);
#3945=ORIENTED_EDGE('',*,*,#2801,.T.);
#3946=ORIENTED_EDGE('',*,*,#2796,.F.);
#3947=ORIENTED_EDGE('',*,*,#2805,.F.);
#3948=ORIENTED_EDGE('',*,*,#2806,.T.);
#3949=ORIENTED_EDGE('',*,*,#2803,.T.);
#3950=ORIENTED_EDGE('',*,*,#2807,.T.);
#3951=ORIENTED_EDGE('',*,*,#2808,.T.);
#3952=ORIENTED_EDGE('',*,*,#2770,.T.);
#3953=ORIENTED_EDGE('',*,*,#2809,.T.);
#3954=ORIENTED_EDGE('',*,*,#2769,.T.);
#3955=ORIENTED_EDGE('',*,*,#2810,.T.);
#3956=ORIENTED_EDGE('',*,*,#2811,.T.);
#3957=ORIENTED_EDGE('',*,*,#2809,.F.);
#3958=ORIENTED_EDGE('',*,*,#2768,.T.);
#3959=ORIENTED_EDGE('',*,*,#2812,.T.);
#3960=ORIENTED_EDGE('',*,*,#2813,.T.);
#3961=ORIENTED_EDGE('',*,*,#2810,.F.);
#3962=ORIENTED_EDGE('',*,*,#2807,.F.);
#3963=ORIENTED_EDGE('',*,*,#2814,.F.);
#3964=ORIENTED_EDGE('',*,*,#2815,.T.);
#3965=ORIENTED_EDGE('',*,*,#2816,.T.);
#3966=ORIENTED_EDGE('',*,*,#2811,.F.);
#3967=ORIENTED_EDGE('',*,*,#2817,.F.);
#3968=ORIENTED_EDGE('',*,*,#2818,.T.);
#3969=ORIENTED_EDGE('',*,*,#2814,.T.);
#3970=ORIENTED_EDGE('',*,*,#2813,.F.);
#3971=ORIENTED_EDGE('',*,*,#2819,.F.);
#3972=ORIENTED_EDGE('',*,*,#2820,.T.);
#3973=ORIENTED_EDGE('',*,*,#2817,.T.);
#3974=ORIENTED_EDGE('',*,*,#2821,.T.);
#3975=ORIENTED_EDGE('',*,*,#2822,.T.);
#3976=ORIENTED_EDGE('',*,*,#2761,.T.);
#3977=ORIENTED_EDGE('',*,*,#2823,.T.);
#3978=ORIENTED_EDGE('',*,*,#2760,.T.);
#3979=ORIENTED_EDGE('',*,*,#2824,.T.);
#3980=ORIENTED_EDGE('',*,*,#2825,.T.);
#3981=ORIENTED_EDGE('',*,*,#2823,.F.);
#3982=ORIENTED_EDGE('',*,*,#2759,.T.);
#3983=ORIENTED_EDGE('',*,*,#2826,.T.);
#3984=ORIENTED_EDGE('',*,*,#2827,.T.);
#3985=ORIENTED_EDGE('',*,*,#2824,.F.);
#3986=ORIENTED_EDGE('',*,*,#2821,.F.);
#3987=ORIENTED_EDGE('',*,*,#2828,.F.);
#3988=ORIENTED_EDGE('',*,*,#2829,.T.);
#3989=ORIENTED_EDGE('',*,*,#2830,.T.);
#3990=ORIENTED_EDGE('',*,*,#2825,.F.);
#3991=ORIENTED_EDGE('',*,*,#2831,.F.);
#3992=ORIENTED_EDGE('',*,*,#2832,.T.);
#3993=ORIENTED_EDGE('',*,*,#2828,.T.);
#3994=ORIENTED_EDGE('',*,*,#2827,.F.);
#3995=ORIENTED_EDGE('',*,*,#2833,.F.);
#3996=ORIENTED_EDGE('',*,*,#2834,.T.);
#3997=ORIENTED_EDGE('',*,*,#2831,.T.);
#3998=ORIENTED_EDGE('',*,*,#2835,.T.);
#3999=ORIENTED_EDGE('',*,*,#2836,.T.);
#4000=ORIENTED_EDGE('',*,*,#2837,.T.);
#4001=ORIENTED_EDGE('',*,*,#2737,.T.);
#4002=ORIENTED_EDGE('',*,*,#2694,.T.);
#4003=ORIENTED_EDGE('',*,*,#2739,.T.);
#4004=ORIENTED_EDGE('',*,*,#2729,.T.);
#4005=ORIENTED_EDGE('',*,*,#2738,.T.);
#4006=ORIENTED_EDGE('',*,*,#2837,.F.);
#4007=ORIENTED_EDGE('',*,*,#2838,.T.);
#4008=ORIENTED_EDGE('',*,*,#2839,.T.);
#4009=ORIENTED_EDGE('',*,*,#2740,.T.);
#4010=ORIENTED_EDGE('',*,*,#2839,.F.);
#4011=ORIENTED_EDGE('',*,*,#2840,.T.);
#4012=ORIENTED_EDGE('',*,*,#2841,.T.);
#4013=ORIENTED_EDGE('',*,*,#2741,.T.);
#4014=ORIENTED_EDGE('',*,*,#2704,.T.);
#4015=ORIENTED_EDGE('',*,*,#2744,.T.);
#4016=ORIENTED_EDGE('',*,*,#2719,.T.);
#4017=ORIENTED_EDGE('',*,*,#2743,.T.);
#4018=ORIENTED_EDGE('',*,*,#2724,.T.);
#4019=ORIENTED_EDGE('',*,*,#2742,.T.);
#4020=ORIENTED_EDGE('',*,*,#2841,.F.);
#4021=ORIENTED_EDGE('',*,*,#2842,.T.);
#4022=ORIENTED_EDGE('',*,*,#2843,.T.);
#4023=ORIENTED_EDGE('',*,*,#2745,.T.);
#4024=ORIENTED_EDGE('',*,*,#2843,.F.);
#4025=ORIENTED_EDGE('',*,*,#2844,.T.);
#4026=ORIENTED_EDGE('',*,*,#2845,.T.);
#4027=ORIENTED_EDGE('',*,*,#2746,.T.);
#4028=ORIENTED_EDGE('',*,*,#2708,.T.);
#4029=ORIENTED_EDGE('',*,*,#2710,.T.);
#4030=ORIENTED_EDGE('',*,*,#2748,.T.);
#4031=ORIENTED_EDGE('',*,*,#2713,.T.);
#4032=ORIENTED_EDGE('',*,*,#2715,.T.);
#4033=ORIENTED_EDGE('',*,*,#2747,.T.);
#4034=ORIENTED_EDGE('',*,*,#2845,.F.);
#4035=ORIENTED_EDGE('',*,*,#2846,.T.);
#4036=ORIENTED_EDGE('',*,*,#2847,.T.);
#4037=ORIENTED_EDGE('',*,*,#2749,.T.);
#4038=ORIENTED_EDGE('',*,*,#2847,.F.);
#4039=ORIENTED_EDGE('',*,*,#2848,.T.);
#4040=ORIENTED_EDGE('',*,*,#2849,.T.);
#4041=ORIENTED_EDGE('',*,*,#2750,.T.);
#4042=ORIENTED_EDGE('',*,*,#2689,.T.);
#4043=ORIENTED_EDGE('',*,*,#2753,.T.);
#4044=ORIENTED_EDGE('',*,*,#2699,.T.);
#4045=ORIENTED_EDGE('',*,*,#2752,.T.);
#4046=ORIENTED_EDGE('',*,*,#2734,.T.);
#4047=ORIENTED_EDGE('',*,*,#2751,.T.);
#4048=ORIENTED_EDGE('',*,*,#2849,.F.);
#4049=ORIENTED_EDGE('',*,*,#2850,.T.);
#4050=ORIENTED_EDGE('',*,*,#2835,.F.);
#4051=ORIENTED_EDGE('',*,*,#2736,.T.);
#4052=ORIENTED_EDGE('',*,*,#2851,.T.);
#4053=ORIENTED_EDGE('',*,*,#2833,.T.);
#4054=ORIENTED_EDGE('',*,*,#2826,.F.);
#4055=ORIENTED_EDGE('',*,*,#2758,.F.);
#4056=ORIENTED_EDGE('',*,*,#2790,.F.);
#4057=ORIENTED_EDGE('',*,*,#2800,.F.);
#4058=ORIENTED_EDGE('',*,*,#2852,.T.);
#4059=ORIENTED_EDGE('',*,*,#2805,.T.);
#4060=ORIENTED_EDGE('',*,*,#2795,.F.);
#4061=ORIENTED_EDGE('',*,*,#2762,.F.);
#4062=ORIENTED_EDGE('',*,*,#2822,.F.);
#4063=ORIENTED_EDGE('',*,*,#2830,.F.);
#4064=ORIENTED_EDGE('',*,*,#2853,.T.);
#4065=ORIENTED_EDGE('',*,*,#2819,.T.);
#4066=ORIENTED_EDGE('',*,*,#2812,.F.);
#4067=ORIENTED_EDGE('',*,*,#2767,.F.);
#4068=ORIENTED_EDGE('',*,*,#2776,.F.);
#4069=ORIENTED_EDGE('',*,*,#2784,.F.);
#4070=ORIENTED_EDGE('',*,*,#2854,.T.);
#4071=ORIENTED_EDGE('',*,*,#2787,.T.);
#4072=ORIENTED_EDGE('',*,*,#2780,.F.);
#4073=ORIENTED_EDGE('',*,*,#2771,.F.);
#4074=ORIENTED_EDGE('',*,*,#2808,.F.);
#4075=ORIENTED_EDGE('',*,*,#2816,.F.);
#4076=ORIENTED_EDGE('',*,*,#2855,.T.);
#4077=ORIENTED_EDGE('',*,*,#2856,.T.);
#4078=ORIENTED_EDGE('',*,*,#2757,.F.);
#4079=ORIENTED_EDGE('',*,*,#2857,.F.);
#4080=ORIENTED_EDGE('',*,*,#2858,.T.);
#4081=ORIENTED_EDGE('',*,*,#2857,.T.);
#4082=ORIENTED_EDGE('',*,*,#2756,.F.);
#4083=ORIENTED_EDGE('',*,*,#2859,.F.);
#4084=ORIENTED_EDGE('',*,*,#2860,.T.);
#4085=ORIENTED_EDGE('',*,*,#2859,.T.);
#4086=ORIENTED_EDGE('',*,*,#2755,.F.);
#4087=ORIENTED_EDGE('',*,*,#2861,.F.);
#4088=ORIENTED_EDGE('',*,*,#2862,.T.);
#4089=ORIENTED_EDGE('',*,*,#2861,.T.);
#4090=ORIENTED_EDGE('',*,*,#2754,.F.);
#4091=ORIENTED_EDGE('',*,*,#2856,.F.);
#4092=ORIENTED_EDGE('',*,*,#2844,.F.);
#4093=ORIENTED_EDGE('',*,*,#2842,.F.);
#4094=ORIENTED_EDGE('',*,*,#2840,.F.);
#4095=ORIENTED_EDGE('',*,*,#2838,.F.);
#4096=ORIENTED_EDGE('',*,*,#2836,.F.);
#4097=ORIENTED_EDGE('',*,*,#2850,.F.);
#4098=ORIENTED_EDGE('',*,*,#2848,.F.);
#4099=ORIENTED_EDGE('',*,*,#2846,.F.);
#4100=ORIENTED_EDGE('',*,*,#2852,.F.);
#4101=ORIENTED_EDGE('',*,*,#2829,.F.);
#4102=ORIENTED_EDGE('',*,*,#2832,.F.);
#4103=ORIENTED_EDGE('',*,*,#2834,.F.);
#4104=ORIENTED_EDGE('',*,*,#2851,.F.);
#4105=ORIENTED_EDGE('',*,*,#2799,.F.);
#4106=ORIENTED_EDGE('',*,*,#2802,.F.);
#4107=ORIENTED_EDGE('',*,*,#2804,.F.);
#4108=ORIENTED_EDGE('',*,*,#2806,.F.);
#4109=ORIENTED_EDGE('',*,*,#2854,.F.);
#4110=ORIENTED_EDGE('',*,*,#2815,.F.);
#4111=ORIENTED_EDGE('',*,*,#2818,.F.);
#4112=ORIENTED_EDGE('',*,*,#2820,.F.);
#4113=ORIENTED_EDGE('',*,*,#2853,.F.);
#4114=ORIENTED_EDGE('',*,*,#2783,.F.);
#4115=ORIENTED_EDGE('',*,*,#2786,.F.);
#4116=ORIENTED_EDGE('',*,*,#2788,.F.);
#4117=ORIENTED_EDGE('',*,*,#2862,.F.);
#4118=ORIENTED_EDGE('',*,*,#2855,.F.);
#4119=ORIENTED_EDGE('',*,*,#2858,.F.);
#4120=ORIENTED_EDGE('',*,*,#2860,.F.);
#4121=ORIENTED_EDGE('',*,*,#2731,.T.);
#4122=ORIENTED_EDGE('',*,*,#2726,.T.);
#4123=ORIENTED_EDGE('',*,*,#2721,.T.);
#4124=ORIENTED_EDGE('',*,*,#2716,.T.);
#4125=ORIENTED_EDGE('',*,*,#2711,.T.);
#4126=ORIENTED_EDGE('',*,*,#2706,.T.);
#4127=ORIENTED_EDGE('',*,*,#2701,.T.);
#4128=ORIENTED_EDGE('',*,*,#2696,.T.);
#4129=ORIENTED_EDGE('',*,*,#2691,.T.);
#4130=ORIENTED_EDGE('',*,*,#2686,.T.);
#4131=PLANE('',#4508);
#4132=PLANE('',#4509);
#4133=PLANE('',#4510);
#4134=PLANE('',#4511);
#4135=PLANE('',#4512);
#4136=PLANE('',#4513);
#4137=PLANE('',#4514);
#4138=PLANE('',#4515);
#4139=PLANE('',#4516);
#4140=PLANE('',#4517);
#4141=PLANE('',#4518);
#4142=PLANE('',#4519);
#4143=PLANE('',#4520);
#4144=PLANE('',#4521);
#4145=PLANE('',#4522);
#4146=PLANE('',#4523);
#4147=PLANE('',#4524);
#4148=PLANE('',#4525);
#4149=PLANE('',#4527);
#4150=PLANE('',#4528);
#4151=PLANE('',#4529);
#4152=PLANE('',#4530);
#4153=PLANE('',#4531);
#4154=PLANE('',#4532);
#4155=PLANE('',#4534);
#4156=PLANE('',#4535);
#4157=PLANE('',#4536);
#4158=PLANE('',#4537);
#4159=PLANE('',#4538);
#4160=PLANE('',#4539);
#4161=PLANE('',#4570);
#4162=PLANE('',#4583);
#4163=PLANE('',#4586);
#4164=PLANE('',#4587);
#4165=PLANE('',#4590);
#4166=PLANE('',#4593);
#4167=PLANE('',#4605);
#4168=PLANE('',#4608);
#4169=PLANE('',#4614);
#4170=PLANE('',#4621);
#4171=PLANE('',#4622);
#4172=PLANE('',#4632);
#4173=PLANE('',#4633);
#4174=PLANE('',#4637);
#4175=PLANE('',#4641);
#4176=PLANE('',#4642);
#4177=PLANE('',#4643);
#4178=PLANE('',#4644);
#4179=PLANE('',#4645);
#4180=PLANE('',#4646);
#4181=PLANE('',#4647);
#4182=PLANE('',#4648);
#4183=PLANE('',#4649);
#4184=PLANE('',#4650);
#4185=PLANE('',#4651);
#4186=PLANE('',#4652);
#4187=PLANE('',#4653);
#4188=PLANE('',#4654);
#4189=PLANE('',#4655);
#4190=PLANE('',#4656);
#4191=PLANE('',#4660);
#4192=PLANE('',#4661);
#4193=PLANE('',#4664);
#4194=PLANE('',#4667);
#4195=PLANE('',#4668);
#4196=PLANE('',#4669);
#4197=PLANE('',#4670);
#4198=PLANE('',#4672);
#4199=PLANE('',#4673);
#4200=PLANE('',#4674);
#4201=PLANE('',#4676);
#4202=PLANE('',#4681);
#4203=PLANE('',#4688);
#4204=PLANE('',#4692);
#4205=PLANE('',#4696);
#4206=PLANE('',#4700);
#4207=PLANE('',#4704);
#4208=PLANE('',#4708);
#4209=PLANE('',#4712);
#4210=PLANE('',#4716);
#4211=PLANE('',#4720);
#4212=PLANE('',#4724);
#4213=PLANE('',#4746);
#4214=PLANE('',#4760);
#4215=PLANE('',#4763);
#4216=PLANE('',#4769);
#4217=PLANE('',#4785);
#4218=PLANE('',#4786);
#4219=PLANE('',#4797);
#4220=PLANE('',#4798);
#4221=PLANE('',#4799);
#4222=PLANE('',#4800);
#4223=PLANE('',#4801);
#4224=PLANE('',#4802);
#4225=PLANE('',#4803);
#4226=PLANE('',#4804);
#4227=PLANE('',#4805);
#4228=PLANE('',#4806);
#4229=PLANE('',#4807);
#4230=PLANE('',#4808);
#4231=PLANE('',#4809);
#4232=PLANE('',#4813);
#4233=PLANE('',#4814);
#4234=PLANE('',#4853);
#4235=PLANE('',#4868);
#4236=PLANE('',#4871);
#4237=PLANE('',#4880);
#4238=PLANE('',#4883);
#4239=PLANE('',#4884);
#4240=PLANE('',#4891);
#4241=PLANE('',#4894);
#4242=PLANE('',#4901);
#4243=PLANE('',#4904);
#4244=PLANE('',#4925);
#4245=PLANE('',#4926);
#4246=PLANE('',#4927);
#4247=PLANE('',#4928);
#4248=PLANE('',#4929);
#4249=PLANE('',#4930);
#4250=PLANE('',#4931);
#4251=PLANE('',#4932);
#4252=PLANE('',#4933);
#4253=ADVANCED_FACE('',(#474),#4131,.F.);
#4254=ADVANCED_FACE('',(#475),#4132,.F.);
#4255=ADVANCED_FACE('',(#476),#4133,.F.);
#4256=ADVANCED_FACE('',(#477),#4134,.F.);
#4257=ADVANCED_FACE('',(#478),#4135,.F.);
#4258=ADVANCED_FACE('',(#479),#4136,.F.);
#4259=ADVANCED_FACE('',(#480),#4137,.F.);
#4260=ADVANCED_FACE('',(#481),#4138,.F.);
#4261=ADVANCED_FACE('',(#482),#4139,.F.);
#4262=ADVANCED_FACE('',(#483),#4140,.F.);
#4263=ADVANCED_FACE('',(#484),#4141,.F.);
#4264=ADVANCED_FACE('',(#485),#4142,.F.);
#4265=ADVANCED_FACE('',(#486),#4143,.F.);
#4266=ADVANCED_FACE('',(#487),#4144,.F.);
#4267=ADVANCED_FACE('',(#488),#4145,.F.);
#4268=ADVANCED_FACE('',(#489,#383),#4146,.T.);
#4269=ADVANCED_FACE('',(#490),#4147,.T.);
#4270=ADVANCED_FACE('',(#491),#4148,.F.);
#4271=ADVANCED_FACE('',(#492),#4149,.F.);
#4272=ADVANCED_FACE('',(#493),#4150,.T.);
#4273=ADVANCED_FACE('',(#494),#4151,.T.);
#4274=ADVANCED_FACE('',(#495),#4152,.T.);
#4275=ADVANCED_FACE('',(#496),#4153,.F.);
#4276=ADVANCED_FACE('',(#497),#4154,.F.);
#4277=ADVANCED_FACE('',(#498),#4155,.F.);
#4278=ADVANCED_FACE('',(#499),#4156,.T.);
#4279=ADVANCED_FACE('',(#500),#4157,.T.);
#4280=ADVANCED_FACE('',(#501),#4158,.T.);
#4281=ADVANCED_FACE('',(#502),#4159,.T.);
#4282=ADVANCED_FACE('',(#503),#4160,.T.);
#4283=ADVANCED_FACE('',(#504),#104,.F.);
#4284=ADVANCED_FACE('',(#505),#105,.F.);
#4285=ADVANCED_FACE('',(#506),#106,.F.);
#4286=ADVANCED_FACE('',(#507),#107,.F.);
#4287=ADVANCED_FACE('',(#508),#108,.F.);
#4288=ADVANCED_FACE('',(#509),#109,.F.);
#4289=ADVANCED_FACE('',(#510),#110,.F.);
#4290=ADVANCED_FACE('',(#511),#111,.F.);
#4291=ADVANCED_FACE('',(#512),#112,.F.);
#4292=ADVANCED_FACE('',(#513),#113,.F.);
#4293=ADVANCED_FACE('',(#514,#384,#385,#386,#387,#388,#389,#390,#391,#392,
#393,#394),#4161,.F.);
#4294=ADVANCED_FACE('',(#515),#114,.T.);
#4295=ADVANCED_FACE('',(#516),#115,.F.);
#4296=ADVANCED_FACE('',(#517),#4162,.T.);
#4297=ADVANCED_FACE('',(#518),#116,.F.);
#4298=ADVANCED_FACE('',(#519,#395),#4163,.T.);
#4299=ADVANCED_FACE('',(#520),#4164,.T.);
#4300=ADVANCED_FACE('',(#521),#117,.T.);
#4301=ADVANCED_FACE('',(#522),#4165,.T.);
#4302=ADVANCED_FACE('',(#523),#118,.F.);
#4303=ADVANCED_FACE('',(#524,#396),#4166,.T.);
#4304=ADVANCED_FACE('',(#525),#119,.F.);
#4305=ADVANCED_FACE('',(#526),#120,.F.);
#4306=ADVANCED_FACE('',(#527),#121,.F.);
#4307=ADVANCED_FACE('',(#528),#80,.T.);
#4308=ADVANCED_FACE('',(#529),#81,.T.);
#4309=ADVANCED_FACE('',(#530),#122,.T.);
#4310=ADVANCED_FACE('',(#531),#4167,.T.);
#4311=ADVANCED_FACE('',(#532),#123,.T.);
#4312=ADVANCED_FACE('',(#533,#397),#4168,.T.);
#4313=ADVANCED_FACE('',(#534),#82,.T.);
#4314=ADVANCED_FACE('',(#535),#124,.F.);
#4315=ADVANCED_FACE('',(#536),#83,.T.);
#4316=ADVANCED_FACE('',(#537),#125,.F.);
#4317=ADVANCED_FACE('',(#538,#398,#399,#400,#401,#402,#403,#404,#405,#406,
#407,#408),#4169,.T.);
#4318=ADVANCED_FACE('',(#539),#126,.F.);
#4319=ADVANCED_FACE('',(#540),#127,.T.);
#4320=ADVANCED_FACE('',(#541,#409),#4170,.F.);
#4321=ADVANCED_FACE('',(#542,#410,#411,#412,#413),#4171,.F.);
#4322=ADVANCED_FACE('',(#543),#128,.F.);
#4323=ADVANCED_FACE('',(#544),#129,.T.);
#4324=ADVANCED_FACE('',(#545,#414),#4172,.F.);
#4325=ADVANCED_FACE('',(#546),#4173,.F.);
#4326=ADVANCED_FACE('',(#547),#130,.F.);
#4327=ADVANCED_FACE('',(#548),#4174,.T.);
#4328=ADVANCED_FACE('',(#549),#131,.F.);
#4329=ADVANCED_FACE('',(#550),#4175,.T.);
#4330=ADVANCED_FACE('',(#551),#4176,.T.);
#4331=ADVANCED_FACE('',(#552),#4177,.T.);
#4332=ADVANCED_FACE('',(#553),#4178,.T.);
#4333=ADVANCED_FACE('',(#554),#4179,.T.);
#4334=ADVANCED_FACE('',(#555),#4180,.T.);
#4335=ADVANCED_FACE('',(#556),#4181,.T.);
#4336=ADVANCED_FACE('',(#557),#4182,.T.);
#4337=ADVANCED_FACE('',(#558),#4183,.T.);
#4338=ADVANCED_FACE('',(#559),#4184,.T.);
#4339=ADVANCED_FACE('',(#560),#4185,.T.);
#4340=ADVANCED_FACE('',(#561),#4186,.T.);
#4341=ADVANCED_FACE('',(#562),#4187,.T.);
#4342=ADVANCED_FACE('',(#563),#4188,.T.);
#4343=ADVANCED_FACE('',(#564,#415),#4189,.T.);
#4344=ADVANCED_FACE('',(#565),#4190,.T.);
#4345=ADVANCED_FACE('',(#566),#132,.T.);
#4346=ADVANCED_FACE('',(#567),#4191,.T.);
#4347=ADVANCED_FACE('',(#568),#4192,.T.);
#4348=ADVANCED_FACE('',(#569),#133,.T.);
#4349=ADVANCED_FACE('',(#570),#4193,.T.);
#4350=ADVANCED_FACE('',(#571),#134,.T.);
#4351=ADVANCED_FACE('',(#572),#4194,.T.);
#4352=ADVANCED_FACE('',(#573,#416,#417),#4195,.T.);
#4353=ADVANCED_FACE('',(#574),#4196,.F.);
#4354=ADVANCED_FACE('',(#575),#4197,.T.);
#4355=ADVANCED_FACE('',(#576),#4198,.T.);
#4356=ADVANCED_FACE('',(#577,#418),#4199,.T.);
#4357=ADVANCED_FACE('',(#578),#4200,.T.);
#4358=ADVANCED_FACE('',(#579),#4201,.T.);
#4359=ADVANCED_FACE('',(#580),#25,.F.);
#4360=ADVANCED_FACE('',(#581),#135,.F.);
#4361=ADVANCED_FACE('',(#582,#419),#4202,.T.);
#4362=ADVANCED_FACE('',(#583),#136,.F.);
#4363=ADVANCED_FACE('',(#584,#420),#4203,.T.);
#4364=ADVANCED_FACE('',(#585),#137,.F.);
#4365=ADVANCED_FACE('',(#586,#421),#4204,.T.);
#4366=ADVANCED_FACE('',(#587),#138,.F.);
#4367=ADVANCED_FACE('',(#588,#422),#4205,.T.);
#4368=ADVANCED_FACE('',(#589),#139,.F.);
#4369=ADVANCED_FACE('',(#590,#423),#4206,.T.);
#4370=ADVANCED_FACE('',(#591),#140,.F.);
#4371=ADVANCED_FACE('',(#592,#424),#4207,.T.);
#4372=ADVANCED_FACE('',(#593),#141,.F.);
#4373=ADVANCED_FACE('',(#594,#425),#4208,.T.);
#4374=ADVANCED_FACE('',(#595),#142,.F.);
#4375=ADVANCED_FACE('',(#596,#426),#4209,.T.);
#4376=ADVANCED_FACE('',(#597),#143,.F.);
#4377=ADVANCED_FACE('',(#598,#427),#4210,.T.);
#4378=ADVANCED_FACE('',(#599),#144,.F.);
#4379=ADVANCED_FACE('',(#600,#428),#4211,.T.);
#4380=ADVANCED_FACE('',(#601),#145,.F.);
#4381=ADVANCED_FACE('',(#602,#429),#4212,.T.);
#4382=ADVANCED_FACE('',(#603),#146,.F.);
#4383=ADVANCED_FACE('',(#604),#147,.F.);
#4384=ADVANCED_FACE('',(#605),#148,.F.);
#4385=ADVANCED_FACE('',(#606),#149,.F.);
#4386=ADVANCED_FACE('',(#607),#150,.F.);
#4387=ADVANCED_FACE('',(#608),#151,.F.);
#4388=ADVANCED_FACE('',(#609),#152,.F.);
#4389=ADVANCED_FACE('',(#610),#153,.F.);
#4390=ADVANCED_FACE('',(#611),#154,.F.);
#4391=ADVANCED_FACE('',(#612),#155,.F.);
#4392=ADVANCED_FACE('',(#613,#430,#431,#432,#433,#434,#435,#436,#437,#438,
#439,#440),#4213,.F.);
#4393=ADVANCED_FACE('',(#614),#84,.T.);
#4394=ADVANCED_FACE('',(#615),#156,.F.);
#4395=ADVANCED_FACE('',(#616),#85,.T.);
#4396=ADVANCED_FACE('',(#617),#157,.F.);
#4397=ADVANCED_FACE('',(#618),#158,.T.);
#4398=ADVANCED_FACE('',(#619),#4214,.T.);
#4399=ADVANCED_FACE('',(#620),#159,.T.);
#4400=ADVANCED_FACE('',(#621),#4215,.T.);
#4401=ADVANCED_FACE('',(#622),#86,.T.);
#4402=ADVANCED_FACE('',(#623),#87,.T.);
#4403=ADVANCED_FACE('',(#624),#160,.F.);
#4404=ADVANCED_FACE('',(#625,#441),#161,.F.);
#4405=ADVANCED_FACE('',(#626),#4216,.F.);
#4406=ADVANCED_FACE('',(#627,#442,#443),#162,.T.);
#4407=ADVANCED_FACE('',(#628),#21,.F.);
#4408=ADVANCED_FACE('',(#629,#444,#445,#446),#163,.T.);
#4409=ADVANCED_FACE('',(#630),#22,.F.);
#4410=ADVANCED_FACE('',(#631,#447,#448),#164,.T.);
#4411=ADVANCED_FACE('',(#632),#23,.F.);
#4412=ADVANCED_FACE('',(#633,#449,#450,#451),#165,.T.);
#4413=ADVANCED_FACE('',(#634),#24,.F.);
#4414=ADVANCED_FACE('',(#635),#166,.T.);
#4415=ADVANCED_FACE('',(#636),#4217,.T.);
#4416=ADVANCED_FACE('',(#637),#4218,.T.);
#4417=ADVANCED_FACE('',(#638),#167,.T.);
#4418=ADVANCED_FACE('',(#639),#168,.F.);
#4419=ADVANCED_FACE('',(#640),#169,.F.);
#4420=ADVANCED_FACE('',(#641),#170,.T.);
#4421=ADVANCED_FACE('',(#642),#4219,.T.);
#4422=ADVANCED_FACE('',(#643),#4220,.T.);
#4423=ADVANCED_FACE('',(#644),#4221,.T.);
#4424=ADVANCED_FACE('',(#645),#4222,.T.);
#4425=ADVANCED_FACE('',(#646),#4223,.T.);
#4426=ADVANCED_FACE('',(#647),#4224,.T.);
#4427=ADVANCED_FACE('',(#648),#4225,.T.);
#4428=ADVANCED_FACE('',(#649),#4226,.T.);
#4429=ADVANCED_FACE('',(#650),#4227,.T.);
#4430=ADVANCED_FACE('',(#651),#4228,.T.);
#4431=ADVANCED_FACE('',(#652),#4229,.T.);
#4432=ADVANCED_FACE('',(#653),#4230,.T.);
#4433=ADVANCED_FACE('',(#654),#4231,.T.);
#4434=ADVANCED_FACE('',(#655),#171,.T.);
#4435=ADVANCED_FACE('',(#656,#452,#453,#454),#4232,.T.);
#4436=ADVANCED_FACE('',(#657,#455,#456,#457),#4233,.F.);
#4437=ADVANCED_FACE('',(#658),#172,.F.);
#4438=ADVANCED_FACE('',(#659),#173,.F.);
#4439=ADVANCED_FACE('',(#660),#174,.F.);
#4440=ADVANCED_FACE('',(#661),#175,.F.);
#4441=ADVANCED_FACE('',(#662),#176,.F.);
#4442=ADVANCED_FACE('',(#663),#177,.F.);
#4443=ADVANCED_FACE('',(#664),#178,.F.);
#4444=ADVANCED_FACE('',(#665),#179,.F.);
#4445=ADVANCED_FACE('',(#666),#180,.F.);
#4446=ADVANCED_FACE('',(#667),#181,.F.);
#4447=ADVANCED_FACE('',(#668,#458,#459,#460),#4234,.T.);
#4448=ADVANCED_FACE('',(#669),#182,.T.);
#4449=ADVANCED_FACE('',(#670),#13,.T.);
#4450=ADVANCED_FACE('',(#671),#183,.T.);
#4451=ADVANCED_FACE('',(#672),#4235,.T.);
#4452=ADVANCED_FACE('',(#673),#184,.T.);
#4453=ADVANCED_FACE('',(#674),#4236,.T.);
#4454=ADVANCED_FACE('',(#675),#185,.T.);
#4455=ADVANCED_FACE('',(#676),#14,.T.);
#4456=ADVANCED_FACE('',(#677),#186,.T.);
#4457=ADVANCED_FACE('',(#678),#187,.T.);
#4458=ADVANCED_FACE('',(#679),#4237,.T.);
#4459=ADVANCED_FACE('',(#680),#188,.T.);
#4460=ADVANCED_FACE('',(#681),#4238,.T.);
#4461=ADVANCED_FACE('',(#682),#4239,.T.);
#4462=ADVANCED_FACE('',(#683),#189,.T.);
#4463=ADVANCED_FACE('',(#684),#15,.T.);
#4464=ADVANCED_FACE('',(#685),#190,.T.);
#4465=ADVANCED_FACE('',(#686),#4240,.T.);
#4466=ADVANCED_FACE('',(#687),#191,.F.);
#4467=ADVANCED_FACE('',(#688),#4241,.T.);
#4468=ADVANCED_FACE('',(#689),#192,.T.);
#4469=ADVANCED_FACE('',(#690),#16,.T.);
#4470=ADVANCED_FACE('',(#691),#193,.T.);
#4471=ADVANCED_FACE('',(#692),#4242,.T.);
#4472=ADVANCED_FACE('',(#693),#194,.F.);
#4473=ADVANCED_FACE('',(#694),#4243,.T.);
#4474=ADVANCED_FACE('',(#695),#17,.T.);
#4475=ADVANCED_FACE('',(#696),#195,.T.);
#4476=ADVANCED_FACE('',(#697),#18,.T.);
#4477=ADVANCED_FACE('',(#698),#196,.T.);
#4478=ADVANCED_FACE('',(#699),#19,.T.);
#4479=ADVANCED_FACE('',(#700),#197,.T.);
#4480=ADVANCED_FACE('',(#701),#20,.T.);
#4481=ADVANCED_FACE('',(#702),#198,.T.);
#4482=ADVANCED_FACE('',(#703),#4244,.T.);
#4483=ADVANCED_FACE('',(#704),#4245,.T.);
#4484=ADVANCED_FACE('',(#705),#4246,.T.);
#4485=ADVANCED_FACE('',(#706),#4247,.T.);
#4486=ADVANCED_FACE('',(#707),#4248,.T.);
#4487=ADVANCED_FACE('',(#708),#4249,.T.);
#4488=ADVANCED_FACE('',(#709),#4250,.T.);
#4489=ADVANCED_FACE('',(#710),#4251,.T.);
#4490=ADVANCED_FACE('',(#711,#461,#462,#463,#464,#465,#466,#467,#468,#469,
#470,#471,#472,#473),#4252,.F.);
#4491=CLOSED_SHELL('',(#4253,#4254,#4255,#4256,#4257,#4258,#4259,#4260,
#4261,#4262,#4263,#4264,#4265,#4266,#4267,#4268,#4269,#4270,#4271,#4272,
#4273,#4274,#4275,#4276,#4277,#4278,#4279,#4280,#4281,#4282,#4283,#4284,
#4285,#4286,#4287,#4288,#4289,#4290,#4291,#4292,#4293,#4294,#4295,#4296,
#4297,#4298,#4299,#4300,#4301,#4302,#4303,#4304,#4305,#4306,#4307,#4308,
#4309,#4310,#4311,#4312,#4313,#4314,#4315,#4316,#4317));
#4492=CLOSED_SHELL('',(#4318,#4319,#4320,#4321,#4322,#4323,#4324,#4325,
#4326,#4327,#4328,#4329,#4330,#4331,#4332,#4333,#4334,#4335,#4336,#4337,
#4338,#4339,#4340,#4341,#4342,#4343,#4344,#4345,#4346,#4347,#4348,#4349,
#4350,#4351,#4352,#4353,#4354,#4355,#4356,#4357,#4358,#4359,#4360,#4361,
#4362,#4363,#4364,#4365,#4366,#4367,#4368,#4369,#4370,#4371,#4372,#4373,
#4374,#4375,#4376,#4377,#4378,#4379,#4380,#4381,#4382,#4383,#4384,#4385,
#4386,#4387,#4388,#4389,#4390,#4391,#4392,#4393,#4394,#4395,#4396,#4397,
#4398,#4399,#4400,#4401,#4402,#4403,#4404,#4405,#4406,#4407,#4408,#4409,
#4410,#4411,#4412,#4413,#4414,#4415,#4416,#4417));
#4493=CLOSED_SHELL('',(#4418,#4419,#4420,#4421,#4422,#4423,#4424,#4425,
#4426,#4427,#4428,#4429,#4430,#4431,#4432,#4433,#4434,#4435,#4436));
#4494=CLOSED_SHELL('',(#4437,#4438,#4439,#4440,#4441,#4442,#4443,#4444,
#4445,#4446,#4447,#4448,#4449,#4450,#4451,#4452,#4453,#4454,#4455,#4456,
#4457,#4458,#4459,#4460,#4461,#4462,#4463,#4464,#4465,#4466,#4467,#4468,
#4469,#4470,#4471,#4472,#4473,#4474,#4475,#4476,#4477,#4478,#4479,#4480,
#4481,#4482,#4483,#4484,#4485,#4486,#4487,#4488,#4489,#4490));
#4495=DERIVED_UNIT_ELEMENT(#4497,1.);
#4496=DERIVED_UNIT_ELEMENT(#8400,-3.);
#4497=(
MASS_UNIT()
NAMED_UNIT(*)
SI_UNIT(.KILO.,.GRAM.)
);
#4498=DERIVED_UNIT((#4495,#4496));
#4499=MEASURE_REPRESENTATION_ITEM('density measure',
POSITIVE_RATIO_MEASURE(7850.),#4498);
#4500=PROPERTY_DEFINITION_REPRESENTATION(#4505,#4502);
#4501=PROPERTY_DEFINITION_REPRESENTATION(#4506,#4503);
#4502=REPRESENTATION('material name',(#4504),#8397);
#4503=REPRESENTATION('density',(#4499),#8397);
#4504=DESCRIPTIVE_REPRESENTATION_ITEM('Steel','Steel');
#4505=PROPERTY_DEFINITION('material property','material name',#8407);
#4506=PROPERTY_DEFINITION('material property','density of part',#8407);
#4507=AXIS2_PLACEMENT_3D('',#6176,#4934,#4935);
#4508=AXIS2_PLACEMENT_3D('',#6177,#4936,#4937);
#4509=AXIS2_PLACEMENT_3D('',#6186,#4942,#4943);
#4510=AXIS2_PLACEMENT_3D('',#6192,#4947,#4948);
#4511=AXIS2_PLACEMENT_3D('',#6198,#4952,#4953);
#4512=AXIS2_PLACEMENT_3D('',#6207,#4958,#4959);
#4513=AXIS2_PLACEMENT_3D('',#6213,#4963,#4964);
#4514=AXIS2_PLACEMENT_3D('',#6219,#4968,#4969);
#4515=AXIS2_PLACEMENT_3D('',#6226,#4974,#4975);
#4516=AXIS2_PLACEMENT_3D('',#6232,#4979,#4980);
#4517=AXIS2_PLACEMENT_3D('',#6241,#4985,#4986);
#4518=AXIS2_PLACEMENT_3D('',#6248,#4991,#4992);
#4519=AXIS2_PLACEMENT_3D('',#6254,#4996,#4997);
#4520=AXIS2_PLACEMENT_3D('',#6261,#5002,#5003);
#4521=AXIS2_PLACEMENT_3D('',#6265,#5006,#5007);
#4522=AXIS2_PLACEMENT_3D('',#6270,#5011,#5012);
#4523=AXIS2_PLACEMENT_3D('',#6271,#5013,#5014);
#4524=AXIS2_PLACEMENT_3D('',#6289,#5024,#5025);
#4525=AXIS2_PLACEMENT_3D('',#6293,#5028,#5029);
#4526=AXIS2_PLACEMENT_3D('',#6296,#5030,#5031);
#4527=AXIS2_PLACEMENT_3D('',#6304,#5036,#5037);
#4528=AXIS2_PLACEMENT_3D('',#6310,#5041,#5042);
#4529=AXIS2_PLACEMENT_3D('',#6314,#5045,#5046);
#4530=AXIS2_PLACEMENT_3D('',#6324,#5052,#5053);
#4531=AXIS2_PLACEMENT_3D('',#6330,#5057,#5058);
#4532=AXIS2_PLACEMENT_3D('',#6334,#5061,#5062);
#4533=AXIS2_PLACEMENT_3D('',#6336,#5063,#5064);
#4534=AXIS2_PLACEMENT_3D('',#6340,#5067,#5068);
#4535=AXIS2_PLACEMENT_3D('',#6343,#5071,#5072);
#4536=AXIS2_PLACEMENT_3D('',#6347,#5075,#5076);
#4537=AXIS2_PLACEMENT_3D('',#6351,#5079,#5080);
#4538=AXIS2_PLACEMENT_3D('',#6355,#5083,#5084);
#4539=AXIS2_PLACEMENT_3D('',#6359,#5087,#5088);
#4540=AXIS2_PLACEMENT_3D('',#6361,#5090,#5091);
#4541=AXIS2_PLACEMENT_3D('',#6363,#5092,#5093);
#4542=AXIS2_PLACEMENT_3D('',#6366,#5095,#5096);
#4543=AXIS2_PLACEMENT_3D('',#6367,#5097,#5098);
#4544=AXIS2_PLACEMENT_3D('',#6369,#5099,#5100);
#4545=AXIS2_PLACEMENT_3D('',#6372,#5102,#5103);
#4546=AXIS2_PLACEMENT_3D('',#6373,#5104,#5105);
#4547=AXIS2_PLACEMENT_3D('',#6375,#5106,#5107);
#4548=AXIS2_PLACEMENT_3D('',#6378,#5109,#5110);
#4549=AXIS2_PLACEMENT_3D('',#6379,#5111,#5112);
#4550=AXIS2_PLACEMENT_3D('',#6381,#5113,#5114);
#4551=AXIS2_PLACEMENT_3D('',#6384,#5116,#5117);
#4552=AXIS2_PLACEMENT_3D('',#6385,#5118,#5119);
#4553=AXIS2_PLACEMENT_3D('',#6387,#5120,#5121);
#4554=AXIS2_PLACEMENT_3D('',#6390,#5123,#5124);
#4555=AXIS2_PLACEMENT_3D('',#6391,#5125,#5126);
#4556=AXIS2_PLACEMENT_3D('',#6393,#5127,#5128);
#4557=AXIS2_PLACEMENT_3D('',#6396,#5130,#5131);
#4558=AXIS2_PLACEMENT_3D('',#6397,#5132,#5133);
#4559=AXIS2_PLACEMENT_3D('',#6399,#5134,#5135);
#4560=AXIS2_PLACEMENT_3D('',#6402,#5137,#5138);
#4561=AXIS2_PLACEMENT_3D('',#6403,#5139,#5140);
#4562=AXIS2_PLACEMENT_3D('',#6405,#5141,#5142);
#4563=AXIS2_PLACEMENT_3D('',#6409,#5145,#5146);
#4564=AXIS2_PLACEMENT_3D('',#6410,#5147,#5148);
#4565=AXIS2_PLACEMENT_3D('',#6412,#5149,#5150);
#4566=AXIS2_PLACEMENT_3D('',#6415,#5152,#5153);
#4567=AXIS2_PLACEMENT_3D('',#6416,#5154,#5155);
#4568=AXIS2_PLACEMENT_3D('',#6418,#5156,#5157);
#4569=AXIS2_PLACEMENT_3D('',#6421,#5159,#5160);
#4570=AXIS2_PLACEMENT_3D('',#6422,#5161,#5162);
#4571=AXIS2_PLACEMENT_3D('',#6425,#5163,#5164);
#4572=AXIS2_PLACEMENT_3D('',#6429,#5166,#5167);
#4573=AXIS2_PLACEMENT_3D('',#6433,#5169,#5170);
#4574=AXIS2_PLACEMENT_3D('',#6437,#5172,#5173);
#4575=AXIS2_PLACEMENT_3D('',#6441,#5175,#5176);
#4576=AXIS2_PLACEMENT_3D('',#6444,#5178,#5179);
#4577=AXIS2_PLACEMENT_3D('',#6446,#5180,#5181);
#4578=AXIS2_PLACEMENT_3D('',#6450,#5183,#5184);
#4579=AXIS2_PLACEMENT_3D('',#6452,#5186,#5187);
#4580=AXIS2_PLACEMENT_3D('',#6455,#5188,#5189);
#4581=AXIS2_PLACEMENT_3D('',#6458,#5192,#5193);
#4582=AXIS2_PLACEMENT_3D('',#6461,#5194,#5195);
#4583=AXIS2_PLACEMENT_3D('',#6464,#5198,#5199);
#4584=AXIS2_PLACEMENT_3D('',#6468,#5202,#5203);
#4585=AXIS2_PLACEMENT_3D('',#6470,#5204,#5205);
#4586=AXIS2_PLACEMENT_3D('',#6472,#5207,#5208);
#4587=AXIS2_PLACEMENT_3D('',#6474,#5210,#5211);
#4588=AXIS2_PLACEMENT_3D('',#6478,#5214,#5215);
#4589=AXIS2_PLACEMENT_3D('',#6480,#5216,#5217);
#4590=AXIS2_PLACEMENT_3D('',#6482,#5219,#5220);
#4591=AXIS2_PLACEMENT_3D('',#6486,#5223,#5224);
#4592=AXIS2_PLACEMENT_3D('',#6488,#5225,#5226);
#4593=AXIS2_PLACEMENT_3D('',#6490,#5228,#5229);
#4594=AXIS2_PLACEMENT_3D('',#6494,#5232,#5233);
#4595=AXIS2_PLACEMENT_3D('',#6495,#5234,#5235);
#4596=AXIS2_PLACEMENT_3D('',#6496,#5236,#5237);
#4597=AXIS2_PLACEMENT_3D('',#6500,#5239,#5240);
#4598=AXIS2_PLACEMENT_3D('',#6501,#5241,#5242);
#4599=AXIS2_PLACEMENT_3D('',#6502,#5243,#5244);
#4600=AXIS2_PLACEMENT_3D('',#6506,#5246,#5247);
#4601=AXIS2_PLACEMENT_3D('',#6507,#5248,#5249);
#4602=AXIS2_PLACEMENT_3D('',#6569,#5250,#5251);
#4603=AXIS2_PLACEMENT_3D('',#6570,#5252,#5253);
#4604=AXIS2_PLACEMENT_3D('',#6572,#5254,#5255);
#4605=AXIS2_PLACEMENT_3D('',#6574,#5257,#5258);
#4606=AXIS2_PLACEMENT_3D('',#6578,#5261,#5262);
#4607=AXIS2_PLACEMENT_3D('',#6580,#5263,#5264);
#4608=AXIS2_PLACEMENT_3D('',#6582,#5266,#5267);
#4609=AXIS2_PLACEMENT_3D('',#6615,#5269,#5270);
#4610=AXIS2_PLACEMENT_3D('',#6616,#5271,#5272);
#4611=AXIS2_PLACEMENT_3D('',#6619,#5274,#5275);
#4612=AXIS2_PLACEMENT_3D('',#6651,#5276,#5277);
#4613=AXIS2_PLACEMENT_3D('',#6652,#5278,#5279);
#4614=AXIS2_PLACEMENT_3D('',#6654,#5281,#5282);
#4615=AXIS2_PLACEMENT_3D('',#6655,#5283,#5284);
#4616=AXIS2_PLACEMENT_3D('',#6657,#5285,#5286);
#4617=AXIS2_PLACEMENT_3D('',#6660,#5288,#5289);
#4618=AXIS2_PLACEMENT_3D('',#6661,#5290,#5291);
#4619=AXIS2_PLACEMENT_3D('',#6663,#5292,#5293);
#4620=AXIS2_PLACEMENT_3D('',#6666,#5295,#5296);
#4621=AXIS2_PLACEMENT_3D('',#6667,#5297,#5298);
#4622=AXIS2_PLACEMENT_3D('',#6668,#5299,#5300);
#4623=AXIS2_PLACEMENT_3D('',#6678,#5305,#5306);
#4624=AXIS2_PLACEMENT_3D('',#6689,#5311,#5312);
#4625=AXIS2_PLACEMENT_3D('',#6693,#5314,#5315);
#4626=AXIS2_PLACEMENT_3D('',#6696,#5317,#5318);
#4627=AXIS2_PLACEMENT_3D('',#6697,#5319,#5320);
#4628=AXIS2_PLACEMENT_3D('',#6699,#5321,#5322);
#4629=AXIS2_PLACEMENT_3D('',#6702,#5324,#5325);
#4630=AXIS2_PLACEMENT_3D('',#6703,#5326,#5327);
#4631=AXIS2_PLACEMENT_3D('',#6706,#5329,#5330);
#4632=AXIS2_PLACEMENT_3D('',#6707,#5331,#5332);
#4633=AXIS2_PLACEMENT_3D('',#6708,#5333,#5334);
#4634=AXIS2_PLACEMENT_3D('',#6709,#5335,#5336);
#4635=AXIS2_PLACEMENT_3D('',#6711,#5337,#5338);
#4636=AXIS2_PLACEMENT_3D('',#6714,#5340,#5341);
#4637=AXIS2_PLACEMENT_3D('',#6715,#5342,#5343);
#4638=AXIS2_PLACEMENT_3D('',#6716,#5344,#5345);
#4639=AXIS2_PLACEMENT_3D('',#6718,#5346,#5347);
#4640=AXIS2_PLACEMENT_3D('',#6721,#5349,#5350);
#4641=AXIS2_PLACEMENT_3D('',#6722,#5351,#5352);
#4642=AXIS2_PLACEMENT_3D('',#6723,#5353,#5354);
#4643=AXIS2_PLACEMENT_3D('',#6732,#5359,#5360);
#4644=AXIS2_PLACEMENT_3D('',#6738,#5364,#5365);
#4645=AXIS2_PLACEMENT_3D('',#6744,#5369,#5370);
#4646=AXIS2_PLACEMENT_3D('',#6746,#5372,#5373);
#4647=AXIS2_PLACEMENT_3D('',#6748,#5375,#5376);
#4648=AXIS2_PLACEMENT_3D('',#6759,#5382,#5383);
#4649=AXIS2_PLACEMENT_3D('',#6765,#5387,#5388);
#4650=AXIS2_PLACEMENT_3D('',#6771,#5392,#5393);
#4651=AXIS2_PLACEMENT_3D('',#6775,#5396,#5397);
#4652=AXIS2_PLACEMENT_3D('',#6777,#5399,#5400);
#4653=AXIS2_PLACEMENT_3D('',#6779,#5402,#5403);
#4654=AXIS2_PLACEMENT_3D('',#6785,#5407,#5408);
#4655=AXIS2_PLACEMENT_3D('',#6789,#5411,#5412);
#4656=AXIS2_PLACEMENT_3D('',#6793,#5415,#5416);
#4657=AXIS2_PLACEMENT_3D('',#6799,#5420,#5421);
#4658=AXIS2_PLACEMENT_3D('',#6801,#5422,#5423);
#4659=AXIS2_PLACEMENT_3D('',#6803,#5424,#5425);
#4660=AXIS2_PLACEMENT_3D('',#6805,#5427,#5428);
#4661=AXIS2_PLACEMENT_3D('',#6809,#5432,#5433);
#4662=AXIS2_PLACEMENT_3D('',#6813,#5436,#5437);
#4663=AXIS2_PLACEMENT_3D('',#6815,#5438,#5439);
#4664=AXIS2_PLACEMENT_3D('',#6817,#5441,#5442);
#4665=AXIS2_PLACEMENT_3D('',#6821,#5445,#5446);
#4666=AXIS2_PLACEMENT_3D('',#6823,#5447,#5448);
#4667=AXIS2_PLACEMENT_3D('',#6825,#5450,#5451);
#4668=AXIS2_PLACEMENT_3D('',#6827,#5453,#5454);
#4669=AXIS2_PLACEMENT_3D('',#6828,#5455,#5456);
#4670=AXIS2_PLACEMENT_3D('',#6829,#5457,#5458);
#4671=AXIS2_PLACEMENT_3D('',#6832,#5459,#5460);
#4672=AXIS2_PLACEMENT_3D('',#6838,#5464,#5465);
#4673=AXIS2_PLACEMENT_3D('',#6844,#5469,#5470);
#4674=AXIS2_PLACEMENT_3D('',#6850,#5474,#5475);
#4675=AXIS2_PLACEMENT_3D('',#6851,#5476,#5477);
#4676=AXIS2_PLACEMENT_3D('',#6853,#5479,#5480);
#4677=AXIS2_PLACEMENT_3D('',#6854,#5481,#5482);
#4678=AXIS2_PLACEMENT_3D('',#6856,#5483,#5484);
#4679=AXIS2_PLACEMENT_3D('',#6859,#5486,#5487);
#4680=AXIS2_PLACEMENT_3D('',#6860,#5488,#5489);
#4681=AXIS2_PLACEMENT_3D('',#6862,#5491,#5492);
#4682=AXIS2_PLACEMENT_3D('',#6867,#5494,#5495);
#4683=AXIS2_PLACEMENT_3D('',#6871,#5497,#5498);
#4684=AXIS2_PLACEMENT_3D('',#6875,#5500,#5501);
#4685=AXIS2_PLACEMENT_3D('',#6878,#5503,#5504);
#4686=AXIS2_PLACEMENT_3D('',#6879,#5505,#5506);
#4687=AXIS2_PLACEMENT_3D('',#6924,#5508,#5509);
#4688=AXIS2_PLACEMENT_3D('',#6925,#5510,#5511);
#4689=AXIS2_PLACEMENT_3D('',#6927,#5512,#5513);
#4690=AXIS2_PLACEMENT_3D('',#6928,#5514,#5515);
#4691=AXIS2_PLACEMENT_3D('',#6973,#5517,#5518);
#4692=AXIS2_PLACEMENT_3D('',#6974,#5519,#5520);
#4693=AXIS2_PLACEMENT_3D('',#6976,#5521,#5522);
#4694=AXIS2_PLACEMENT_3D('',#6977,#5523,#5524);
#4695=AXIS2_PLACEMENT_3D('',#7022,#5526,#5527);
#4696=AXIS2_PLACEMENT_3D('',#7023,#5528,#5529);
#4697=AXIS2_PLACEMENT_3D('',#7025,#5530,#5531);
#4698=AXIS2_PLACEMENT_3D('',#7026,#5532,#5533);
#4699=AXIS2_PLACEMENT_3D('',#7071,#5535,#5536);
#4700=AXIS2_PLACEMENT_3D('',#7072,#5537,#5538);
#4701=AXIS2_PLACEMENT_3D('',#7074,#5539,#5540);
#4702=AXIS2_PLACEMENT_3D('',#7075,#5541,#5542);
#4703=AXIS2_PLACEMENT_3D('',#7120,#5544,#5545);
#4704=AXIS2_PLACEMENT_3D('',#7121,#5546,#5547);
#4705=AXIS2_PLACEMENT_3D('',#7123,#5548,#5549);
#4706=AXIS2_PLACEMENT_3D('',#7124,#5550,#5551);
#4707=AXIS2_PLACEMENT_3D('',#7169,#5553,#5554);
#4708=AXIS2_PLACEMENT_3D('',#7170,#5555,#5556);
#4709=AXIS2_PLACEMENT_3D('',#7172,#5557,#5558);
#4710=AXIS2_PLACEMENT_3D('',#7173,#5559,#5560);
#4711=AXIS2_PLACEMENT_3D('',#7215,#5562,#5563);
#4712=AXIS2_PLACEMENT_3D('',#7216,#5564,#5565);
#4713=AXIS2_PLACEMENT_3D('',#7218,#5566,#5567);
#4714=AXIS2_PLACEMENT_3D('',#7219,#5568,#5569);
#4715=AXIS2_PLACEMENT_3D('',#7261,#5571,#5572);
#4716=AXIS2_PLACEMENT_3D('',#7262,#5573,#5574);
#4717=AXIS2_PLACEMENT_3D('',#7264,#5575,#5576);
#4718=AXIS2_PLACEMENT_3D('',#7265,#5577,#5578);
#4719=AXIS2_PLACEMENT_3D('',#7310,#5580,#5581);
#4720=AXIS2_PLACEMENT_3D('',#7311,#5582,#5583);
#4721=AXIS2_PLACEMENT_3D('',#7313,#5584,#5585);
#4722=AXIS2_PLACEMENT_3D('',#7314,#5586,#5587);
#4723=AXIS2_PLACEMENT_3D('',#7359,#5589,#5590);
#4724=AXIS2_PLACEMENT_3D('',#7360,#5591,#5592);
#4725=AXIS2_PLACEMENT_3D('',#7362,#5593,#5594);
#4726=AXIS2_PLACEMENT_3D('',#7363,#5595,#5596);
#4727=AXIS2_PLACEMENT_3D('',#7365,#5597,#5598);
#4728=AXIS2_PLACEMENT_3D('',#7367,#5600,#5601);
#4729=AXIS2_PLACEMENT_3D('',#7369,#5602,#5603);
#4730=AXIS2_PLACEMENT_3D('',#7371,#5605,#5606);
#4731=AXIS2_PLACEMENT_3D('',#7373,#5607,#5608);
#4732=AXIS2_PLACEMENT_3D('',#7375,#5610,#5611);
#4733=AXIS2_PLACEMENT_3D('',#7377,#5612,#5613);
#4734=AXIS2_PLACEMENT_3D('',#7379,#5615,#5616);
#4735=AXIS2_PLACEMENT_3D('',#7381,#5617,#5618);
#4736=AXIS2_PLACEMENT_3D('',#7383,#5620,#5621);
#4737=AXIS2_PLACEMENT_3D('',#7385,#5622,#5623);
#4738=AXIS2_PLACEMENT_3D('',#7387,#5625,#5626);
#4739=AXIS2_PLACEMENT_3D('',#7389,#5627,#5628);
#4740=AXIS2_PLACEMENT_3D('',#7391,#5630,#5631);
#4741=AXIS2_PLACEMENT_3D('',#7393,#5632,#5633);
#4742=AXIS2_PLACEMENT_3D('',#7395,#5635,#5636);
#4743=AXIS2_PLACEMENT_3D('',#7397,#5637,#5638);
#4744=AXIS2_PLACEMENT_3D('',#7399,#5640,#5641);
#4745=AXIS2_PLACEMENT_3D('',#7401,#5642,#5643);
#4746=AXIS2_PLACEMENT_3D('',#7403,#5645,#5646);
#4747=AXIS2_PLACEMENT_3D('',#7406,#5647,#5648);
#4748=AXIS2_PLACEMENT_3D('',#7410,#5650,#5651);
#4749=AXIS2_PLACEMENT_3D('',#7414,#5653,#5654);
#4750=AXIS2_PLACEMENT_3D('',#7418,#5656,#5657);
#4751=AXIS2_PLACEMENT_3D('',#7502,#5663,#5664);
#4752=AXIS2_PLACEMENT_3D('',#7503,#5665,#5666);
#4753=AXIS2_PLACEMENT_3D('',#7504,#5667,#5668);
#4754=AXIS2_PLACEMENT_3D('',#7505,#5669,#5670);
#4755=AXIS2_PLACEMENT_3D('',#7536,#5671,#5672);
#4756=AXIS2_PLACEMENT_3D('',#7537,#5673,#5674);
#4757=AXIS2_PLACEMENT_3D('',#7538,#5675,#5676);
#4758=AXIS2_PLACEMENT_3D('',#7539,#5677,#5678);
#4759=AXIS2_PLACEMENT_3D('',#7543,#5680,#5681);
#4760=AXIS2_PLACEMENT_3D('',#7545,#5683,#5684);
#4761=AXIS2_PLACEMENT_3D('',#7549,#5687,#5688);
#4762=AXIS2_PLACEMENT_3D('',#7552,#5690,#5691);
#4763=AXIS2_PLACEMENT_3D('',#7553,#5692,#5693);
#4764=AXIS2_PLACEMENT_3D('',#7587,#5696,#5697);
#4765=AXIS2_PLACEMENT_3D('',#7588,#5698,#5699);
#4766=AXIS2_PLACEMENT_3D('',#7619,#5700,#5701);
#4767=AXIS2_PLACEMENT_3D('',#7620,#5702,#5703);
#4768=AXIS2_PLACEMENT_3D('',#7621,#5704,#5705);
#4769=AXIS2_PLACEMENT_3D('',#7622,#5706,#5707);
#4770=AXIS2_PLACEMENT_3D('',#7623,#5708,#5709);
#4771=AXIS2_PLACEMENT_3D('',#7624,#5710,#5711);
#4772=AXIS2_PLACEMENT_3D('',#7625,#5712,#5713);
#4773=AXIS2_PLACEMENT_3D('',#7635,#5714,#5715);
#4774=AXIS2_PLACEMENT_3D('',#7636,#5716,#5717);
#4775=AXIS2_PLACEMENT_3D('',#7637,#5718,#5719);
#4776=AXIS2_PLACEMENT_3D('',#7648,#5720,#5721);
#4777=AXIS2_PLACEMENT_3D('',#7649,#5722,#5723);
#4778=AXIS2_PLACEMENT_3D('',#7650,#5724,#5725);
#4779=AXIS2_PLACEMENT_3D('',#7652,#5726,#5727);
#4780=AXIS2_PLACEMENT_3D('',#7664,#5729,#5730);
#4781=AXIS2_PLACEMENT_3D('',#7665,#5731,#5732);
#4782=AXIS2_PLACEMENT_3D('',#7666,#5733,#5734);
#4783=AXIS2_PLACEMENT_3D('',#7667,#5735,#5736);
#4784=AXIS2_PLACEMENT_3D('',#7678,#5738,#5739);
#4785=AXIS2_PLACEMENT_3D('',#7680,#5741,#5742);
#4786=AXIS2_PLACEMENT_3D('',#7682,#5744,#5745);
#4787=AXIS2_PLACEMENT_3D('',#7684,#5747,#5748);
#4788=AXIS2_PLACEMENT_3D('',#7685,#5749,#5750);
#4789=AXIS2_PLACEMENT_3D('',#7687,#5751,#5752);
#4790=AXIS2_PLACEMENT_3D('',#7690,#5754,#5755);
#4791=AXIS2_PLACEMENT_3D('',#7691,#5756,#5757);
#4792=AXIS2_PLACEMENT_3D('',#7693,#5758,#5759);
#4793=AXIS2_PLACEMENT_3D('',#7696,#5761,#5762);
#4794=AXIS2_PLACEMENT_3D('',#7697,#5763,#5764);
#4795=AXIS2_PLACEMENT_3D('',#7700,#5765,#5766);
#4796=AXIS2_PLACEMENT_3D('',#7704,#5768,#5769);
#4797=AXIS2_PLACEMENT_3D('',#7706,#5771,#5772);
#4798=AXIS2_PLACEMENT_3D('',#7712,#5776,#5777);
#4799=AXIS2_PLACEMENT_3D('',#7715,#5780,#5781);
#4800=AXIS2_PLACEMENT_3D('',#7724,#5786,#5787);
#4801=AXIS2_PLACEMENT_3D('',#7730,#5791,#5792);
#4802=AXIS2_PLACEMENT_3D('',#7736,#5796,#5797);
#4803=AXIS2_PLACEMENT_3D('',#7742,#5801,#5802);
#4804=AXIS2_PLACEMENT_3D('',#7748,#5806,#5807);
#4805=AXIS2_PLACEMENT_3D('',#7754,#5811,#5812);
#4806=AXIS2_PLACEMENT_3D('',#7760,#5816,#5817);
#4807=AXIS2_PLACEMENT_3D('',#7766,#5821,#5822);
#4808=AXIS2_PLACEMENT_3D('',#7772,#5826,#5827);
#4809=AXIS2_PLACEMENT_3D('',#7778,#5831,#5832);
#4810=AXIS2_PLACEMENT_3D('',#7784,#5836,#5837);
#4811=AXIS2_PLACEMENT_3D('',#7785,#5838,#5839);
#4812=AXIS2_PLACEMENT_3D('',#7786,#5840,#5841);
#4813=AXIS2_PLACEMENT_3D('',#7787,#5842,#5843);
#4814=AXIS2_PLACEMENT_3D('',#7788,#5844,#5845);
#4815=AXIS2_PLACEMENT_3D('',#7789,#5846,#5847);
#4816=AXIS2_PLACEMENT_3D('',#7791,#5848,#5849);
#4817=AXIS2_PLACEMENT_3D('',#7795,#5851,#5852);
#4818=AXIS2_PLACEMENT_3D('',#7812,#5853,#5854);
#4819=AXIS2_PLACEMENT_3D('',#7813,#5855,#5856);
#4820=AXIS2_PLACEMENT_3D('',#7815,#5857,#5858);
#4821=AXIS2_PLACEMENT_3D('',#7819,#5860,#5861);
#4822=AXIS2_PLACEMENT_3D('',#7840,#5862,#5863);
#4823=AXIS2_PLACEMENT_3D('',#7841,#5864,#5865);
#4824=AXIS2_PLACEMENT_3D('',#7843,#5866,#5867);
#4825=AXIS2_PLACEMENT_3D('',#7847,#5869,#5870);
#4826=AXIS2_PLACEMENT_3D('',#7864,#5871,#5872);
#4827=AXIS2_PLACEMENT_3D('',#7865,#5873,#5874);
#4828=AXIS2_PLACEMENT_3D('',#7867,#5875,#5876);
#4829=AXIS2_PLACEMENT_3D('',#7871,#5878,#5879);
#4830=AXIS2_PLACEMENT_3D('',#7888,#5880,#5881);
#4831=AXIS2_PLACEMENT_3D('',#7889,#5882,#5883);
#4832=AXIS2_PLACEMENT_3D('',#7891,#5884,#5885);
#4833=AXIS2_PLACEMENT_3D('',#7906,#5887,#5888);
#4834=AXIS2_PLACEMENT_3D('',#7917,#5889,#5890);
#4835=AXIS2_PLACEMENT_3D('',#7919,#5891,#5892);
#4836=AXIS2_PLACEMENT_3D('',#7934,#5894,#5895);
#4837=AXIS2_PLACEMENT_3D('',#7945,#5896,#5897);
#4838=AXIS2_PLACEMENT_3D('',#7947,#5898,#5899);
#4839=AXIS2_PLACEMENT_3D('',#7951,#5901,#5902);
#4840=AXIS2_PLACEMENT_3D('',#7968,#5903,#5904);
#4841=AXIS2_PLACEMENT_3D('',#7969,#5905,#5906);
#4842=AXIS2_PLACEMENT_3D('',#7971,#5907,#5908);
#4843=AXIS2_PLACEMENT_3D('',#7975,#5910,#5911);
#4844=AXIS2_PLACEMENT_3D('',#7992,#5912,#5913);
#4845=AXIS2_PLACEMENT_3D('',#7993,#5914,#5915);
#4846=AXIS2_PLACEMENT_3D('',#7995,#5916,#5917);
#4847=AXIS2_PLACEMENT_3D('',#7999,#5919,#5920);
#4848=AXIS2_PLACEMENT_3D('',#8020,#5921,#5922);
#4849=AXIS2_PLACEMENT_3D('',#8021,#5923,#5924);
#4850=AXIS2_PLACEMENT_3D('',#8023,#5925,#5926);
#4851=AXIS2_PLACEMENT_3D('',#8027,#5928,#5929);
#4852=AXIS2_PLACEMENT_3D('',#8044,#5930,#5931);
#4853=AXIS2_PLACEMENT_3D('',#8045,#5932,#5933);
#4854=AXIS2_PLACEMENT_3D('',#8049,#5935,#5936);
#4855=AXIS2_PLACEMENT_3D('',#8055,#5940,#5941);
#4856=AXIS2_PLACEMENT_3D('',#8062,#5946,#5947);
#4857=AXIS2_PLACEMENT_3D('',#8068,#5951,#5952);
#4858=AXIS2_PLACEMENT_3D('',#8086,#5962,#5963);
#4859=AXIS2_PLACEMENT_3D('',#8096,#5968,#5969);
#4860=AXIS2_PLACEMENT_3D('',#8104,#5973,#5974);
#4861=AXIS2_PLACEMENT_3D('',#8112,#5978,#5979);
#4862=AXIS2_PLACEMENT_3D('',#8114,#5981,#5982);
#4863=AXIS2_PLACEMENT_3D('',#8118,#5984,#5985);
#4864=AXIS2_PLACEMENT_3D('',#8133,#5986,#5987);
#4865=AXIS2_PLACEMENT_3D('',#8149,#5988,#5989);
#4866=AXIS2_PLACEMENT_3D('',#8150,#5990,#5991);
#4867=AXIS2_PLACEMENT_3D('',#8152,#5992,#5993);
#4868=AXIS2_PLACEMENT_3D('',#8154,#5995,#5996);
#4869=AXIS2_PLACEMENT_3D('',#8160,#6000,#6001);
#4870=AXIS2_PLACEMENT_3D('',#8163,#6003,#6004);
#4871=AXIS2_PLACEMENT_3D('',#8164,#6005,#6006);
#4872=AXIS2_PLACEMENT_3D('',#8168,#6009,#6010);
#4873=AXIS2_PLACEMENT_3D('',#8172,#6012,#6013);
#4874=AXIS2_PLACEMENT_3D('',#8187,#6014,#6015);
#4875=AXIS2_PLACEMENT_3D('',#8203,#6016,#6017);
#4876=AXIS2_PLACEMENT_3D('',#8204,#6018,#6019);
#4877=AXIS2_PLACEMENT_3D('',#8206,#6020,#6021);
#4878=AXIS2_PLACEMENT_3D('',#8208,#6022,#6023);
#4879=AXIS2_PLACEMENT_3D('',#8210,#6025,#6026);
#4880=AXIS2_PLACEMENT_3D('',#8212,#6028,#6029);
#4881=AXIS2_PLACEMENT_3D('',#8218,#6033,#6034);
#4882=AXIS2_PLACEMENT_3D('',#8221,#6036,#6037);
#4883=AXIS2_PLACEMENT_3D('',#8222,#6038,#6039);
#4884=AXIS2_PLACEMENT_3D('',#8226,#6042,#6043);
#4885=AXIS2_PLACEMENT_3D('',#8230,#6046,#6047);
#4886=AXIS2_PLACEMENT_3D('',#8234,#6049,#6050);
#4887=AXIS2_PLACEMENT_3D('',#8249,#6051,#6052);
#4888=AXIS2_PLACEMENT_3D('',#8265,#6053,#6054);
#4889=AXIS2_PLACEMENT_3D('',#8266,#6055,#6056);
#4890=AXIS2_PLACEMENT_3D('',#8268,#6057,#6058);
#4891=AXIS2_PLACEMENT_3D('',#8270,#6060,#6061);
#4892=AXIS2_PLACEMENT_3D('',#8276,#6065,#6066);
#4893=AXIS2_PLACEMENT_3D('',#8279,#6068,#6069);
#4894=AXIS2_PLACEMENT_3D('',#8280,#6070,#6071);
#4895=AXIS2_PLACEMENT_3D('',#8284,#6074,#6075);
#4896=AXIS2_PLACEMENT_3D('',#8288,#6077,#6078);
#4897=AXIS2_PLACEMENT_3D('',#8303,#6079,#6080);
#4898=AXIS2_PLACEMENT_3D('',#8319,#6081,#6082);
#4899=AXIS2_PLACEMENT_3D('',#8320,#6083,#6084);
#4900=AXIS2_PLACEMENT_3D('',#8322,#6085,#6086);
#4901=AXIS2_PLACEMENT_3D('',#8324,#6088,#6089);
#4902=AXIS2_PLACEMENT_3D('',#8330,#6093,#6094);
#4903=AXIS2_PLACEMENT_3D('',#8333,#6096,#6097);
#4904=AXIS2_PLACEMENT_3D('',#8334,#6098,#6099);
#4905=AXIS2_PLACEMENT_3D('',#8338,#6102,#6103);
#4906=AXIS2_PLACEMENT_3D('',#8340,#6104,#6105);
#4907=AXIS2_PLACEMENT_3D('',#8342,#6106,#6107);
#4908=AXIS2_PLACEMENT_3D('',#8343,#6108,#6109);
#4909=AXIS2_PLACEMENT_3D('',#8344,#6110,#6111);
#4910=AXIS2_PLACEMENT_3D('',#8347,#6113,#6114);
#4911=AXIS2_PLACEMENT_3D('',#8348,#6115,#6116);
#4912=AXIS2_PLACEMENT_3D('',#8350,#6117,#6118);
#4913=AXIS2_PLACEMENT_3D('',#8351,#6119,#6120);
#4914=AXIS2_PLACEMENT_3D('',#8352,#6121,#6122);
#4915=AXIS2_PLACEMENT_3D('',#8355,#6124,#6125);
#4916=AXIS2_PLACEMENT_3D('',#8356,#6126,#6127);
#4917=AXIS2_PLACEMENT_3D('',#8358,#6128,#6129);
#4918=AXIS2_PLACEMENT_3D('',#8359,#6130,#6131);
#4919=AXIS2_PLACEMENT_3D('',#8360,#6132,#6133);
#4920=AXIS2_PLACEMENT_3D('',#8363,#6135,#6136);
#4921=AXIS2_PLACEMENT_3D('',#8364,#6137,#6138);
#4922=AXIS2_PLACEMENT_3D('',#8366,#6139,#6140);
#4923=AXIS2_PLACEMENT_3D('',#8367,#6141,#6142);
#4924=AXIS2_PLACEMENT_3D('',#8368,#6143,#6144);
#4925=AXIS2_PLACEMENT_3D('',#8370,#6146,#6147);
#4926=AXIS2_PLACEMENT_3D('',#8372,#6149,#6150);
#4927=AXIS2_PLACEMENT_3D('',#8374,#6152,#6153);
#4928=AXIS2_PLACEMENT_3D('',#8376,#6155,#6156);
#4929=AXIS2_PLACEMENT_3D('',#8378,#6158,#6159);
#4930=AXIS2_PLACEMENT_3D('',#8384,#6163,#6164);
#4931=AXIS2_PLACEMENT_3D('',#8388,#6167,#6168);
#4932=AXIS2_PLACEMENT_3D('',#8392,#6171,#6172);
#4933=AXIS2_PLACEMENT_3D('',#8394,#6174,#6175);
#4934=DIRECTION('axis',(0.,0.,1.));
#4935=DIRECTION('refdir',(1.,0.,0.));
#4936=DIRECTION('center_axis',(9.49981472956256E-15,1.00929365875014E-16,
-1.));
#4937=DIRECTION('ref_axis',(1.,3.33560927012519E-17,9.49981472956256E-15));
#4938=DIRECTION('',(-1.,0.,-9.49981472956256E-15));
#4939=DIRECTION('',(0.,-1.,-1.00929365875014E-16));
#4940=DIRECTION('',(1.,0.,9.49981472956256E-15));
#4941=DIRECTION('',(0.,-1.,-1.00929365875014E-16));
#4942=DIRECTION('center_axis',(-0.999929145853172,-1.20145493584426E-18,
0.0119039184030154));
#4943=DIRECTION('ref_axis',(-0.0119039184030154,9.78383131248246E-17,-0.999929145853172));
#4944=DIRECTION('',(0.0119039184030154,0.,0.999929145853172));
#4945=DIRECTION('',(-0.0119039184030154,0.,-0.999929145853172));
#4946=DIRECTION('',(0.,-1.,-1.00929365875014E-16));
#4947=DIRECTION('center_axis',(0.999998768756578,1.58381470340576E-19,-0.00156923080777806));
#4948=DIRECTION('ref_axis',(0.00156923080777806,-9.81898778393918E-17,0.999998768756578));
#4949=DIRECTION('',(-0.00156923080777806,0.,-0.999998768756578));
#4950=DIRECTION('',(0.,-1.,-1.00929365875014E-16));
#4951=DIRECTION('',(0.00156923080777806,0.,0.999998768756578));
#4952=DIRECTION('center_axis',(0.573462344363328,0.,0.81923192051904));
#4953=DIRECTION('ref_axis',(-0.81923192051904,-8.36646597629585E-17,0.573462344363328));
#4954=DIRECTION('',(-0.81923192051904,3.89103796766111E-17,0.573462344363328));
#4955=DIRECTION('',(0.,-1.,0.));
#4956=DIRECTION('',(0.81923192051904,0.,-0.573462344363328));
#4957=DIRECTION('',(0.,-1.,0.));
#4958=DIRECTION('center_axis',(1.59271906060997E-30,0.,1.));
#4959=DIRECTION('ref_axis',(-1.,-3.33560927012528E-17,1.59271906060997E-30));
#4960=DIRECTION('',(-1.,4.74961713551867E-17,1.59271906060997E-30));
#4961=DIRECTION('',(1.,0.,-1.59608566989438E-30));
#4962=DIRECTION('',(0.,1.,0.));
#4963=DIRECTION('center_axis',(-0.536875492193207,0.,0.843661487732077));
#4964=DIRECTION('ref_axis',(-0.843661487732077,2.46026550338243E-17,-0.536875492193207));
#4965=DIRECTION('',(-0.843661487732077,4.00706905870945E-17,-0.536875492193207));
#4966=DIRECTION('',(0.843661487732077,0.,0.536875492193207));
#4967=DIRECTION('',(0.,-1.,0.));
#4968=DIRECTION('center_axis',(-1.,0.,-9.51619756663409E-15));
#4969=DIRECTION('ref_axis',(9.51619756663409E-15,9.82423422079237E-17,-1.));
#4970=DIRECTION('',(9.51619756663409E-15,-4.51982950274664E-31,-1.));
#4971=DIRECTION('',(-9.51619756663409E-15,0.,1.));
#4972=DIRECTION('',(0.,-1.,0.));
#4973=DIRECTION('',(6.72896783047772E-15,0.707106781186565,-0.70710678118653));
#4974=DIRECTION('center_axis',(-0.115500858174564,0.,0.993307380301254));
#4975=DIRECTION('ref_axis',(-0.993307380301254,-2.17857782240727E-17,-0.115500858174564));
#4976=DIRECTION('',(-0.986747360177503,0.114738065136924,-0.114738065136918));
#4977=DIRECTION('',(-0.993307380301254,-2.17857782240727E-17,-0.115500858174564));
#4978=DIRECTION('',(0.,-1.,0.));
#4979=DIRECTION('center_axis',(0.,1.,0.));
#4980=DIRECTION('ref_axis',(0.,0.,1.));
#4981=DIRECTION('',(1.,0.,0.));
#4982=DIRECTION('',(-1.21831136373621E-14,-9.82423422079237E-17,1.));
#4983=DIRECTION('',(-1.,-3.33560927012517E-17,-1.08081080666884E-14));
#4984=DIRECTION('',(-0.0119039184030137,9.78383131248247E-17,-0.999929145853172));
#4985=DIRECTION('center_axis',(1.,0.,1.03620817947787E-14));
#4986=DIRECTION('ref_axis',(-1.03620817947787E-14,-9.82423422079237E-17,
1.));
#4987=DIRECTION('',(-1.03620817947787E-14,4.9215921252127E-31,1.));
#4988=DIRECTION('',(-7.32709830429751E-15,-0.707106781186565,0.70710678118653));
#4989=DIRECTION('',(0.,-1.,0.));
#4990=DIRECTION('',(1.03620817947787E-14,0.,-1.));
#4991=DIRECTION('center_axis',(0.011903918403014,0.,0.999929145853172));
#4992=DIRECTION('ref_axis',(-0.999929145853172,-3.4523198109127E-17,0.011903918403014));
#4993=DIRECTION('',(-0.999858306765141,-0.0119030750805379,0.0119030750805374));
#4994=DIRECTION('',(0.,-1.,0.));
#4995=DIRECTION('',(-0.999929145853172,-3.4523198109127E-17,0.011903918403014));
#4996=DIRECTION('center_axis',(0.999929145853172,0.,-0.0119039184030137));
#4997=DIRECTION('ref_axis',(0.0119039184030137,-9.78383131248247E-17,0.999929145853172));
#4998=DIRECTION('',(0.00841763963251674,-0.707081729131459,0.707081729131423));
#4999=DIRECTION('',(-1.76225876924624E-17,-1.,-1.48029736616688E-15));
#5000=DIRECTION('',(0.,-1.,0.));
#5001=DIRECTION('',(0.0119039184030137,-9.78383131248247E-17,0.999929145853172));
#5002=DIRECTION('center_axis',(1.08081080666884E-14,0.,-1.));
#5003=DIRECTION('ref_axis',(1.,3.33560927012517E-17,1.08081080666884E-14));
#5004=DIRECTION('',(0.,-1.,0.));
#5005=DIRECTION('',(1.,3.33560927012517E-17,1.08081080666884E-14));
#5006=DIRECTION('center_axis',(-1.,0.,-1.21831136373621E-14));
#5007=DIRECTION('ref_axis',(1.21831136373621E-14,9.82423422079237E-17,-1.));
#5008=DIRECTION('',(-1.80346310290989E-29,1.,1.48029736616688E-15));
#5009=DIRECTION('',(8.61476226894483E-15,0.707106781186565,-0.70710678118653));
#5010=DIRECTION('',(1.21831136373621E-14,9.82423422079237E-17,-1.));
#5011=DIRECTION('center_axis',(0.,-1.,0.));
#5012=DIRECTION('ref_axis',(0.,0.,-1.));
#5013=DIRECTION('center_axis',(4.74961713551867E-17,1.,0.));
#5014=DIRECTION('ref_axis',(-1.,4.74961713551867E-17,0.));
#5015=DIRECTION('',(-1.,4.74961713551867E-17,0.));
#5016=DIRECTION('',(0.,0.,1.));
#5017=DIRECTION('',(-1.,4.74961713551867E-17,0.));
#5018=DIRECTION('',(0.,0.,1.));
#5019=DIRECTION('',(1.,-4.74961713551867E-17,-7.03084573600935E-32));
#5020=DIRECTION('',(-2.96059473233375E-15,1.40616914720187E-31,-1.));
#5021=DIRECTION('',(1.,-4.74961713551867E-17,-2.74780198594727E-15));
#5022=DIRECTION('',(4.01417388764741E-15,-1.90657890817217E-31,1.));
#5023=DIRECTION('',(1.,-4.74961713551867E-17,-7.03084573600935E-32));
#5024=DIRECTION('center_axis',(3.358486484565E-17,0.70710678118653,0.707106781186565));
#5025=DIRECTION('ref_axis',(1.,0.,-4.74961713551844E-17));
#5026=DIRECTION('',(-1.,4.74961713551867E-17,7.03084573600935E-32));
#5027=DIRECTION('',(2.09345661157831E-15,-0.707106781186565,0.70710678118653));
#5028=DIRECTION('center_axis',(0.,-1.48029736616688E-15,1.));
#5029=DIRECTION('ref_axis',(1.,0.,0.));
#5030=DIRECTION('center_axis',(0.,-1.48029736616688E-15,1.));
#5031=DIRECTION('ref_axis',(-1.,0.,0.));
#5032=DIRECTION('',(-3.66080763829131E-30,-1.,-1.33226762955021E-15));
#5033=DIRECTION('',(-1.,0.,2.74780198594727E-15));
#5034=DIRECTION('',(0.,1.,1.48029736616688E-15));
#5035=DIRECTION('',(1.,0.,-2.74780198594727E-15));
#5036=DIRECTION('center_axis',(-1.,3.66080763829131E-30,5.41908390500621E-45));
#5037=DIRECTION('ref_axis',(-3.66080763829131E-30,-1.,-1.33226762955021E-15));
#5038=DIRECTION('',(0.,0.,-1.));
#5039=DIRECTION('',(-3.66080763829131E-30,-1.,-1.33226762955021E-15));
#5040=DIRECTION('',(0.,-1.48029736616688E-15,1.));
#5041=DIRECTION('center_axis',(3.358486484565E-17,0.70710678118653,0.707106781186565));
#5042=DIRECTION('ref_axis',(1.,0.,-4.74961713551844E-17));
#5043=DIRECTION('',(0.449550612505489,0.631626569578885,-0.631626569578853));
#5044=DIRECTION('',(-1.,4.74961713551867E-17,7.03084573600935E-32));
#5045=DIRECTION('center_axis',(0.,-1.48029736616688E-15,1.));
#5046=DIRECTION('ref_axis',(1.,0.,0.));
#5047=DIRECTION('',(0.57986121356031,0.814715271127505,-5.0792501117142E-16));
#5048=DIRECTION('',(1.,0.,-2.74780198594727E-15));
#5049=DIRECTION('',(-2.27738051634588E-16,-1.,-1.48029736616688E-15));
#5050=DIRECTION('',(-1.,0.,2.74780198594727E-15));
#5051=DIRECTION('',(-3.66080763829131E-30,-1.,-1.33226762955021E-15));
#5052=DIRECTION('center_axis',(-0.707106781186547,-8.85693185144155E-16,
0.707106781186548));
#5053=DIRECTION('ref_axis',(0.707106781186548,0.,0.707106781186547));
#5054=DIRECTION('',(-0.707106781186548,1.04672830578919E-15,-0.707106781186547));
#5055=DIRECTION('',(0.707106781186548,-1.04672830578919E-15,0.707106781186547));
#5056=DIRECTION('',(2.27738051634588E-16,1.,1.48029736616688E-15));
#5057=DIRECTION('center_axis',(4.06756404254585E-30,1.,1.48029736616688E-15));
#5058=DIRECTION('ref_axis',(-1.,0.,2.74780198594727E-15));
#5059=DIRECTION('',(0.,1.48029736616688E-15,-1.));
#5060=DIRECTION('',(-1.,0.,2.74780198594727E-15));
#5061=DIRECTION('center_axis',(-2.74780198594727E-15,1.33226762955021E-15,
-1.));
#5062=DIRECTION('ref_axis',(-1.,0.,2.74780198594727E-15));
#5063=DIRECTION('center_axis',(-2.74780198594727E-15,1.33226762955021E-15,
-1.));
#5064=DIRECTION('ref_axis',(-1.,0.,0.));
#5065=DIRECTION('',(1.,0.,-2.74780198594727E-15));
#5066=DIRECTION('',(0.,-1.,-1.33226762955021E-15));
#5067=DIRECTION('center_axis',(-4.06756404254585E-30,-1.,-1.48029736616688E-15));
#5068=DIRECTION('ref_axis',(1.,0.,-2.74780198594727E-15));
#5069=DIRECTION('',(0.,0.,1.));
#5070=DIRECTION('',(0.,-1.48029736616688E-15,1.));
#5071=DIRECTION('center_axis',(-1.,-2.83496887813795E-31,2.96059473233375E-15));
#5072=DIRECTION('ref_axis',(-3.66080763829131E-30,-1.,-1.33226762955021E-15));
#5073=DIRECTION('',(0.,-1.48029736616688E-15,1.));
#5074=DIRECTION('',(3.66080763829131E-30,1.,1.33226762955021E-15));
#5075=DIRECTION('center_axis',(0.814715271127505,-0.57986121356031,-3.27040876722761E-15));
#5076=DIRECTION('ref_axis',(0.57986121356031,0.814715271127505,-5.0792501117142E-16));
#5077=DIRECTION('',(0.57986121356031,0.814715271127505,-5.0792501117142E-16));
#5078=DIRECTION('',(-2.96059473233375E-15,1.48029736616688E-15,-1.));
#5079=DIRECTION('center_axis',(-4.06756404254585E-30,-1.,-1.48029736616688E-15));
#5080=DIRECTION('ref_axis',(1.,0.,-2.74780198594727E-15));
#5081=DIRECTION('',(1.,0.,-2.74780198594727E-15));
#5082=DIRECTION('',(3.37120038010657E-31,1.48029736616688E-15,-1.));
#5083=DIRECTION('center_axis',(4.06756404254585E-30,1.,1.48029736616688E-15));
#5084=DIRECTION('ref_axis',(-1.,0.,2.74780198594727E-15));
#5085=DIRECTION('',(-3.37120038010657E-31,-1.48029736616688E-15,1.));
#5086=DIRECTION('',(-1.,0.,2.74780198594727E-15));
#5087=DIRECTION('center_axis',(-2.74780198594727E-15,1.33226762955021E-15,
-1.));
#5088=DIRECTION('ref_axis',(-1.,0.,2.74780198594727E-15));
#5089=DIRECTION('',(2.27738051634588E-16,1.,1.3322676295502E-15));
#5090=DIRECTION('center_axis',(0.,0.,1.));
#5091=DIRECTION('ref_axis',(-1.,0.,0.));
#5092=DIRECTION('center_axis',(0.,0.,1.));
#5093=DIRECTION('ref_axis',(-1.,0.,0.));
#5094=DIRECTION('',(0.,0.,1.));
#5095=DIRECTION('center_axis',(0.,0.,-1.));
#5096=DIRECTION('ref_axis',(-1.,0.,0.));
#5097=DIRECTION('center_axis',(0.,0.,1.));
#5098=DIRECTION('ref_axis',(-1.,0.,0.));
#5099=DIRECTION('center_axis',(0.,0.,1.));
#5100=DIRECTION('ref_axis',(-1.,0.,0.));
#5101=DIRECTION('',(0.,0.,1.));
#5102=DIRECTION('center_axis',(0.,0.,-1.));
#5103=DIRECTION('ref_axis',(-1.,0.,0.));
#5104=DIRECTION('center_axis',(0.,0.,1.));
#5105=DIRECTION('ref_axis',(-1.,0.,0.));
#5106=DIRECTION('center_axis',(0.,0.,1.));
#5107=DIRECTION('ref_axis',(-1.,0.,0.));
#5108=DIRECTION('',(0.,0.,1.));
#5109=DIRECTION('center_axis',(0.,0.,-1.));
#5110=DIRECTION('ref_axis',(-1.,0.,0.));
#5111=DIRECTION('center_axis',(0.,0.,1.));
#5112=DIRECTION('ref_axis',(-1.,0.,0.));
#5113=DIRECTION('center_axis',(0.,0.,1.));
#5114=DIRECTION('ref_axis',(-1.,0.,0.));
#5115=DIRECTION('',(0.,0.,1.));
#5116=DIRECTION('center_axis',(0.,0.,-1.));
#5117=DIRECTION('ref_axis',(-1.,0.,0.));
#5118=DIRECTION('center_axis',(0.,0.,1.));
#5119=DIRECTION('ref_axis',(-1.,0.,0.));
#5120=DIRECTION('center_axis',(0.,0.,1.));
#5121=DIRECTION('ref_axis',(-1.,0.,0.));
#5122=DIRECTION('',(0.,0.,1.));
#5123=DIRECTION('center_axis',(0.,0.,-1.));
#5124=DIRECTION('ref_axis',(-1.,0.,0.));
#5125=DIRECTION('center_axis',(0.,0.,1.));
#5126=DIRECTION('ref_axis',(-1.,0.,0.));
#5127=DIRECTION('center_axis',(0.,0.,1.));
#5128=DIRECTION('ref_axis',(-1.,0.,0.));
#5129=DIRECTION('',(0.,0.,1.));
#5130=DIRECTION('center_axis',(0.,0.,-1.));
#5131=DIRECTION('ref_axis',(-1.,0.,0.));
#5132=DIRECTION('center_axis',(0.,0.,1.));
#5133=DIRECTION('ref_axis',(-1.,0.,0.));
#5134=DIRECTION('center_axis',(0.,0.,1.));
#5135=DIRECTION('ref_axis',(-1.,0.,0.));
#5136=DIRECTION('',(0.,0.,1.));
#5137=DIRECTION('center_axis',(0.,0.,-1.));
#5138=DIRECTION('ref_axis',(-1.,0.,0.));
#5139=DIRECTION('center_axis',(0.,0.,1.));
#5140=DIRECTION('ref_axis',(-1.,0.,0.));
#5141=DIRECTION('center_axis',(0.,0.,1.));
#5142=DIRECTION('ref_axis',(-1.,0.,0.));
#5143=DIRECTION('',(0.,0.,1.));
#5144=DIRECTION('',(0.,0.,1.));
#5145=DIRECTION('center_axis',(0.,0.,-1.));
#5146=DIRECTION('ref_axis',(-1.,0.,0.));
#5147=DIRECTION('center_axis',(0.,0.,1.));
#5148=DIRECTION('ref_axis',(-1.,0.,0.));
#5149=DIRECTION('center_axis',(0.,0.,1.));
#5150=DIRECTION('ref_axis',(-1.,0.,0.));
#5151=DIRECTION('',(0.,0.,1.));
#5152=DIRECTION('center_axis',(0.,0.,-1.));
#5153=DIRECTION('ref_axis',(-1.,0.,0.));
#5154=DIRECTION('center_axis',(0.,0.,1.));
#5155=DIRECTION('ref_axis',(-1.,0.,0.));
#5156=DIRECTION('center_axis',(0.,0.,1.));
#5157=DIRECTION('ref_axis',(-1.,0.,0.));
#5158=DIRECTION('',(0.,0.,1.));
#5159=DIRECTION('center_axis',(0.,0.,-1.));
#5160=DIRECTION('ref_axis',(-1.,0.,0.));
#5161=DIRECTION('center_axis',(0.,0.,1.));
#5162=DIRECTION('ref_axis',(1.,0.,0.));
#5163=DIRECTION('center_axis',(0.,0.,1.));
#5164=DIRECTION('ref_axis',(-1.,5.9211894646675E-16,0.));
#5165=DIRECTION('',(-2.27738051634588E-16,-1.,0.));
#5166=DIRECTION('center_axis',(0.,0.,1.));
#5167=DIRECTION('ref_axis',(0.,1.,0.));
#5168=DIRECTION('',(-1.,4.74961713551867E-17,0.));
#5169=DIRECTION('center_axis',(0.,0.,1.));
#5170=DIRECTION('ref_axis',(1.,0.,0.));
#5171=DIRECTION('',(2.27738051634588E-16,1.,0.));
#5172=DIRECTION('center_axis',(0.,0.,1.));
#5173=DIRECTION('ref_axis',(0.,-1.,0.));
#5174=DIRECTION('',(1.,0.,0.));
#5175=DIRECTION('center_axis',(0.,0.,-1.));
#5176=DIRECTION('ref_axis',(-1.11022302462516E-15,1.,0.));
#5177=DIRECTION('',(0.,1.,0.));
#5178=DIRECTION('center_axis',(0.,0.,-1.));
#5179=DIRECTION('ref_axis',(-1.,1.11022302462516E-15,0.));
#5180=DIRECTION('center_axis',(0.,0.,-1.));
#5181=DIRECTION('ref_axis',(0.,-1.,0.));
#5182=DIRECTION('',(-2.27738051634588E-16,-1.,0.));
#5183=DIRECTION('center_axis',(0.,0.,-1.));
#5184=DIRECTION('ref_axis',(1.,0.,0.));
#5185=DIRECTION('',(1.,4.74961713551867E-17,0.));
#5186=DIRECTION('center_axis',(0.,0.,1.));
#5187=DIRECTION('ref_axis',(0.,-1.,0.));
#5188=DIRECTION('center_axis',(0.,0.,1.));
#5189=DIRECTION('ref_axis',(0.,-1.,0.));
#5190=DIRECTION('',(0.,0.,1.));
#5191=DIRECTION('',(0.,0.,1.));
#5192=DIRECTION('center_axis',(0.,0.,1.));
#5193=DIRECTION('ref_axis',(-1.11022302462516E-15,1.,0.));
#5194=DIRECTION('center_axis',(0.,0.,-1.));
#5195=DIRECTION('ref_axis',(-1.,-5.55111512312578E-16,0.));
#5196=DIRECTION('',(0.,0.,1.));
#5197=DIRECTION('',(0.,0.,1.));
#5198=DIRECTION('center_axis',(4.74961713551867E-17,-1.,0.));
#5199=DIRECTION('ref_axis',(1.,4.74961713551867E-17,0.));
#5200=DIRECTION('',(1.,4.74961713551867E-17,0.));
#5201=DIRECTION('',(0.,0.,1.));
#5202=DIRECTION('center_axis',(0.,0.,1.));
#5203=DIRECTION('ref_axis',(-1.,1.11022302462516E-15,0.));
#5204=DIRECTION('center_axis',(0.,0.,-1.));
#5205=DIRECTION('ref_axis',(1.11022302462515E-15,-1.,0.));
#5206=DIRECTION('',(0.,0.,1.));
#5207=DIRECTION('center_axis',(1.,0.,0.));
#5208=DIRECTION('ref_axis',(0.,1.,0.));
#5209=DIRECTION('',(0.,1.,0.));
#5210=DIRECTION('center_axis',(1.,-2.27738051634588E-16,0.));
#5211=DIRECTION('ref_axis',(2.27738051634588E-16,1.,0.));
#5212=DIRECTION('',(2.27738051634588E-16,1.,0.));
#5213=DIRECTION('',(0.,0.,1.));
#5214=DIRECTION('center_axis',(0.,0.,1.));
#5215=DIRECTION('ref_axis',(1.,0.,0.));
#5216=DIRECTION('center_axis',(0.,0.,1.));
#5217=DIRECTION('ref_axis',(1.,0.,0.));
#5218=DIRECTION('',(0.,0.,1.));
#5219=DIRECTION('center_axis',(4.74961713551867E-17,1.,0.));
#5220=DIRECTION('ref_axis',(-1.,4.74961713551867E-17,0.));
#5221=DIRECTION('',(-1.,4.74961713551867E-17,0.));
#5222=DIRECTION('',(0.,0.,1.));
#5223=DIRECTION('center_axis',(0.,0.,1.));
#5224=DIRECTION('ref_axis',(1.,0.,0.));
#5225=DIRECTION('center_axis',(0.,0.,-1.));
#5226=DIRECTION('ref_axis',(0.,1.,0.));
#5227=DIRECTION('',(0.,0.,1.));
#5228=DIRECTION('center_axis',(-1.,2.27738051634588E-16,0.));
#5229=DIRECTION('ref_axis',(-2.27738051634588E-16,-1.,0.));
#5230=DIRECTION('',(-2.27738051634588E-16,-1.,0.));
#5231=DIRECTION('',(0.,0.,1.));
#5232=DIRECTION('center_axis',(0.,0.,1.));
#5233=DIRECTION('ref_axis',(0.,-1.,0.));
#5234=DIRECTION('center_axis',(0.,0.,-1.));
#5235=DIRECTION('ref_axis',(1.,0.,0.));
#5236=DIRECTION('center_axis',(0.,-1.,0.));
#5237=DIRECTION('ref_axis',(-0.707106781186548,0.,0.707106781186548));
#5238=DIRECTION('',(0.,1.,0.));
#5239=DIRECTION('center_axis',(-0.393919298579166,0.919145030018059,0.));
#5240=DIRECTION('ref_axis',(-0.919145030018059,-0.393919298579166,0.));
#5241=DIRECTION('center_axis',(-0.393919298579168,-0.919145030018058,-5.83117700169045E-16));
#5242=DIRECTION('ref_axis',(-0.919145030018058,0.393919298579168,0.));
#5243=DIRECTION('center_axis',(-1.,-4.74961713551867E-17,0.));
#5244=DIRECTION('ref_axis',(0.,0.707106781186548,0.707106781186548));
#5245=DIRECTION('',(1.,4.74961713551867E-17,0.));
#5246=DIRECTION('center_axis',(0.919145030018058,0.393919298579168,0.));
#5247=DIRECTION('ref_axis',(-0.393919298579168,0.919145030018058,0.));
#5248=DIRECTION('center_axis',(-0.919145030018058,0.393919298579166,1.24953792893366E-16));
#5249=DIRECTION('ref_axis',(0.393919298579166,0.919145030018058,0.));
#5250=DIRECTION('center_axis',(0.919145030018058,-0.393919298579168,-1.29118919323146E-15));
#5251=DIRECTION('ref_axis',(-0.393919298579168,-0.919145030018058,0.));
#5252=DIRECTION('center_axis',(0.,0.,1.));
#5253=DIRECTION('ref_axis',(0.,1.,0.));
#5254=DIRECTION('center_axis',(0.,0.,1.));
#5255=DIRECTION('ref_axis',(0.,1.,0.));
#5256=DIRECTION('',(0.,0.,1.));
#5257=DIRECTION('center_axis',(-1.,2.27738051634588E-16,0.));
#5258=DIRECTION('ref_axis',(-2.27738051634588E-16,-1.,0.));
#5259=DIRECTION('',(-2.27738051634588E-16,-1.,0.));
#5260=DIRECTION('',(0.,0.,1.));
#5261=DIRECTION('center_axis',(0.,0.,1.));
#5262=DIRECTION('ref_axis',(-1.,5.9211894646675E-16,0.));
#5263=DIRECTION('center_axis',(0.,0.,1.));
#5264=DIRECTION('ref_axis',(-1.,5.9211894646675E-16,0.));
#5265=DIRECTION('',(0.,0.,1.));
#5266=DIRECTION('center_axis',(0.,-1.,0.));
#5267=DIRECTION('ref_axis',(1.,0.,0.));
#5268=DIRECTION('',(1.,0.,0.));
#5269=DIRECTION('center_axis',(0.393919298579166,-0.919145030018059,0.));
#5270=DIRECTION('ref_axis',(0.919145030018058,0.393919298579166,0.));
#5271=DIRECTION('center_axis',(2.27738051634588E-16,1.,0.));
#5272=DIRECTION('ref_axis',(0.707106781186547,-2.24298922669111E-16,0.707106781186548));
#5273=DIRECTION('',(-2.27738051634588E-16,-1.,0.));
#5274=DIRECTION('center_axis',(0.393919298579167,0.919145030018058,9.99630343146932E-16));
#5275=DIRECTION('ref_axis',(0.919145030018058,-0.393919298579167,0.));
#5276=DIRECTION('center_axis',(-0.919145030018058,-0.393919298579167,0.));
#5277=DIRECTION('ref_axis',(0.393919298579167,-0.919145030018058,0.));
#5278=DIRECTION('center_axis',(1.,-4.74961713551867E-17,0.));
#5279=DIRECTION('ref_axis',(0.,-0.707106781186548,0.707106781186548));
#5280=DIRECTION('',(-1.,4.74961713551867E-17,0.));
#5281=DIRECTION('center_axis',(0.,0.,1.));
#5282=DIRECTION('ref_axis',(1.,0.,0.));
#5283=DIRECTION('center_axis',(0.,-6.93889390390723E-17,1.));
#5284=DIRECTION('ref_axis',(-1.,-1.45492021118291E-31,0.));
#5285=DIRECTION('center_axis',(0.,0.,-1.));
#5286=DIRECTION('ref_axis',(-1.,-1.45492021118291E-31,0.));
#5287=DIRECTION('',(0.,6.93889390390723E-17,-1.));
#5288=DIRECTION('center_axis',(-7.45409944340503E-16,7.47171294984217E-17,
-1.));
#5289=DIRECTION('ref_axis',(-1.,-1.97215226305253E-31,7.45409944340503E-16));
#5290=DIRECTION('center_axis',(0.,-6.93889390390723E-17,1.));
#5291=DIRECTION('ref_axis',(-1.,-1.45492021118291E-31,0.));
#5292=DIRECTION('center_axis',(0.,0.,1.));
#5293=DIRECTION('ref_axis',(-1.,-1.45492021118291E-31,0.));
#5294=DIRECTION('',(0.,6.93889390390723E-17,-1.));
#5295=DIRECTION('center_axis',(7.45409944340503E-16,-7.47171294984217E-17,
1.));
#5296=DIRECTION('ref_axis',(-1.,-1.97215226305253E-31,7.45409944340503E-16));
#5297=DIRECTION('center_axis',(7.45409944340503E-16,-7.47171294984217E-17,
1.));
#5298=DIRECTION('ref_axis',(-1.,-1.97215226305253E-31,7.45409944340503E-16));
#5299=DIRECTION('center_axis',(0.,0.,1.));
#5300=DIRECTION('ref_axis',(-1.,0.,0.));
#5301=DIRECTION('',(2.27738051634588E-16,1.,0.));
#5302=DIRECTION('',(1.,-4.74961713551867E-17,0.));
#5303=DIRECTION('',(0.,-1.,0.));
#5304=DIRECTION('',(-1.,-4.74961713551867E-17,0.));
#5305=DIRECTION('center_axis',(0.,0.,1.));
#5306=DIRECTION('ref_axis',(-1.,-2.22529218893781E-31,1.11022302462516E-15));
#5307=DIRECTION('',(-1.,0.,0.));
#5308=DIRECTION('',(0.,-1.,0.));
#5309=DIRECTION('',(1.,0.,0.));
#5310=DIRECTION('',(3.9593569146374E-16,-1.,0.));
#5311=DIRECTION('center_axis',(0.,0.,1.));
#5312=DIRECTION('ref_axis',(1.,0.,0.));
#5313=DIRECTION('',(3.9593569146374E-16,1.,0.));
#5314=DIRECTION('center_axis',(0.,0.,1.));
#5315=DIRECTION('ref_axis',(1.,0.,0.));
#5316=DIRECTION('',(-0.990953397327978,-0.134206424302781,0.));
#5317=DIRECTION('center_axis',(0.,0.,1.));
#5318=DIRECTION('ref_axis',(-1.,0.,0.));
#5319=DIRECTION('center_axis',(1.11022302462516E-15,-6.93889390390723E-17,
1.));
#5320=DIRECTION('ref_axis',(-1.,-2.22529218893781E-31,1.11022302462516E-15));
#5321=DIRECTION('center_axis',(0.,0.,-1.));
#5322=DIRECTION('ref_axis',(-1.,-2.22529218893781E-31,1.11022302462516E-15));
#5323=DIRECTION('',(-1.11022302462516E-15,6.93889390390723E-17,-1.));
#5324=DIRECTION('center_axis',(-7.45409944340503E-16,7.47171294984217E-17,
-1.));
#5325=DIRECTION('ref_axis',(-1.,-1.97215226305253E-31,7.45409944340503E-16));
#5326=DIRECTION('center_axis',(1.11022302462516E-15,-6.93889390390723E-17,
1.));
#5327=DIRECTION('ref_axis',(-1.,-2.22529218893781E-31,1.11022302462516E-15));
#5328=DIRECTION('',(-1.11022302462516E-15,6.93889390390723E-17,-1.));
#5329=DIRECTION('center_axis',(7.45409944340503E-16,-7.47171294984217E-17,
1.));
#5330=DIRECTION('ref_axis',(-1.,-1.97215226305253E-31,7.45409944340503E-16));
#5331=DIRECTION('center_axis',(7.45409944340503E-16,-7.47171294984217E-17,
1.));
#5332=DIRECTION('ref_axis',(-1.,-1.97215226305253E-31,7.45409944340503E-16));
#5333=DIRECTION('center_axis',(0.,0.,1.));
#5334=DIRECTION('ref_axis',(-1.,0.,0.));
#5335=DIRECTION('center_axis',(0.,0.,1.));
#5336=DIRECTION('ref_axis',(1.,0.,0.));
#5337=DIRECTION('center_axis',(0.,0.,1.));
#5338=DIRECTION('ref_axis',(1.,0.,0.));
#5339=DIRECTION('',(0.,0.,1.));
#5340=DIRECTION('center_axis',(0.,0.,1.));
#5341=DIRECTION('ref_axis',(1.,0.,0.));
#5342=DIRECTION('center_axis',(0.,0.,-1.));
#5343=DIRECTION('ref_axis',(1.,0.,0.));
#5344=DIRECTION('center_axis',(0.,0.,1.));
#5345=DIRECTION('ref_axis',(1.,0.,0.));
#5346=DIRECTION('center_axis',(0.,0.,1.));
#5347=DIRECTION('ref_axis',(1.,0.,0.));
#5348=DIRECTION('',(0.,0.,1.));
#5349=DIRECTION('center_axis',(0.,0.,1.));
#5350=DIRECTION('ref_axis',(1.,0.,0.));
#5351=DIRECTION('center_axis',(0.,0.,-1.));
#5352=DIRECTION('ref_axis',(1.,0.,0.));
#5353=DIRECTION('center_axis',(0.,0.,1.));
#5354=DIRECTION('ref_axis',(1.,0.,0.));
#5355=DIRECTION('',(-1.,0.,0.));
#5356=DIRECTION('',(-0.196116135138184,0.98058067569092,0.));
#5357=DIRECTION('',(-1.,0.,0.));
#5358=DIRECTION('',(-0.208305624753618,-0.978063784574403,0.));
#5359=DIRECTION('center_axis',(0.98058067569092,0.196116135138184,0.));
#5360=DIRECTION('ref_axis',(-0.196116135138184,0.98058067569092,0.));
#5361=DIRECTION('',(0.,0.,1.));
#5362=DIRECTION('',(0.196116135138184,-0.98058067569092,0.));
#5363=DIRECTION('',(0.,0.,1.));
#5364=DIRECTION('center_axis',(-0.978063784574403,0.208305624753618,0.));
#5365=DIRECTION('ref_axis',(-0.208305624753618,-0.978063784574403,0.));
#5366=DIRECTION('',(0.,0.,-1.));
#5367=DIRECTION('',(0.,0.,1.));
#5368=DIRECTION('',(0.208305624753618,0.978063784574403,0.));
#5369=DIRECTION('center_axis',(0.,1.,0.));
#5370=DIRECTION('ref_axis',(-1.,0.,0.));
#5371=DIRECTION('',(1.,0.,0.));
#5372=DIRECTION('center_axis',(0.,0.,-1.));
#5373=DIRECTION('ref_axis',(-1.,0.,0.));
#5374=DIRECTION('',(1.,0.,0.));
#5375=DIRECTION('center_axis',(0.,0.,1.));
#5376=DIRECTION('ref_axis',(1.,0.,0.));
#5377=DIRECTION('',(1.,0.,0.));
#5378=DIRECTION('',(0.196116135138184,-0.98058067569092,0.));
#5379=DIRECTION('',(0.997785157856609,0.0665190105237739,0.));
#5380=DIRECTION('',(1.,0.,0.));
#5381=DIRECTION('',(0.,1.,0.));
#5382=DIRECTION('center_axis',(-0.98058067569092,-0.196116135138184,0.));
#5383=DIRECTION('ref_axis',(0.196116135138184,-0.98058067569092,0.));
#5384=DIRECTION('',(0.,0.,1.));
#5385=DIRECTION('',(0.196116135138184,-0.98058067569092,0.));
#5386=DIRECTION('',(0.,0.,1.));
#5387=DIRECTION('center_axis',(1.,0.,0.));
#5388=DIRECTION('ref_axis',(0.,1.,0.));
#5389=DIRECTION('',(0.,0.,-1.));
#5390=DIRECTION('',(0.,0.,1.));
#5391=DIRECTION('',(0.,1.,0.));
#5392=DIRECTION('center_axis',(0.,-1.,0.));
#5393=DIRECTION('ref_axis',(1.,0.,0.));
#5394=DIRECTION('',(1.,0.,0.));
#5395=DIRECTION('',(0.,0.,1.));
#5396=DIRECTION('center_axis',(0.0665190105237739,-0.997785157856609,0.));
#5397=DIRECTION('ref_axis',(0.997785157856609,0.0665190105237739,0.));
#5398=DIRECTION('',(0.997785157856609,0.0665190105237739,0.));
#5399=DIRECTION('center_axis',(0.,0.,-1.));
#5400=DIRECTION('ref_axis',(-1.,0.,0.));
#5401=DIRECTION('',(-1.,0.,0.));
#5402=DIRECTION('center_axis',(0.,1.,0.));
#5403=DIRECTION('ref_axis',(1.,0.,0.));
#5404=DIRECTION('',(0.,0.,-1.));
#5405=DIRECTION('',(1.,0.,0.));
#5406=DIRECTION('',(0.,0.,-1.));
#5407=DIRECTION('center_axis',(-1.,0.,0.));
#5408=DIRECTION('ref_axis',(0.,1.,0.));
#5409=DIRECTION('',(0.,1.,0.));
#5410=DIRECTION('',(0.,0.,-1.));
#5411=DIRECTION('center_axis',(0.,-1.,0.));
#5412=DIRECTION('ref_axis',(-1.,0.,0.));
#5413=DIRECTION('',(-1.,0.,0.));
#5414=DIRECTION('',(0.,0.,-1.));
#5415=DIRECTION('center_axis',(1.,3.9593569146374E-16,0.));
#5416=DIRECTION('ref_axis',(3.9593569146374E-16,-1.,0.));
#5417=DIRECTION('',(-3.9593569146374E-16,1.,0.));
#5418=DIRECTION('',(3.9593569146374E-16,-1.,0.));
#5419=DIRECTION('',(0.,0.,-1.));
#5420=DIRECTION('center_axis',(0.,0.,-1.));
#5421=DIRECTION('ref_axis',(1.,0.,0.));
#5422=DIRECTION('center_axis',(0.,0.,1.));
#5423=DIRECTION('ref_axis',(1.,0.,0.));
#5424=DIRECTION('center_axis',(0.,0.,-1.));
#5425=DIRECTION('ref_axis',(1.,0.,0.));
#5426=DIRECTION('',(0.,0.,-1.));
#5427=DIRECTION('center_axis',(0.,1.,0.));
#5428=DIRECTION('ref_axis',(1.,0.,0.));
#5429=DIRECTION('',(-1.,0.,0.));
#5430=DIRECTION('',(1.,0.,0.));
#5431=DIRECTION('',(0.,0.,-1.));
#5432=DIRECTION('center_axis',(-1.,-3.9593569146374E-16,0.));
#5433=DIRECTION('ref_axis',(-3.9593569146374E-16,1.,0.));
#5434=DIRECTION('',(-3.9593569146374E-16,1.,0.));
#5435=DIRECTION('',(0.,0.,-1.));
#5436=DIRECTION('center_axis',(0.,0.,-1.));
#5437=DIRECTION('ref_axis',(1.,0.,0.));
#5438=DIRECTION('center_axis',(0.,0.,-1.));
#5439=DIRECTION('ref_axis',(1.,0.,0.));
#5440=DIRECTION('',(0.,0.,-1.));
#5441=DIRECTION('center_axis',(1.,-3.9593569146374E-16,0.));
#5442=DIRECTION('ref_axis',(-3.9593569146374E-16,-1.,0.));
#5443=DIRECTION('',(-3.9593569146374E-16,-1.,0.));
#5444=DIRECTION('',(0.,0.,-1.));
#5445=DIRECTION('center_axis',(0.,0.,-1.));
#5446=DIRECTION('ref_axis',(1.,0.,0.));
#5447=DIRECTION('center_axis',(0.,0.,-1.));
#5448=DIRECTION('ref_axis',(1.,0.,0.));
#5449=DIRECTION('',(0.,0.,-1.));
#5450=DIRECTION('center_axis',(-0.134206424302781,0.990953397327978,0.));
#5451=DIRECTION('ref_axis',(0.990953397327978,0.134206424302781,0.));
#5452=DIRECTION('',(0.990953397327978,0.134206424302781,0.));
#5453=DIRECTION('center_axis',(0.,0.,-1.));
#5454=DIRECTION('ref_axis',(1.,0.,0.));
#5455=DIRECTION('center_axis',(0.,0.,1.));
#5456=DIRECTION('ref_axis',(-1.,0.,0.));
#5457=DIRECTION('center_axis',(1.,1.06106640944292E-15,0.));
#5458=DIRECTION('ref_axis',(1.06106640944292E-15,-1.,0.));
#5459=DIRECTION('center_axis',(-1.,-1.06106640944292E-15,0.));
#5460=DIRECTION('ref_axis',(0.,-0.707106781186548,0.707106781186548));
#5461=DIRECTION('',(0.,0.,-1.));
#5462=DIRECTION('',(1.06106640944292E-15,-1.,0.));
#5463=DIRECTION('',(0.,0.,-1.));
#5464=DIRECTION('center_axis',(0.,-1.,0.));
#5465=DIRECTION('ref_axis',(-1.,0.,0.));
#5466=DIRECTION('',(1.,-4.74961713551867E-17,0.));
#5467=DIRECTION('',(0.,0.,-1.));
#5468=DIRECTION('',(-1.,0.,0.));
#5469=DIRECTION('center_axis',(0.,1.,0.));
#5470=DIRECTION('ref_axis',(1.,0.,0.));
#5471=DIRECTION('',(-1.,4.74961713551867E-17,0.));
#5472=DIRECTION('',(1.,0.,0.));
#5473=DIRECTION('',(0.,0.,-1.));
#5474=DIRECTION('center_axis',(-1.,0.,0.));
#5475=DIRECTION('ref_axis',(0.,1.,0.));
#5476=DIRECTION('center_axis',(1.,0.,0.));
#5477=DIRECTION('ref_axis',(0.,-0.707106781186548,0.707106781186548));
#5478=DIRECTION('',(0.,1.,0.));
#5479=DIRECTION('center_axis',(0.,0.,-1.));
#5480=DIRECTION('ref_axis',(-1.,0.,0.));
#5481=DIRECTION('center_axis',(0.,0.,1.));
#5482=DIRECTION('ref_axis',(-1.,0.,0.));
#5483=DIRECTION('center_axis',(0.,0.,1.));
#5484=DIRECTION('ref_axis',(-1.,0.,0.));
#5485=DIRECTION('',(-0.707106781186548,-8.65956056235493E-17,-0.707106781186548));
#5486=DIRECTION('center_axis',(0.,0.,-1.));
#5487=DIRECTION('ref_axis',(-1.,0.,0.));
#5488=DIRECTION('center_axis',(0.,0.,1.));
#5489=DIRECTION('ref_axis',(-1.,0.,0.));
#5490=DIRECTION('',(0.,0.,1.));
#5491=DIRECTION('center_axis',(0.,0.,1.));
#5492=DIRECTION('ref_axis',(1.,0.,0.));
#5493=DIRECTION('',(-2.27738051634588E-16,-1.,0.));
#5494=DIRECTION('center_axis',(0.,0.,-1.));
#5495=DIRECTION('ref_axis',(0.707106781186548,0.707106781186548,0.));
#5496=DIRECTION('',(1.,-4.74961713551867E-17,0.));
#5497=DIRECTION('center_axis',(0.,0.,-1.));
#5498=DIRECTION('ref_axis',(-0.707106781186548,0.707106781186548,0.));
#5499=DIRECTION('',(2.27738051634588E-16,1.,0.));
#5500=DIRECTION('center_axis',(0.,0.,-1.));
#5501=DIRECTION('ref_axis',(-0.707106781186548,-0.707106781186547,0.));
#5502=DIRECTION('',(-1.,0.,0.));
#5503=DIRECTION('center_axis',(0.,0.,-1.));
#5504=DIRECTION('ref_axis',(0.707106781186548,-0.707106781186547,0.));
#5505=DIRECTION('center_axis',(0.,0.,-1.));
#5506=DIRECTION('ref_axis',(-1.,0.,0.));
#5507=DIRECTION('',(0.,0.,-1.));
#5508=DIRECTION('center_axis',(0.,0.,-1.));
#5509=DIRECTION('ref_axis',(-1.,0.,0.));
#5510=DIRECTION('center_axis',(0.,0.,1.));
#5511=DIRECTION('ref_axis',(-1.,0.,0.));
#5512=DIRECTION('center_axis',(0.,0.,1.));
#5513=DIRECTION('ref_axis',(-1.,0.,0.));
#5514=DIRECTION('center_axis',(0.,0.,-1.));
#5515=DIRECTION('ref_axis',(-1.,0.,0.));
#5516=DIRECTION('',(0.,0.,-1.));
#5517=DIRECTION('center_axis',(0.,0.,-1.));
#5518=DIRECTION('ref_axis',(-1.,0.,0.));
#5519=DIRECTION('center_axis',(0.,0.,1.));
#5520=DIRECTION('ref_axis',(-1.,0.,0.));
#5521=DIRECTION('center_axis',(0.,0.,1.));
#5522=DIRECTION('ref_axis',(-1.,0.,0.));
#5523=DIRECTION('center_axis',(0.,0.,-1.));
#5524=DIRECTION('ref_axis',(-1.,0.,0.));
#5525=DIRECTION('',(0.,0.,-1.));
#5526=DIRECTION('center_axis',(0.,0.,-1.));
#5527=DIRECTION('ref_axis',(-1.,0.,0.));
#5528=DIRECTION('center_axis',(0.,0.,1.));
#5529=DIRECTION('ref_axis',(-1.,0.,0.));
#5530=DIRECTION('center_axis',(0.,0.,1.));
#5531=DIRECTION('ref_axis',(-1.,0.,0.));
#5532=DIRECTION('center_axis',(0.,0.,-1.));
#5533=DIRECTION('ref_axis',(-1.,0.,0.));
#5534=DIRECTION('',(0.,0.,-1.));
#5535=DIRECTION('center_axis',(0.,0.,-1.));
#5536=DIRECTION('ref_axis',(-1.,0.,0.));
#5537=DIRECTION('center_axis',(0.,0.,1.));
#5538=DIRECTION('ref_axis',(-1.,0.,0.));
#5539=DIRECTION('center_axis',(0.,0.,1.));
#5540=DIRECTION('ref_axis',(-1.,0.,0.));
#5541=DIRECTION('center_axis',(0.,0.,-1.));
#5542=DIRECTION('ref_axis',(-1.,0.,0.));
#5543=DIRECTION('',(0.,0.,-1.));
#5544=DIRECTION('center_axis',(0.,0.,-1.));
#5545=DIRECTION('ref_axis',(-1.,0.,0.));
#5546=DIRECTION('center_axis',(0.,0.,1.));
#5547=DIRECTION('ref_axis',(-1.,0.,0.));
#5548=DIRECTION('center_axis',(0.,0.,1.));
#5549=DIRECTION('ref_axis',(-1.,0.,0.));
#5550=DIRECTION('center_axis',(0.,0.,-1.));
#5551=DIRECTION('ref_axis',(-1.,0.,0.));
#5552=DIRECTION('',(0.,0.,-1.));
#5553=DIRECTION('center_axis',(0.,0.,-1.));
#5554=DIRECTION('ref_axis',(-1.,0.,0.));
#5555=DIRECTION('center_axis',(0.,0.,1.));
#5556=DIRECTION('ref_axis',(-1.,0.,0.));
#5557=DIRECTION('center_axis',(0.,0.,1.));
#5558=DIRECTION('ref_axis',(-1.,0.,0.));
#5559=DIRECTION('center_axis',(0.,0.,-1.));
#5560=DIRECTION('ref_axis',(-1.,0.,0.));
#5561=DIRECTION('',(0.,0.,-1.));
#5562=DIRECTION('center_axis',(0.,0.,-1.));
#5563=DIRECTION('ref_axis',(-1.,0.,0.));
#5564=DIRECTION('center_axis',(0.,0.,1.));
#5565=DIRECTION('ref_axis',(-1.,0.,0.));
#5566=DIRECTION('center_axis',(0.,0.,1.));
#5567=DIRECTION('ref_axis',(-1.,0.,0.));
#5568=DIRECTION('center_axis',(0.,0.,-1.));
#5569=DIRECTION('ref_axis',(-1.,0.,0.));
#5570=DIRECTION('',(0.,0.,-1.));
#5571=DIRECTION('center_axis',(0.,0.,-1.));
#5572=DIRECTION('ref_axis',(-1.,0.,0.));
#5573=DIRECTION('center_axis',(0.,0.,1.));
#5574=DIRECTION('ref_axis',(-1.,0.,0.));
#5575=DIRECTION('center_axis',(0.,0.,1.));
#5576=DIRECTION('ref_axis',(-1.,0.,0.));
#5577=DIRECTION('center_axis',(0.,0.,-1.));
#5578=DIRECTION('ref_axis',(-1.,0.,0.));
#5579=DIRECTION('',(0.,0.,-1.));
#5580=DIRECTION('center_axis',(0.,0.,-1.));
#5581=DIRECTION('ref_axis',(-1.,0.,0.));
#5582=DIRECTION('center_axis',(0.,0.,1.));
#5583=DIRECTION('ref_axis',(-1.,0.,0.));
#5584=DIRECTION('center_axis',(0.,0.,1.));
#5585=DIRECTION('ref_axis',(-1.,0.,0.));
#5586=DIRECTION('center_axis',(0.,0.,-1.));
#5587=DIRECTION('ref_axis',(-1.,0.,0.));
#5588=DIRECTION('',(0.,0.,-1.));
#5589=DIRECTION('center_axis',(0.,0.,-1.));
#5590=DIRECTION('ref_axis',(-1.,0.,0.));
#5591=DIRECTION('center_axis',(0.,0.,1.));
#5592=DIRECTION('ref_axis',(-1.,0.,0.));
#5593=DIRECTION('center_axis',(0.,0.,1.));
#5594=DIRECTION('ref_axis',(-1.,0.,0.));
#5595=DIRECTION('center_axis',(0.,0.,1.));
#5596=DIRECTION('ref_axis',(-1.,0.,0.));
#5597=DIRECTION('center_axis',(0.,0.,1.));
#5598=DIRECTION('ref_axis',(-1.,0.,0.));
#5599=DIRECTION('',(0.,0.,1.));
#5600=DIRECTION('center_axis',(0.,0.,1.));
#5601=DIRECTION('ref_axis',(-1.,0.,0.));
#5602=DIRECTION('center_axis',(0.,0.,1.));
#5603=DIRECTION('ref_axis',(-1.,0.,0.));
#5604=DIRECTION('',(0.,0.,1.));
#5605=DIRECTION('center_axis',(0.,0.,1.));
#5606=DIRECTION('ref_axis',(-1.,0.,0.));
#5607=DIRECTION('center_axis',(0.,0.,1.));
#5608=DIRECTION('ref_axis',(-1.,0.,0.));
#5609=DIRECTION('',(0.,0.,1.));
#5610=DIRECTION('center_axis',(0.,0.,1.));
#5611=DIRECTION('ref_axis',(-1.,0.,0.));
#5612=DIRECTION('center_axis',(0.,0.,1.));
#5613=DIRECTION('ref_axis',(-1.,0.,0.));
#5614=DIRECTION('',(0.,0.,1.));
#5615=DIRECTION('center_axis',(0.,0.,1.));
#5616=DIRECTION('ref_axis',(-1.,0.,0.));
#5617=DIRECTION('center_axis',(0.,0.,1.));
#5618=DIRECTION('ref_axis',(-1.,0.,0.));
#5619=DIRECTION('',(0.,0.,1.));
#5620=DIRECTION('center_axis',(0.,0.,1.));
#5621=DIRECTION('ref_axis',(-1.,0.,0.));
#5622=DIRECTION('center_axis',(0.,0.,1.));
#5623=DIRECTION('ref_axis',(-1.,0.,0.));
#5624=DIRECTION('',(0.,0.,1.));
#5625=DIRECTION('center_axis',(0.,0.,1.));
#5626=DIRECTION('ref_axis',(-1.,0.,0.));
#5627=DIRECTION('center_axis',(0.,0.,1.));
#5628=DIRECTION('ref_axis',(-1.,0.,0.));
#5629=DIRECTION('',(0.,0.,1.));
#5630=DIRECTION('center_axis',(0.,0.,1.));
#5631=DIRECTION('ref_axis',(-1.,0.,0.));
#5632=DIRECTION('center_axis',(0.,0.,1.));
#5633=DIRECTION('ref_axis',(-1.,0.,0.));
#5634=DIRECTION('',(0.,0.,1.));
#5635=DIRECTION('center_axis',(0.,0.,1.));
#5636=DIRECTION('ref_axis',(-1.,0.,0.));
#5637=DIRECTION('center_axis',(0.,0.,1.));
#5638=DIRECTION('ref_axis',(-1.,0.,0.));
#5639=DIRECTION('',(0.,0.,1.));
#5640=DIRECTION('center_axis',(0.,0.,1.));
#5641=DIRECTION('ref_axis',(-1.,0.,0.));
#5642=DIRECTION('center_axis',(0.,0.,1.));
#5643=DIRECTION('ref_axis',(-1.,0.,0.));
#5644=DIRECTION('',(0.,0.,1.));
#5645=DIRECTION('center_axis',(0.,0.,1.));
#5646=DIRECTION('ref_axis',(1.,0.,0.));
#5647=DIRECTION('center_axis',(0.,0.,1.));
#5648=DIRECTION('ref_axis',(0.,1.,0.));
#5649=DIRECTION('',(-1.,4.74961713551867E-17,0.));
#5650=DIRECTION('center_axis',(0.,0.,1.));
#5651=DIRECTION('ref_axis',(1.,0.,0.));
#5652=DIRECTION('',(2.27738051634588E-16,1.,0.));
#5653=DIRECTION('center_axis',(0.,0.,1.));
#5654=DIRECTION('ref_axis',(0.,-1.,0.));
#5655=DIRECTION('',(1.,0.,0.));
#5656=DIRECTION('center_axis',(0.,0.,1.));
#5657=DIRECTION('ref_axis',(-1.,5.9211894646675E-16,0.));
#5658=DIRECTION('',(-2.27738051634588E-16,-1.,0.));
#5659=DIRECTION('',(1.,4.74961713551867E-17,0.));
#5660=DIRECTION('',(0.,1.,0.));
#5661=DIRECTION('',(-1.,4.74961713551867E-17,0.));
#5662=DIRECTION('',(-2.27738051634588E-16,-1.,0.));
#5663=DIRECTION('center_axis',(-0.393919298579166,0.919145030018059,0.));
#5664=DIRECTION('ref_axis',(-0.919145030018059,-0.393919298579166,0.));
#5665=DIRECTION('center_axis',(0.919145030018058,-0.393919298579168,-1.29118919323146E-15));
#5666=DIRECTION('ref_axis',(-0.393919298579168,-0.919145030018058,0.));
#5667=DIRECTION('center_axis',(0.,-1.,0.));
#5668=DIRECTION('ref_axis',(-0.707106781186548,0.,0.707106781186548));
#5669=DIRECTION('center_axis',(-0.393919298579168,-0.919145030018058,-5.83117700169045E-16));
#5670=DIRECTION('ref_axis',(-0.919145030018058,0.393919298579168,0.));
#5671=DIRECTION('center_axis',(0.919145030018058,0.393919298579168,0.));
#5672=DIRECTION('ref_axis',(-0.393919298579168,0.919145030018058,0.));
#5673=DIRECTION('center_axis',(-1.,-4.74961713551867E-17,0.));
#5674=DIRECTION('ref_axis',(0.,0.707106781186548,0.707106781186548));
#5675=DIRECTION('center_axis',(-0.919145030018058,0.393919298579166,1.24953792893366E-16));
#5676=DIRECTION('ref_axis',(0.393919298579166,0.919145030018058,0.));
#5677=DIRECTION('center_axis',(0.,0.,1.));
#5678=DIRECTION('ref_axis',(0.,-1.,0.));
#5679=DIRECTION('',(0.,0.,1.));
#5680=DIRECTION('center_axis',(0.,0.,1.));
#5681=DIRECTION('ref_axis',(0.707106781186548,-0.707106781186547,0.));
#5682=DIRECTION('',(0.,0.,1.));
#5683=DIRECTION('center_axis',(1.,-2.27738051634588E-16,0.));
#5684=DIRECTION('ref_axis',(2.27738051634588E-16,1.,0.));
#5685=DIRECTION('',(0.,0.,1.));
#5686=DIRECTION('',(2.27738051634588E-16,1.,0.));
#5687=DIRECTION('center_axis',(0.,0.,1.));
#5688=DIRECTION('ref_axis',(1.,0.,0.));
#5689=DIRECTION('',(0.,0.,1.));
#5690=DIRECTION('center_axis',(0.,0.,1.));
#5691=DIRECTION('ref_axis',(0.707106781186548,0.707106781186548,0.));
#5692=DIRECTION('center_axis',(4.74961713551867E-17,1.,0.));
#5693=DIRECTION('ref_axis',(-1.,4.74961713551867E-17,0.));
#5694=DIRECTION('',(0.,0.,1.));
#5695=DIRECTION('',(-1.,4.74961713551867E-17,0.));
#5696=DIRECTION('center_axis',(-0.919145030018058,-0.393919298579167,0.));
#5697=DIRECTION('ref_axis',(0.393919298579167,-0.919145030018058,0.));
#5698=DIRECTION('center_axis',(0.393919298579167,0.919145030018058,9.99630343146932E-16));
#5699=DIRECTION('ref_axis',(0.919145030018058,-0.393919298579167,0.));
#5700=DIRECTION('center_axis',(0.393919298579166,-0.919145030018059,0.));
#5701=DIRECTION('ref_axis',(0.919145030018058,0.393919298579166,0.));
#5702=DIRECTION('center_axis',(2.27738051634588E-16,1.,0.));
#5703=DIRECTION('ref_axis',(0.707106781186547,-2.24298922669111E-16,0.707106781186548));
#5704=DIRECTION('center_axis',(1.,-4.74961713551867E-17,0.));
#5705=DIRECTION('ref_axis',(0.,-0.707106781186548,0.707106781186548));
#5706=DIRECTION('center_axis',(0.,0.,1.));
#5707=DIRECTION('ref_axis',(-1.,0.,0.));
#5708=DIRECTION('center_axis',(2.27738051634588E-16,1.,0.));
#5709=DIRECTION('ref_axis',(0.707106781186547,0.,0.707106781186548));
#5710=DIRECTION('center_axis',(6.34413156928662E-16,1.,0.));
#5711=DIRECTION('ref_axis',(0.,0.,1.));
#5712=DIRECTION('center_axis',(0.,-1.,0.));
#5713=DIRECTION('ref_axis',(1.,0.,0.));
#5714=DIRECTION('center_axis',(1.,0.,0.));
#5715=DIRECTION('ref_axis',(0.,1.,0.));
#5716=DIRECTION('center_axis',(-1.,4.74961713551867E-17,0.));
#5717=DIRECTION('ref_axis',(0.,0.707106781186548,0.707106781186548));
#5718=DIRECTION('center_axis',(1.,6.34413156928661E-16,0.));
#5719=DIRECTION('ref_axis',(-6.34413156928661E-16,1.,0.));
#5720=DIRECTION('center_axis',(0.,1.,0.));
#5721=DIRECTION('ref_axis',(-1.,0.,0.));
#5722=DIRECTION('center_axis',(0.,0.,1.));
#5723=DIRECTION('ref_axis',(-0.707106781186547,0.707106781186547,0.));
#5724=DIRECTION('center_axis',(-2.27738051634588E-16,-1.,0.));
#5725=DIRECTION('ref_axis',(-0.707106781186547,0.,0.707106781186548));
#5726=DIRECTION('center_axis',(0.,1.,0.));
#5727=DIRECTION('ref_axis',(-1.,0.,0.));
#5728=DIRECTION('',(-2.27738051634588E-16,-1.,0.));
#5729=DIRECTION('center_axis',(-1.,0.,0.));
#5730=DIRECTION('ref_axis',(0.,-1.,0.));
#5731=DIRECTION('center_axis',(0.,0.,1.));
#5732=DIRECTION('ref_axis',(-0.707106781186548,-0.707106781186547,0.));
#5733=DIRECTION('center_axis',(1.,0.,0.));
#5734=DIRECTION('ref_axis',(0.,-0.707106781186548,0.707106781186548));
#5735=DIRECTION('center_axis',(-1.,0.,0.));
#5736=DIRECTION('ref_axis',(0.,-1.,0.));
#5737=DIRECTION('',(1.,0.,0.));
#5738=DIRECTION('center_axis',(0.,0.,1.));
#5739=DIRECTION('ref_axis',(0.,1.,0.));
#5740=DIRECTION('',(0.,0.,1.));
#5741=DIRECTION('center_axis',(-1.,2.27738051634588E-16,0.));
#5742=DIRECTION('ref_axis',(-2.27738051634588E-16,-1.,0.));
#5743=DIRECTION('',(0.,0.,1.));
#5744=DIRECTION('center_axis',(0.,-1.,0.));
#5745=DIRECTION('ref_axis',(1.,0.,0.));
#5746=DIRECTION('',(0.,0.,1.));
#5747=DIRECTION('center_axis',(0.,0.,1.));
#5748=DIRECTION('ref_axis',(-1.,5.9211894646675E-16,0.));
#5749=DIRECTION('center_axis',(0.,0.,-1.));
#5750=DIRECTION('ref_axis',(1.,0.,0.));
#5751=DIRECTION('center_axis',(0.,0.,1.));
#5752=DIRECTION('ref_axis',(1.,0.,0.));
#5753=DIRECTION('',(0.,0.,1.));
#5754=DIRECTION('center_axis',(0.,0.,1.));
#5755=DIRECTION('ref_axis',(1.,0.,0.));
#5756=DIRECTION('center_axis',(0.,0.,-1.));
#5757=DIRECTION('ref_axis',(1.,0.,0.));
#5758=DIRECTION('center_axis',(0.,0.,1.));
#5759=DIRECTION('ref_axis',(1.,0.,0.));
#5760=DIRECTION('',(0.,0.,1.));
#5761=DIRECTION('center_axis',(0.,0.,1.));
#5762=DIRECTION('ref_axis',(1.,0.,0.));
#5763=DIRECTION('center_axis',(0.,0.,-1.));
#5764=DIRECTION('ref_axis',(1.,0.,0.));
#5765=DIRECTION('center_axis',(0.,0.,-1.));
#5766=DIRECTION('ref_axis',(1.,0.,0.));
#5767=DIRECTION('',(0.,0.,-1.));
#5768=DIRECTION('center_axis',(0.,0.,-1.));
#5769=DIRECTION('ref_axis',(1.,0.,0.));
#5770=DIRECTION('',(0.,0.,-1.));
#5771=DIRECTION('center_axis',(0.,1.,0.));
#5772=DIRECTION('ref_axis',(1.,0.,0.));
#5773=DIRECTION('',(1.,0.,0.));
#5774=DIRECTION('',(1.,0.,0.));
#5775=DIRECTION('',(0.,0.,-1.));
#5776=DIRECTION('center_axis',(1.,0.,0.));
#5777=DIRECTION('ref_axis',(0.,-1.,0.));
#5778=DIRECTION('',(0.,-1.,0.));
#5779=DIRECTION('',(0.,-1.,0.));
#5780=DIRECTION('center_axis',(-0.134206424302781,0.990953397327978,0.));
#5781=DIRECTION('ref_axis',(0.990953397327978,0.134206424302781,0.));
#5782=DIRECTION('',(-0.990953397327978,-0.134206424302781,0.));
#5783=DIRECTION('',(0.,0.,-1.));
#5784=DIRECTION('',(0.990953397327978,0.134206424302781,0.));
#5785=DIRECTION('',(0.,0.,-1.));
#5786=DIRECTION('center_axis',(-0.959313070762587,0.282344527597148,0.));
#5787=DIRECTION('ref_axis',(0.282344527597148,0.959313070762587,0.));
#5788=DIRECTION('',(-0.282344527597148,-0.959313070762587,0.));
#5789=DIRECTION('',(0.282344527597148,0.959313070762587,0.));
#5790=DIRECTION('',(0.,0.,-1.));
#5791=DIRECTION('center_axis',(-0.965266158094051,0.261268528602949,0.));
#5792=DIRECTION('ref_axis',(0.261268528602949,0.965266158094052,0.));
#5793=DIRECTION('',(-0.261268528602948,-0.965266158094051,0.));
#5794=DIRECTION('',(0.261268528602948,0.965266158094051,0.));
#5795=DIRECTION('',(0.,0.,-1.));
#5796=DIRECTION('center_axis',(-0.86954722481191,-0.493849798847692,0.));
#5797=DIRECTION('ref_axis',(-0.493849798847692,0.86954722481191,0.));
#5798=DIRECTION('',(0.493849798847692,-0.86954722481191,0.));
#5799=DIRECTION('',(-0.493849798847692,0.86954722481191,0.));
#5800=DIRECTION('',(0.,0.,-1.));
#5801=DIRECTION('center_axis',(-0.282344527597148,-0.959313070762587,0.));
#5802=DIRECTION('ref_axis',(-0.959313070762587,0.282344527597148,0.));
#5803=DIRECTION('',(0.959313070762587,-0.282344527597148,0.));
#5804=DIRECTION('',(-0.959313070762587,0.282344527597148,0.));
#5805=DIRECTION('',(0.,0.,-1.));
#5806=DIRECTION('center_axis',(0.11776579618702,-0.993041397550191,0.));
#5807=DIRECTION('ref_axis',(-0.993041397550191,-0.11776579618702,0.));
#5808=DIRECTION('',(0.993041397550191,0.11776579618702,0.));
#5809=DIRECTION('',(-0.993041397550191,-0.11776579618702,0.));
#5810=DIRECTION('',(0.,0.,-1.));
#5811=DIRECTION('center_axis',(-0.192489542832651,-0.981299024711671,0.));
#5812=DIRECTION('ref_axis',(-0.981299024711671,0.192489542832651,0.));
#5813=DIRECTION('',(0.981299024711671,-0.192489542832651,0.));
#5814=DIRECTION('',(-0.981299024711671,0.192489542832651,0.));
#5815=DIRECTION('',(0.,0.,-1.));
#5816=DIRECTION('center_axis',(0.972123027169875,0.234471362955222,0.));
#5817=DIRECTION('ref_axis',(0.234471362955222,-0.972123027169875,0.));
#5818=DIRECTION('',(-0.234471362955222,0.972123027169875,0.));
#5819=DIRECTION('',(0.234471362955222,-0.972123027169875,0.));
#5820=DIRECTION('',(0.,0.,-1.));
#5821=DIRECTION('center_axis',(0.993041397550191,0.11776579618702,0.));
#5822=DIRECTION('ref_axis',(0.11776579618702,-0.993041397550191,0.));
#5823=DIRECTION('',(-0.11776579618702,0.993041397550191,0.));
#5824=DIRECTION('',(0.11776579618702,-0.993041397550191,0.));
#5825=DIRECTION('',(0.,0.,-1.));
#5826=DIRECTION('center_axis',(1.,0.,0.));
#5827=DIRECTION('ref_axis',(0.,-1.,0.));
#5828=DIRECTION('',(0.,1.,0.));
#5829=DIRECTION('',(0.,-1.,0.));
#5830=DIRECTION('',(0.,0.,-1.));
#5831=DIRECTION('center_axis',(0.902602267513991,0.430475489056696,0.));
#5832=DIRECTION('ref_axis',(0.430475489056696,-0.902602267513991,0.));
#5833=DIRECTION('',(-0.430475489056696,0.902602267513991,0.));
#5834=DIRECTION('',(0.430475489056696,-0.902602267513991,0.));
#5835=DIRECTION('',(0.,0.,-1.));
#5836=DIRECTION('center_axis',(0.,0.,-1.));
#5837=DIRECTION('ref_axis',(1.,0.,0.));
#5838=DIRECTION('center_axis',(0.,0.,-1.));
#5839=DIRECTION('ref_axis',(1.,0.,0.));
#5840=DIRECTION('center_axis',(0.,0.,-1.));
#5841=DIRECTION('ref_axis',(1.,0.,0.));
#5842=DIRECTION('center_axis',(0.,0.,-1.));
#5843=DIRECTION('ref_axis',(1.,0.,0.));
#5844=DIRECTION('center_axis',(0.,0.,-1.));
#5845=DIRECTION('ref_axis',(1.,0.,0.));
#5846=DIRECTION('center_axis',(0.,0.,-1.));
#5847=DIRECTION('ref_axis',(-1.,0.,0.));
#5848=DIRECTION('center_axis',(0.,0.,-1.));
#5849=DIRECTION('ref_axis',(-1.,0.,0.));
#5850=DIRECTION('',(0.,0.,-1.));
#5851=DIRECTION('center_axis',(0.,0.,1.));
#5852=DIRECTION('ref_axis',(-1.,0.,0.));
#5853=DIRECTION('center_axis',(0.,0.,1.));
#5854=DIRECTION('ref_axis',(-1.,0.,0.));
#5855=DIRECTION('center_axis',(0.,0.,-1.));
#5856=DIRECTION('ref_axis',(-1.,0.,0.));
#5857=DIRECTION('center_axis',(0.,0.,-1.));
#5858=DIRECTION('ref_axis',(-1.,0.,0.));
#5859=DIRECTION('',(0.,0.,-1.));
#5860=DIRECTION('center_axis',(0.,0.,1.));
#5861=DIRECTION('ref_axis',(-1.,0.,0.));
#5862=DIRECTION('center_axis',(0.,0.,1.));
#5863=DIRECTION('ref_axis',(-1.,0.,0.));
#5864=DIRECTION('center_axis',(0.,0.,-1.));
#5865=DIRECTION('ref_axis',(-1.,0.,0.));
#5866=DIRECTION('center_axis',(0.,0.,-1.));
#5867=DIRECTION('ref_axis',(-1.,0.,0.));
#5868=DIRECTION('',(0.,0.,-1.));
#5869=DIRECTION('center_axis',(0.,0.,1.));
#5870=DIRECTION('ref_axis',(-1.,0.,0.));
#5871=DIRECTION('center_axis',(0.,0.,1.));
#5872=DIRECTION('ref_axis',(-1.,0.,0.));
#5873=DIRECTION('center_axis',(0.,0.,-1.));
#5874=DIRECTION('ref_axis',(-1.,0.,0.));
#5875=DIRECTION('center_axis',(0.,0.,-1.));
#5876=DIRECTION('ref_axis',(-1.,0.,0.));
#5877=DIRECTION('',(0.,0.,-1.));
#5878=DIRECTION('center_axis',(0.,0.,1.));
#5879=DIRECTION('ref_axis',(-1.,0.,0.));
#5880=DIRECTION('center_axis',(0.,0.,1.));
#5881=DIRECTION('ref_axis',(-1.,0.,0.));
#5882=DIRECTION('center_axis',(0.,0.,-1.));
#5883=DIRECTION('ref_axis',(-1.,0.,0.));
#5884=DIRECTION('center_axis',(0.,0.,-1.));
#5885=DIRECTION('ref_axis',(-1.,0.,0.));
#5886=DIRECTION('',(0.,0.,-1.));
#5887=DIRECTION('center_axis',(0.,0.,1.));
#5888=DIRECTION('ref_axis',(-1.,0.,0.));
#5889=DIRECTION('center_axis',(0.,0.,-1.));
#5890=DIRECTION('ref_axis',(-1.,0.,0.));
#5891=DIRECTION('center_axis',(0.,0.,-1.));
#5892=DIRECTION('ref_axis',(-1.,0.,0.));
#5893=DIRECTION('',(0.,0.,-1.));
#5894=DIRECTION('center_axis',(0.,0.,1.));
#5895=DIRECTION('ref_axis',(-1.,0.,0.));
#5896=DIRECTION('center_axis',(0.,0.,-1.));
#5897=DIRECTION('ref_axis',(-1.,0.,0.));
#5898=DIRECTION('center_axis',(0.,0.,-1.));
#5899=DIRECTION('ref_axis',(-1.,0.,0.));
#5900=DIRECTION('',(0.,0.,-1.));
#5901=DIRECTION('center_axis',(0.,0.,1.));
#5902=DIRECTION('ref_axis',(-1.,0.,0.));
#5903=DIRECTION('center_axis',(0.,0.,1.));
#5904=DIRECTION('ref_axis',(-1.,0.,0.));
#5905=DIRECTION('center_axis',(0.,0.,-1.));
#5906=DIRECTION('ref_axis',(-1.,0.,0.));
#5907=DIRECTION('center_axis',(0.,0.,-1.));
#5908=DIRECTION('ref_axis',(-1.,0.,0.));
#5909=DIRECTION('',(0.,0.,-1.));
#5910=DIRECTION('center_axis',(0.,0.,1.));
#5911=DIRECTION('ref_axis',(-1.,0.,0.));
#5912=DIRECTION('center_axis',(0.,0.,1.));
#5913=DIRECTION('ref_axis',(-1.,0.,0.));
#5914=DIRECTION('center_axis',(0.,0.,-1.));
#5915=DIRECTION('ref_axis',(-1.,0.,0.));
#5916=DIRECTION('center_axis',(0.,0.,-1.));
#5917=DIRECTION('ref_axis',(-1.,0.,0.));
#5918=DIRECTION('',(0.,0.,-1.));
#5919=DIRECTION('center_axis',(0.,0.,1.));
#5920=DIRECTION('ref_axis',(-1.,0.,0.));
#5921=DIRECTION('center_axis',(0.,0.,1.));
#5922=DIRECTION('ref_axis',(-1.,0.,0.));
#5923=DIRECTION('center_axis',(0.,0.,-1.));
#5924=DIRECTION('ref_axis',(-1.,0.,0.));
#5925=DIRECTION('center_axis',(0.,0.,-1.));
#5926=DIRECTION('ref_axis',(-1.,0.,0.));
#5927=DIRECTION('',(0.,0.,-1.));
#5928=DIRECTION('center_axis',(0.,0.,1.));
#5929=DIRECTION('ref_axis',(-1.,0.,0.));
#5930=DIRECTION('center_axis',(0.,0.,1.));
#5931=DIRECTION('ref_axis',(-1.,0.,0.));
#5932=DIRECTION('center_axis',(0.,0.,-1.));
#5933=DIRECTION('ref_axis',(1.,0.,0.));
#5934=DIRECTION('',(1.,-4.74961713551867E-17,0.));
#5935=DIRECTION('center_axis',(0.,0.,1.));
#5936=DIRECTION('ref_axis',(-0.707106781186548,-0.707106781186548,0.));
#5937=DIRECTION('',(0.,-1.,0.));
#5938=DIRECTION('',(0.,-1.,0.));
#5939=DIRECTION('',(0.,-1.,0.));
#5940=DIRECTION('center_axis',(0.,0.,1.));
#5941=DIRECTION('ref_axis',(-0.707106781186548,0.707106781186547,0.));
#5942=DIRECTION('',(-1.,0.,0.));
#5943=DIRECTION('',(-1.,0.,0.));
#5944=DIRECTION('',(-1.,0.,0.));
#5945=DIRECTION('',(-1.,0.,0.));
#5946=DIRECTION('center_axis',(0.,0.,1.));
#5947=DIRECTION('ref_axis',(0.707106781186547,0.707106781186548,0.));
#5948=DIRECTION('',(0.,1.,0.));
#5949=DIRECTION('',(0.,1.,0.));
#5950=DIRECTION('',(0.,1.,0.));
#5951=DIRECTION('center_axis',(0.,0.,1.));
#5952=DIRECTION('ref_axis',(0.707106781186547,-0.707106781186548,0.));
#5953=DIRECTION('',(1.,-4.74961713551867E-17,0.));
#5954=DIRECTION('',(1.,-4.74961713551867E-17,0.));
#5955=DIRECTION('',(1.,-4.74961713551867E-17,0.));
#5956=DIRECTION('',(0.,1.,0.));
#5957=DIRECTION('',(-1.,0.,0.));
#5958=DIRECTION('',(0.,-1.,0.));
#5959=DIRECTION('',(1.,-4.92222598655208E-17,0.));
#5960=DIRECTION('',(0.,1.,0.));
#5961=DIRECTION('',(1.,-2.12153093914658E-16,0.));
#5962=DIRECTION('center_axis',(0.,0.,-1.));
#5963=DIRECTION('ref_axis',(-0.999452086307672,0.0330987488470637,0.));
#5964=DIRECTION('',(-1.,0.,0.));
#5965=DIRECTION('',(0.,1.,0.));
#5966=DIRECTION('',(1.,0.,0.));
#5967=DIRECTION('',(0.999999999789815,2.05029533970842E-5,0.));
#5968=DIRECTION('center_axis',(0.,0.,1.));
#5969=DIRECTION('ref_axis',(-0.999358648593811,0.035809097737198,0.));
#5970=DIRECTION('',(-1.,0.,0.));
#5971=DIRECTION('',(0.,1.,0.));
#5972=DIRECTION('',(1.,0.,0.));
#5973=DIRECTION('center_axis',(0.,0.,-1.));
#5974=DIRECTION('ref_axis',(-0.999263104981809,0.038382900126405,0.));
#5975=DIRECTION('',(-1.,0.,0.));
#5976=DIRECTION('',(0.,1.,0.));
#5977=DIRECTION('',(1.,0.,0.));
#5978=DIRECTION('center_axis',(0.,0.,1.));
#5979=DIRECTION('ref_axis',(-0.999140725706371,0.0414464743367389,0.));
#5980=DIRECTION('',(-1.,0.,0.));
#5981=DIRECTION('center_axis',(1.,0.,0.));
#5982=DIRECTION('ref_axis',(0.,0.707106781186549,-0.707106781186546));
#5983=DIRECTION('',(1.,0.,0.));
#5984=DIRECTION('center_axis',(1.,0.,0.));
#5985=DIRECTION('ref_axis',(0.,0.707106781186549,-0.707106781186546));
#5986=DIRECTION('center_axis',(0.,0.,-1.));
#5987=DIRECTION('ref_axis',(-1.,0.,0.));
#5988=DIRECTION('center_axis',(0.,0.,-1.));
#5989=DIRECTION('ref_axis',(-0.999140725706371,0.0414464743367389,0.));
#5990=DIRECTION('center_axis',(-1.,0.,0.));
#5991=DIRECTION('ref_axis',(0.,-0.707106781186549,-0.707106781186546));
#5992=DIRECTION('center_axis',(1.,0.,0.));
#5993=DIRECTION('ref_axis',(0.,-0.707106781186549,-0.707106781186546));
#5994=DIRECTION('',(-1.,0.,0.));
#5995=DIRECTION('center_axis',(0.,1.,0.));
#5996=DIRECTION('ref_axis',(1.,0.,0.));
#5997=DIRECTION('',(0.,0.,-1.));
#5998=DIRECTION('',(1.,0.,0.));
#5999=DIRECTION('',(0.,0.,-1.));
#6000=DIRECTION('center_axis',(0.,0.,-1.));
#6001=DIRECTION('ref_axis',(-0.999140725706371,0.0414464743367388,0.));
#6002=DIRECTION('',(0.,0.,-1.));
#6003=DIRECTION('center_axis',(0.,0.,-1.));
#6004=DIRECTION('ref_axis',(0.644740285999085,-0.764401703039585,0.));
#6005=DIRECTION('center_axis',(0.,-1.,0.));
#6006=DIRECTION('ref_axis',(-1.,0.,0.));
#6007=DIRECTION('',(0.,0.,-1.));
#6008=DIRECTION('',(-1.,0.,0.));
#6009=DIRECTION('center_axis',(1.,0.,0.));
#6010=DIRECTION('ref_axis',(0.,0.707106781186549,-0.707106781186546));
#6011=DIRECTION('',(1.,0.,0.));
#6012=DIRECTION('center_axis',(1.,0.,0.));
#6013=DIRECTION('ref_axis',(0.,0.707106781186549,-0.707106781186546));
#6014=DIRECTION('center_axis',(0.,0.,-1.));
#6015=DIRECTION('ref_axis',(-1.,0.,0.));
#6016=DIRECTION('center_axis',(0.,0.,-1.));
#6017=DIRECTION('ref_axis',(-0.999358648593811,0.035809097737198,0.));
#6018=DIRECTION('center_axis',(-1.,0.,0.));
#6019=DIRECTION('ref_axis',(0.,-0.707106781186548,-0.707106781186547));
#6020=DIRECTION('center_axis',(1.,0.,0.));
#6021=DIRECTION('ref_axis',(0.,-1.,0.));
#6022=DIRECTION('center_axis',(1.,0.,0.));
#6023=DIRECTION('ref_axis',(0.,-0.707106781186548,-0.707106781186547));
#6024=DIRECTION('',(-1.,0.,0.));
#6025=DIRECTION('center_axis',(-0.999999999789814,-2.05029533970842E-5,
0.));
#6026=DIRECTION('ref_axis',(1.44977773815708E-5,-0.707106781037926,-0.707106781186546));
#6027=DIRECTION('',(-0.999999999789815,-2.05029533970842E-5,0.));
#6028=DIRECTION('center_axis',(0.,1.,0.));
#6029=DIRECTION('ref_axis',(1.,0.,0.));
#6030=DIRECTION('',(0.,0.,-1.));
#6031=DIRECTION('',(1.,0.,0.));
#6032=DIRECTION('',(0.,0.,-1.));
#6033=DIRECTION('center_axis',(0.,0.,-1.));
#6034=DIRECTION('ref_axis',(-0.999358648593811,0.035809097737198,0.));
#6035=DIRECTION('',(0.,0.,-1.));
#6036=DIRECTION('center_axis',(0.,0.,-1.));
#6037=DIRECTION('ref_axis',(0.666355806950426,-0.745633917243205,0.));
#6038=DIRECTION('center_axis',(2.05029533970842E-5,-0.999999999789814,0.));
#6039=DIRECTION('ref_axis',(-0.999999999789815,-2.05029533970842E-5,0.));
#6040=DIRECTION('',(0.,0.,-1.));
#6041=DIRECTION('',(-0.999999999789815,-2.05029533970842E-5,0.));
#6042=DIRECTION('center_axis',(0.,-1.,0.));
#6043=DIRECTION('ref_axis',(-1.,0.,0.));
#6044=DIRECTION('',(0.,0.,-1.));
#6045=DIRECTION('',(-1.,0.,0.));
#6046=DIRECTION('center_axis',(1.,0.,0.));
#6047=DIRECTION('ref_axis',(0.,0.707106781186549,-0.707106781186546));
#6048=DIRECTION('',(1.,0.,0.));
#6049=DIRECTION('center_axis',(1.,0.,0.));
#6050=DIRECTION('ref_axis',(0.,0.707106781186549,-0.707106781186546));
#6051=DIRECTION('center_axis',(0.,0.,1.));
#6052=DIRECTION('ref_axis',(-0.999263104981809,0.0383829001264044,0.));
#6053=DIRECTION('center_axis',(0.,0.,1.));
#6054=DIRECTION('ref_axis',(-0.999263104981809,0.038382900126405,0.));
#6055=DIRECTION('center_axis',(-1.,0.,0.));
#6056=DIRECTION('ref_axis',(0.,-0.707106781186551,-0.707106781186544));
#6057=DIRECTION('center_axis',(1.,0.,0.));
#6058=DIRECTION('ref_axis',(0.,-0.707106781186551,-0.707106781186544));
#6059=DIRECTION('',(-1.,0.,0.));
#6060=DIRECTION('center_axis',(0.,1.,0.));
#6061=DIRECTION('ref_axis',(1.,0.,0.));
#6062=DIRECTION('',(0.,0.,-1.));
#6063=DIRECTION('',(1.,0.,0.));
#6064=DIRECTION('',(0.,0.,-1.));
#6065=DIRECTION('center_axis',(0.,0.,-1.));
#6066=DIRECTION('ref_axis',(-0.999263104981809,0.038382900126405,0.));
#6067=DIRECTION('',(0.,0.,-1.));
#6068=DIRECTION('center_axis',(0.,0.,1.));
#6069=DIRECTION('ref_axis',(0.607788819022134,-0.794098703859715,0.));
#6070=DIRECTION('center_axis',(0.,-1.,0.));
#6071=DIRECTION('ref_axis',(-1.,0.,0.));
#6072=DIRECTION('',(0.,0.,-1.));
#6073=DIRECTION('',(-1.,0.,0.));
#6074=DIRECTION('center_axis',(1.,0.,0.));
#6075=DIRECTION('ref_axis',(0.,0.707106781186551,-0.707106781186544));
#6076=DIRECTION('',(1.,0.,0.));
#6077=DIRECTION('center_axis',(1.,0.,0.));
#6078=DIRECTION('ref_axis',(0.,0.707106781186551,-0.707106781186544));
#6079=DIRECTION('center_axis',(0.,0.,1.));
#6080=DIRECTION('ref_axis',(-0.999452086307672,0.0330987488470635,0.));
#6081=DIRECTION('center_axis',(0.,0.,1.));
#6082=DIRECTION('ref_axis',(-0.999452086307672,0.0330987488470637,0.));
#6083=DIRECTION('center_axis',(-1.,2.12153093914658E-16,0.));
#6084=DIRECTION('ref_axis',(0.,-0.707106781186549,-0.707106781186546));
#6085=DIRECTION('center_axis',(1.,0.,0.));
#6086=DIRECTION('ref_axis',(0.,-0.707106781186549,-0.707106781186546));
#6087=DIRECTION('',(-1.,2.12153093914658E-16,0.));
#6088=DIRECTION('center_axis',(0.,1.,0.));
#6089=DIRECTION('ref_axis',(1.,0.,0.));
#6090=DIRECTION('',(0.,0.,-1.));
#6091=DIRECTION('',(1.,0.,0.));
#6092=DIRECTION('',(0.,0.,-1.));
#6093=DIRECTION('center_axis',(0.,0.,-1.));
#6094=DIRECTION('ref_axis',(-0.999452086307672,0.0330987488470633,0.));
#6095=DIRECTION('',(0.,0.,-1.));
#6096=DIRECTION('center_axis',(0.,0.,1.));
#6097=DIRECTION('ref_axis',(0.628043636111508,-0.778178123015442,0.));
#6098=DIRECTION('center_axis',(-2.12153093914658E-16,-1.,0.));
#6099=DIRECTION('ref_axis',(-1.,2.12153093914658E-16,0.));
#6100=DIRECTION('',(0.,0.,-1.));
#6101=DIRECTION('',(-1.,2.12153093914658E-16,0.));
#6102=DIRECTION('center_axis',(0.,0.,-1.));
#6103=DIRECTION('ref_axis',(-1.,0.,0.));
#6104=DIRECTION('center_axis',(-1.,-2.96059473233375E-15,0.));
#6105=DIRECTION('ref_axis',(0.,0.,-1.));
#6106=DIRECTION('center_axis',(0.,0.,-1.));
#6107=DIRECTION('ref_axis',(0.,-1.,0.));
#6108=DIRECTION('center_axis',(0.,-1.,0.));
#6109=DIRECTION('ref_axis',(-1.,0.,0.));
#6110=DIRECTION('center_axis',(0.,1.,0.));
#6111=DIRECTION('ref_axis',(-0.707106781186549,0.,-0.707106781186546));
#6112=DIRECTION('',(0.,1.,0.));
#6113=DIRECTION('center_axis',(0.,-1.,0.));
#6114=DIRECTION('ref_axis',(-1.,0.,0.));
#6115=DIRECTION('center_axis',(0.,0.,-1.));
#6116=DIRECTION('ref_axis',(-1.,0.,0.));
#6117=DIRECTION('center_axis',(0.,0.,-1.));
#6118=DIRECTION('ref_axis',(-1.,0.,0.));
#6119=DIRECTION('center_axis',(-1.,0.,0.));
#6120=DIRECTION('ref_axis',(0.,1.,0.));
#6121=DIRECTION('center_axis',(1.,0.,0.));
#6122=DIRECTION('ref_axis',(0.,0.707106781186547,-0.707106781186548));
#6123=DIRECTION('',(1.,0.,0.));
#6124=DIRECTION('center_axis',(-1.,0.,0.));
#6125=DIRECTION('ref_axis',(0.,1.,0.));
#6126=DIRECTION('center_axis',(0.,0.,-1.));
#6127=DIRECTION('ref_axis',(-1.,0.,0.));
#6128=DIRECTION('center_axis',(0.,0.,-1.));
#6129=DIRECTION('ref_axis',(0.,1.,0.));
#6130=DIRECTION('center_axis',(-1.48029736616687E-15,1.,0.));
#6131=DIRECTION('ref_axis',(1.,1.48029736616687E-15,0.));
#6132=DIRECTION('center_axis',(0.,-1.,0.));
#6133=DIRECTION('ref_axis',(0.707106781186549,0.,-0.707106781186546));
#6134=DIRECTION('',(0.,-1.,0.));
#6135=DIRECTION('center_axis',(0.,1.,0.));
#6136=DIRECTION('ref_axis',(1.,0.,0.));
#6137=DIRECTION('center_axis',(0.,0.,-1.));
#6138=DIRECTION('ref_axis',(-1.,0.,0.));
#6139=DIRECTION('center_axis',(0.,0.,-1.));
#6140=DIRECTION('ref_axis',(1.,0.,0.));
#6141=DIRECTION('center_axis',(1.,0.,0.));
#6142=DIRECTION('ref_axis',(0.,-1.,0.));
#6143=DIRECTION('center_axis',(-1.,4.74961713551867E-17,0.));
#6144=DIRECTION('ref_axis',(0.,-0.707106781186547,-0.707106781186548));
#6145=DIRECTION('',(-1.,4.74961713551867E-17,0.));
#6146=DIRECTION('center_axis',(-1.,0.,0.));
#6147=DIRECTION('ref_axis',(0.,1.,0.));
#6148=DIRECTION('',(0.,1.,0.));
#6149=DIRECTION('center_axis',(-1.,0.,0.));
#6150=DIRECTION('ref_axis',(0.,1.,0.));
#6151=DIRECTION('',(0.,1.,0.));
#6152=DIRECTION('center_axis',(-1.,0.,0.));
#6153=DIRECTION('ref_axis',(0.,1.,0.));
#6154=DIRECTION('',(0.,1.,0.));
#6155=DIRECTION('center_axis',(-1.,0.,0.));
#6156=DIRECTION('ref_axis',(0.,1.,0.));
#6157=DIRECTION('',(0.,1.,0.));
#6158=DIRECTION('center_axis',(4.92222598655208E-17,1.,0.));
#6159=DIRECTION('ref_axis',(1.,-4.92222598655208E-17,0.));
#6160=DIRECTION('',(1.,-4.92222598655208E-17,0.));
#6161=DIRECTION('',(0.,0.,-1.));
#6162=DIRECTION('',(0.,0.,-1.));
#6163=DIRECTION('center_axis',(1.,0.,0.));
#6164=DIRECTION('ref_axis',(0.,-1.,0.));
#6165=DIRECTION('',(0.,-1.,0.));
#6166=DIRECTION('',(0.,0.,-1.));
#6167=DIRECTION('center_axis',(0.,-1.,0.));
#6168=DIRECTION('ref_axis',(-1.,0.,0.));
#6169=DIRECTION('',(-1.,0.,0.));
#6170=DIRECTION('',(0.,0.,-1.));
#6171=DIRECTION('center_axis',(-1.,0.,0.));
#6172=DIRECTION('ref_axis',(0.,1.,0.));
#6173=DIRECTION('',(0.,1.,0.));
#6174=DIRECTION('center_axis',(0.,0.,-1.));
#6175=DIRECTION('ref_axis',(1.,0.,0.));
#6176=CARTESIAN_POINT('',(0.,0.,0.));
#6177=CARTESIAN_POINT('Origin',(-24.2165042881118,-24.9000001639128,6.2135941921128));
#6178=CARTESIAN_POINT('',(-15.8020183166899,-28.0000004172325,6.21359419211288));
#6179=CARTESIAN_POINT('',(-24.2165042881118,-28.0000004172325,6.2135941921128));
#6180=CARTESIAN_POINT('',(-31.1082524830574,-28.0000004172325,6.21359419211274));
#6181=CARTESIAN_POINT('',(-15.8020183166899,-27.5000001639128,6.21359419211288));
#6182=CARTESIAN_POINT('',(-15.8020183166899,-24.9000001639128,6.21359419211288));
#6183=CARTESIAN_POINT('',(-24.2165042881118,-27.5000001639128,6.2135941921128));
#6184=CARTESIAN_POINT('',(-21.9615590384295,-27.5000001639128,6.21359419211282));
#6185=CARTESIAN_POINT('',(-24.2165042881118,-24.9000001639128,6.2135941921128));
#6186=CARTESIAN_POINT('Origin',(-24.1999994590878,-24.9000001639128,7.59999983012676));
#6187=CARTESIAN_POINT('',(-24.1999994590878,-28.0000004172325,7.59999983012676));
#6188=CARTESIAN_POINT('',(-24.2908454267051,-28.0000004172325,-0.0310614497204427));
#6189=CARTESIAN_POINT('',(-24.1999994590878,-27.5000001639128,7.59999983012676));
#6190=CARTESIAN_POINT('',(-24.1992586800989,-27.5000001639128,7.66222526519907));
#6191=CARTESIAN_POINT('',(-24.1999994590878,-24.9000001639128,7.59999983012676));
#6192=CARTESIAN_POINT('Origin',(-15.8020183166899,-24.9000001639128,6.21359419211288));
#6193=CARTESIAN_POINT('',(-15.7999996468425,-28.0000004172325,7.49999983236193));
#6194=CARTESIAN_POINT('',(-15.8128055317906,-28.0000004172325,-0.660602876632838));
#6195=CARTESIAN_POINT('',(-15.7999996468425,-27.5000001639128,7.49999983236193));
#6196=CARTESIAN_POINT('',(-15.7999996468425,-24.9000001639128,7.49999983236193));
#6197=CARTESIAN_POINT('',(-15.8008796416601,-27.5000001639128,6.93921952534226));
#6198=CARTESIAN_POINT('Origin',(-15.7999996468425,-24.9000001639128,8.99999979883432));
#6199=CARTESIAN_POINT('',(-15.7999996468425,-24.5000004172325,8.99999979883432));
#6200=CARTESIAN_POINT('',(-16.7999996244907,-24.5000004172325,9.6999997831881));
#6201=CARTESIAN_POINT('',(12.0020139252379,-24.5000004172325,-10.461409701622));
#6202=CARTESIAN_POINT('',(-15.7999996468425,-28.0000004172325,8.99999979883432));
#6203=CARTESIAN_POINT('',(-15.7999996468425,-24.9000001639128,8.99999979883432));
#6204=CARTESIAN_POINT('',(-16.7999996244907,-28.0000004172325,9.6999997831881));
#6205=CARTESIAN_POINT('',(-19.3738255434788,-28.0000004172325,11.5016779264798));
#6206=CARTESIAN_POINT('',(-16.7999996244907,-24.9000001639128,9.6999997831881));
#6207=CARTESIAN_POINT('Origin',(-16.7999996244907,-24.9000001639128,9.6999997831881));
#6208=CARTESIAN_POINT('',(-23.0999994836748,-24.5000004172325,9.6999997831881));
#6209=CARTESIAN_POINT('',(19.3500006571412,-24.5000004172325,9.6999997831881));
#6210=CARTESIAN_POINT('',(-23.0999994836748,-28.0000004172325,9.6999997831881));
#6211=CARTESIAN_POINT('',(-27.4000001512468,-28.0000004172325,9.6999997831881));
#6212=CARTESIAN_POINT('',(-23.0999994836748,-24.9000001639128,9.6999997831881));
#6213=CARTESIAN_POINT('Origin',(-23.0999994836748,-24.9000001639128,9.6999997831881));
#6214=CARTESIAN_POINT('',(-24.1999994590878,-24.5000004172325,8.99999979883424));
#6215=CARTESIAN_POINT('',(0.977059539295717,-24.5000004172325,25.0217646159894));
#6216=CARTESIAN_POINT('',(-24.1999994590878,-28.0000004172325,8.99999979883424));
#6217=CARTESIAN_POINT('',(-32.2979410360839,-28.0000004172325,3.84676424983608));
#6218=CARTESIAN_POINT('',(-24.1999994590878,-24.9000001639128,8.99999979883424));
#6219=CARTESIAN_POINT('Origin',(-24.1999994590878,-24.9000001639128,8.99999979883424));
#6220=CARTESIAN_POINT('',(-24.1999994590878,-24.5000004172325,7.839221432627));
#6221=CARTESIAN_POINT('',(-24.1999994590878,-24.5000004172325,0.749999899416738));
#6222=CARTESIAN_POINT('',(-24.1999994590878,-28.0000004172325,0.749999899417183));
#6223=CARTESIAN_POINT('',(-24.1999994590878,-24.2607788147323,7.59999983012676));
#6224=CARTESIAN_POINT('',(-24.1999994590878,-24.9000001639128,7.59999983012676));
#6225=CARTESIAN_POINT('',(-24.1999994590878,-24.3901949454543,7.72941596084875));
#6226=CARTESIAN_POINT('Origin',(-24.1999994590878,-24.9000001639128,7.59999983012676));
#6227=CARTESIAN_POINT('',(-28.4999993629754,-23.7607788259081,7.09999984130263));
#6228=CARTESIAN_POINT('',(3.23189834788508,-27.4505343736827,10.7897553890771));
#6229=CARTESIAN_POINT('',(-28.4999993629754,-27.5000001639128,7.09999984130263));
#6230=CARTESIAN_POINT('',(-28.4999993629754,-27.5000001639128,7.09999984130263));
#6231=CARTESIAN_POINT('',(-28.4999993629754,-24.9000001639128,7.09999984130263));
#6232=CARTESIAN_POINT('Origin',(-19.7066137887473,-22.3000001639128,7.67097565131467));
#6233=CARTESIAN_POINT('',(-28.4999993629754,-22.3000001639128,5.8392214326271));
#6234=CARTESIAN_POINT('',(-10.9323068162972,-22.3000001639128,5.8392214326271));
#6235=CARTESIAN_POINT('',(-5.35330682731842,-22.3000001639128,5.8392214326271));
#6236=CARTESIAN_POINT('',(-28.4999993629754,-22.3000001639128,5.64195151944123));
#6237=CARTESIAN_POINT('',(-28.4999993629754,-22.3000001639128,5.64195151944123));
#6238=CARTESIAN_POINT('',(-10.9346552676446,-22.3000001639128,5.64195151944142));
#6239=CARTESIAN_POINT('',(-10.9346552676446,-22.3000001639128,5.64195151944142));
#6240=CARTESIAN_POINT('',(-10.9132282145192,-22.3000001639128,7.44182398197713));
#6241=CARTESIAN_POINT('Origin',(-15.7999996468425,-24.9000001639128,7.49999983236193));
#6242=CARTESIAN_POINT('',(-15.7999996468425,-24.5000004172325,7.839221432627));
#6243=CARTESIAN_POINT('',(-15.7999996468424,-24.5000004172325,-8.38194022338351E-8));
#6244=CARTESIAN_POINT('',(-15.7999996468425,-24.1607788169674,7.49999983236193));
#6245=CARTESIAN_POINT('',(-15.7999996468425,-24.0151949538362,7.3544159692307));
#6246=CARTESIAN_POINT('',(-15.7999996468425,-24.9000001639128,7.49999983236193));
#6247=CARTESIAN_POINT('',(-15.7999996468424,-28.0000004172325,-8.38189178065028E-8));
#6248=CARTESIAN_POINT('Origin',(-10.9132282145192,-24.9000001639128,7.44182398197713));
#6249=CARTESIAN_POINT('',(-10.9132282145192,-24.1026029665826,7.44182398197713));
#6250=CARTESIAN_POINT('',(10.6646973968789,-23.8457228997803,7.18494391517477));
#6251=CARTESIAN_POINT('',(-10.9132282145192,-27.5000001639128,7.44182398197713));
#6252=CARTESIAN_POINT('',(-10.9132282145192,-24.9000001639128,7.44182398197713));
#6253=CARTESIAN_POINT('',(-15.7999996468425,-27.5000001639128,7.49999983236193));
#6254=CARTESIAN_POINT('Origin',(-10.9346552676446,-24.9000001639128,5.64195151944142));
#6255=CARTESIAN_POINT('',(-10.9323068162972,-22.5000004172325,5.8392214326271));
#6256=CARTESIAN_POINT('',(-10.9182697843084,-23.679111104289,7.01833211968349));
#6257=CARTESIAN_POINT('',(-10.9323068162972,-14.700000115484,5.83922143262711));
#6258=CARTESIAN_POINT('',(-10.9346552676446,-27.5000001639128,5.64195151944142));
#6259=CARTESIAN_POINT('',(-10.9346552676446,-24.9000001639128,5.64195151944142));
#6260=CARTESIAN_POINT('',(-10.9132282145192,-27.5000001639128,7.44182398197713));
#6261=CARTESIAN_POINT('Origin',(-28.4999993629754,-24.9000001639128,5.64195151944123));
#6262=CARTESIAN_POINT('',(-28.4999993629754,-27.5000001639128,5.64195151944123));
#6263=CARTESIAN_POINT('',(-28.4999993629754,-24.9000001639128,5.64195151944123));
#6264=CARTESIAN_POINT('',(-10.9346552676446,-27.5000001639128,5.64195151944142));
#6265=CARTESIAN_POINT('Origin',(-28.4999993629754,-24.9000001639128,7.09999984130263));
#6266=CARTESIAN_POINT('',(-28.4999993629754,-22.5000004172325,5.8392214326271));
#6267=CARTESIAN_POINT('',(-28.4999993629754,-14.700000115484,5.83922143262711));
#6268=CARTESIAN_POINT('',(-28.4999993629754,-23.9151949560713,7.25441597146582));
#6269=CARTESIAN_POINT('',(-28.4999993629754,-27.5000001639128,5.64195151944123));
#6270=CARTESIAN_POINT('Origin',(-19.7066137887473,-27.5000001639128,7.67097565131467));
#6271=CARTESIAN_POINT('Origin',(55.5000009387731,-24.5000004172325,-7.5));
#6272=CARTESIAN_POINT('',(55.5000009387731,-24.5000004172325,18.5));
#6273=CARTESIAN_POINT('',(-38.0000006780028,-24.5000004172325,18.5));
#6274=CARTESIAN_POINT('',(32.1250005345791,-24.5000004172325,18.5));
#6275=CARTESIAN_POINT('',(55.5000009387731,-24.5000004172325,-7.5));
#6276=CARTESIAN_POINT('',(55.5000009387731,-24.5000004172325,-7.5));
#6277=CARTESIAN_POINT('',(-38.0000006780028,-24.5000004172325,-7.5));
#6278=CARTESIAN_POINT('',(-38.0000006780028,-24.5000004172325,-7.5));
#6279=CARTESIAN_POINT('',(-38.0000006780028,-24.5000004172325,-7.5));
#6280=CARTESIAN_POINT('',(-29.0000004321337,-24.5000004172325,7.839221432627));
#6281=CARTESIAN_POINT('',(32.2500005364418,-24.5000004172325,7.839221432627));
#6282=CARTESIAN_POINT('',(-29.0000004321337,-24.5000004172325,4.33922143262706));
#6283=CARTESIAN_POINT('',(-29.0000004321337,-24.5000004172325,-1.58038928368634));
#6284=CARTESIAN_POINT('',(12.2385195101801,-24.5000004172325,4.33922143262695));
#6285=CARTESIAN_POINT('',(25.2500004321337,-24.5000004172325,4.33922143262691));
#6286=CARTESIAN_POINT('',(12.2385195101801,-24.5000004172325,7.839221432627));
#6287=CARTESIAN_POINT('',(12.2385195101801,-24.5000004172325,-1.58038928368644));
#6288=CARTESIAN_POINT('',(32.2500005364418,-24.5000004172325,7.839221432627));
#6289=CARTESIAN_POINT('Origin',(32.2500005364418,-23.5000004172325,6.83922143262705));
#6290=CARTESIAN_POINT('',(-29.0000004321337,-22.5000004172325,5.83922143262706));
#6291=CARTESIAN_POINT('',(32.2500005364418,-22.5000004172325,5.8392214326271));
#6292=CARTESIAN_POINT('',(-29.0000004321337,-20.7500003688037,4.08922138419836));
#6293=CARTESIAN_POINT('Origin',(-36.0000005364418,-4.50000006705523,5.83922143262713));
#6294=CARTESIAN_POINT('',(-42.6936992607972,-15.0000002235174,5.83922143262711));
#6295=CARTESIAN_POINT('',(-43.0000006407499,-14.2904460285845,5.83922143262711));
#6296=CARTESIAN_POINT('Origin',(-43.6686992607972,-15.0000002235174,5.83922143262713));
#6297=CARTESIAN_POINT('',(-43.0000006407499,6.00000008940696,5.83922143262714));
#6298=CARTESIAN_POINT('',(-43.0000006407499,6.00000008940696,5.83922143262714));
#6299=CARTESIAN_POINT('',(-42.0000006780028,6.00000008940696,5.83922143262714));
#6300=CARTESIAN_POINT('',(61.0000009089708,6.00000008940696,5.83922143262685));
#6301=CARTESIAN_POINT('',(-42.0000006780028,-15.0000002235174,5.83922143262711));
#6302=CARTESIAN_POINT('',(-42.0000006780028,-12.5000002421439,5.83922143262711));
#6303=CARTESIAN_POINT('',(-43.0000006407499,-15.0000002235174,5.83922143262711));
#6304=CARTESIAN_POINT('Origin',(-43.0000006407499,6.00000008940696,4.33922143262714));
#6305=CARTESIAN_POINT('',(-43.0000006407499,-14.2904460285845,4.33922143262711));
#6306=CARTESIAN_POINT('',(-43.0000006407499,-14.2904460285845,16.));
#6307=CARTESIAN_POINT('',(-43.0000006407499,6.00000008940696,4.33922143262714));
#6308=CARTESIAN_POINT('',(-43.0000006407499,6.00000008940696,4.33922143262714));
#6309=CARTESIAN_POINT('',(-43.0000006407499,6.00000008940696,4.33922143262714));
#6310=CARTESIAN_POINT('Origin',(32.2500005364418,-23.5000004172325,6.83922143262705));
#6311=CARTESIAN_POINT('',(13.6619891175629,-22.5000004172325,5.83922143262695));
#6312=CARTESIAN_POINT('',(14.6692897698229,-21.0847251671875,4.42394618258218));
#6313=CARTESIAN_POINT('',(32.2500005364418,-22.5000004172325,5.8392214326271));
#6314=CARTESIAN_POINT('Origin',(9.00000013411046,-4.50000006705523,5.83922143262713));
#6315=CARTESIAN_POINT('',(19.0000002831221,-15.0000002235174,5.83922143262694));
#6316=CARTESIAN_POINT('',(11.0000001639128,-26.2401420259382,5.83922143262695));
#6317=CARTESIAN_POINT('',(57.5000009387732,-15.0000002235174,5.83922143262683));
#6318=CARTESIAN_POINT('',(-43.0000006407499,-15.0000002235174,5.83922143262711));
#6319=CARTESIAN_POINT('',(57.5000009387731,6.00000008940696,5.83922143262686));
#6320=CARTESIAN_POINT('',(57.5000009387731,7.00000016018746,5.83922143262714));
#6321=CARTESIAN_POINT('',(-29.0000004321337,6.00000008940696,5.8392214326271));
#6322=CARTESIAN_POINT('',(61.0000009089708,6.00000008940696,5.83922143262685));
#6323=CARTESIAN_POINT('',(-29.0000004321337,-15.0000002235174,5.83922143262707));
#6324=CARTESIAN_POINT('Origin',(58.5000009387731,7.00000016018746,6.83922143262714));
#6325=CARTESIAN_POINT('',(59.5000009387731,6.00000008940696,7.83922143262714));
#6326=CARTESIAN_POINT('',(58.5000009313225,6.00000008940696,6.8392214251765));
#6327=CARTESIAN_POINT('',(59.5000009387731,-15.0000002235174,7.83922143262711));
#6328=CARTESIAN_POINT('',(32.5000005438924,-15.0000002235174,-19.1607789622537));
#6329=CARTESIAN_POINT('',(59.5000009387731,7.00000016018746,7.83922143262714));
#6330=CARTESIAN_POINT('Origin',(-29.0000004321337,6.00000008940696,4.3392214326271));
#6331=CARTESIAN_POINT('',(-42.0000006780028,6.00000008940696,4.33922143262714));
#6332=CARTESIAN_POINT('',(-42.0000006780028,6.00000008940697,-1.58038928368655));
#6333=CARTESIAN_POINT('',(61.0000009089708,6.00000008940696,4.33922143262685));
#6334=CARTESIAN_POINT('Origin',(-36.0000005364418,-4.50000006705523,4.33922143262711));
#6335=CARTESIAN_POINT('',(-42.6936992607972,-15.0000002235174,4.33922143262711));
#6336=CARTESIAN_POINT('Origin',(-43.6686992607972,-15.0000002235174,4.33922143262711));
#6337=CARTESIAN_POINT('',(-42.0000006780028,-15.0000002235174,4.33922143262711));
#6338=CARTESIAN_POINT('',(-43.0000006407499,-15.0000002235174,4.33922143262711));
#6339=CARTESIAN_POINT('',(-42.0000006780028,-12.5000002421439,4.33922143262711));
#6340=CARTESIAN_POINT('Origin',(-43.0000006407499,-15.0000002235174,4.33922143262711));
#6341=CARTESIAN_POINT('',(-42.6936992607972,-15.0000002235174,16.));
#6342=CARTESIAN_POINT('',(-42.0000006780028,-15.0000002235174,-1.58038928368644));
#6343=CARTESIAN_POINT('Origin',(-29.0000004321337,-15.0000002235174,4.33922143262707));
#6344=CARTESIAN_POINT('',(-29.0000004321337,6.00000008940696,4.3392214326271));
#6345=CARTESIAN_POINT('',(-29.0000004321337,6.00000008940696,4.33922143262698));
#6346=CARTESIAN_POINT('',(-29.0000004321337,-9.75000014528633,4.33922143262708));
#6347=CARTESIAN_POINT('Origin',(11.0000001639128,-26.2401420259382,4.33922143262695));
#6348=CARTESIAN_POINT('',(19.0000002831221,-15.0000002235174,4.33922143262694));
#6349=CARTESIAN_POINT('',(11.0000001639128,-26.2401420259382,4.33922143262695));
#6350=CARTESIAN_POINT('',(19.0000002831221,-15.0000002235174,4.33922143262693));
#6351=CARTESIAN_POINT('Origin',(-43.0000006407499,-15.0000002235174,4.33922143262711));
#6352=CARTESIAN_POINT('',(59.5000009387731,-15.0000002235174,4.33922143262683));
#6353=CARTESIAN_POINT('',(-43.0000006407499,-15.0000002235174,4.33922143262711));
#6354=CARTESIAN_POINT('',(59.5000009387731,-15.0000002235174,-1.58038928368647));
#6355=CARTESIAN_POINT('Origin',(61.0000009089708,6.00000008940696,4.33922143262685));
#6356=CARTESIAN_POINT('',(59.5000009387731,6.00000008940696,4.33922143262686));
#6357=CARTESIAN_POINT('',(59.5000009387731,6.00000008940697,-1.58038928368658));
#6358=CARTESIAN_POINT('',(61.0000009089708,6.00000008940696,4.33922143262685));
#6359=CARTESIAN_POINT('Origin',(9.00000013411046,-4.50000006705523,4.33922143262698));
#6360=CARTESIAN_POINT('',(59.5000009387731,7.00000016018747,4.33922143262686));
#6361=CARTESIAN_POINT('Origin',(8.75000013038515,24.0000003576279,20.));
#6362=CARTESIAN_POINT('',(9.72500013038515,24.0000003576279,-7.5));
#6363=CARTESIAN_POINT('Origin',(8.75000013038515,24.0000003576279,-7.5));
#6364=CARTESIAN_POINT('',(9.72500013038515,24.0000003576279,20.));
#6365=CARTESIAN_POINT('',(9.72500013038515,24.0000003576279,20.));
#6366=CARTESIAN_POINT('Origin',(8.75000013038515,24.0000003576279,20.));
#6367=CARTESIAN_POINT('Origin',(61.1686995215675,-15.0000002235174,20.));
#6368=CARTESIAN_POINT('',(62.1436995215675,-15.0000002235174,-7.5));
#6369=CARTESIAN_POINT('Origin',(61.1686995215675,-15.0000002235174,-7.5));
#6370=CARTESIAN_POINT('',(62.1436995215675,-15.0000002235174,20.));
#6371=CARTESIAN_POINT('',(62.1436995215675,-15.0000002235174,20.));
#6372=CARTESIAN_POINT('Origin',(61.1686995215675,-15.0000002235174,20.));
#6373=CARTESIAN_POINT('Origin',(-43.6686992607972,13.0000001937151,20.));
#6374=CARTESIAN_POINT('',(-42.6936992607972,13.0000001937151,-7.5));
#6375=CARTESIAN_POINT('Origin',(-43.6686992607972,13.0000001937151,-7.5));
#6376=CARTESIAN_POINT('',(-42.6936992607972,13.0000001937151,20.));
#6377=CARTESIAN_POINT('',(-42.6936992607972,13.0000001937151,20.));
#6378=CARTESIAN_POINT('Origin',(-43.6686992607972,13.0000001937151,20.));
#6379=CARTESIAN_POINT('Origin',(-31.2499998696148,-26.0000003874302,20.));
#6380=CARTESIAN_POINT('',(-30.2749998696148,-26.0000003874302,-7.5));
#6381=CARTESIAN_POINT('Origin',(-31.2499998696148,-26.0000003874302,-7.5));
#6382=CARTESIAN_POINT('',(-30.2749998696148,-26.0000003874302,20.));
#6383=CARTESIAN_POINT('',(-30.2749998696148,-26.0000003874302,20.));
#6384=CARTESIAN_POINT('Origin',(-31.2499998696148,-26.0000003874302,20.));
#6385=CARTESIAN_POINT('Origin',(48.7500001303852,24.0000003576279,20.));
#6386=CARTESIAN_POINT('',(49.7250001303852,24.0000003576279,-7.5));
#6387=CARTESIAN_POINT('Origin',(48.7500001303852,24.0000003576279,-7.5));
#6388=CARTESIAN_POINT('',(49.7250001303852,24.0000003576279,20.));
#6389=CARTESIAN_POINT('',(49.7250001303852,24.0000003576279,20.));
#6390=CARTESIAN_POINT('Origin',(48.7500001303852,24.0000003576279,20.));
#6391=CARTESIAN_POINT('Origin',(49.0000007301569,-26.0000003874302,20.));
#6392=CARTESIAN_POINT('',(49.9750007301569,-26.0000003874302,-7.5));
#6393=CARTESIAN_POINT('Origin',(49.0000007301569,-26.0000003874302,-7.5));
#6394=CARTESIAN_POINT('',(49.9750007301569,-26.0000003874302,20.));
#6395=CARTESIAN_POINT('',(49.9750007301569,-26.0000003874302,20.));
#6396=CARTESIAN_POINT('Origin',(49.0000007301569,-26.0000003874302,20.));
#6397=CARTESIAN_POINT('Origin',(61.1686995215675,13.0000001937151,20.));
#6398=CARTESIAN_POINT('',(62.1436995215675,13.0000001937151,-7.5));
#6399=CARTESIAN_POINT('Origin',(61.1686995215675,13.0000001937151,-7.5));
#6400=CARTESIAN_POINT('',(62.1436995215675,13.0000001937151,20.));
#6401=CARTESIAN_POINT('',(62.1436995215675,13.0000001937151,20.));
#6402=CARTESIAN_POINT('Origin',(61.1686995215675,13.0000001937151,20.));
#6403=CARTESIAN_POINT('Origin',(-43.6686992607972,-15.0000002235174,20.));
#6404=CARTESIAN_POINT('',(-42.6936992607972,-15.0000002235174,-7.5));
#6405=CARTESIAN_POINT('Origin',(-43.6686992607972,-15.0000002235174,-7.5));
#6406=CARTESIAN_POINT('',(-42.6936992607972,-15.0000002235174,20.));
#6407=CARTESIAN_POINT('',(-42.6936992607972,-15.0000002235174,20.));
#6408=CARTESIAN_POINT('',(-42.6936992607972,-15.0000002235174,20.));
#6409=CARTESIAN_POINT('Origin',(-43.6686992607972,-15.0000002235174,20.));
#6410=CARTESIAN_POINT('Origin',(8.75000013038516,-26.0000003874302,20.));
#6411=CARTESIAN_POINT('',(9.72500013038516,-26.0000003874302,-7.5));
#6412=CARTESIAN_POINT('Origin',(8.75000013038516,-26.0000003874302,-7.5));
#6413=CARTESIAN_POINT('',(9.72500013038516,-26.0000003874302,20.));
#6414=CARTESIAN_POINT('',(9.72500013038516,-26.0000003874302,20.));
#6415=CARTESIAN_POINT('Origin',(8.75000013038516,-26.0000003874302,20.));
#6416=CARTESIAN_POINT('Origin',(-31.2499998696148,24.0000003576279,20.));
#6417=CARTESIAN_POINT('',(-30.2749998696148,24.0000003576279,-7.5));
#6418=CARTESIAN_POINT('Origin',(-31.2499998696148,24.0000003576279,-7.5));
#6419=CARTESIAN_POINT('',(-30.2749998696148,24.0000003576279,20.));
#6420=CARTESIAN_POINT('',(-30.2749998696148,24.0000003576279,20.));
#6421=CARTESIAN_POINT('Origin',(-31.2499998696148,24.0000003576279,20.));
#6422=CARTESIAN_POINT('Origin',(8.75000013038516,-1.00000001490116,-7.5));
#6423=CARTESIAN_POINT('',(-45.5000006780028,-20.5000004172325,-7.5));
#6424=CARTESIAN_POINT('',(-38.0000006780028,-28.0000004172325,-7.5));
#6425=CARTESIAN_POINT('Origin',(-38.0000006780028,-20.5000004172325,-7.5));
#6426=CARTESIAN_POINT('',(-45.5000006780028,18.5000003874302,-7.5));
#6427=CARTESIAN_POINT('',(-45.5000006780028,18.5000003874302,-7.5));
#6428=CARTESIAN_POINT('',(-38.0000006780028,26.0000003874302,-7.5));
#6429=CARTESIAN_POINT('Origin',(-38.0000006780028,18.5000003874302,-7.5));
#6430=CARTESIAN_POINT('',(55.5000009387731,26.0000003874302,-7.5));
#6431=CARTESIAN_POINT('',(55.5000009387731,26.0000003874302,-7.5));
#6432=CARTESIAN_POINT('',(63.0000009387731,18.5000003874302,-7.5));
#6433=CARTESIAN_POINT('Origin',(55.5000009387731,18.5000003874302,-7.5));
#6434=CARTESIAN_POINT('',(63.0000009387731,-20.5000004172325,-7.5));
#6435=CARTESIAN_POINT('',(63.0000009387731,-20.5000004172325,-7.5));
#6436=CARTESIAN_POINT('',(55.5000009387731,-28.0000004172325,-7.5));
#6437=CARTESIAN_POINT('Origin',(55.5000009387731,-20.5000004172325,-7.5));
#6438=CARTESIAN_POINT('',(-38.0000006780028,-28.0000004172325,-7.5));
#6439=CARTESIAN_POINT('',(-42.0000006780028,18.5000003874302,-7.5));
#6440=CARTESIAN_POINT('',(-38.0000006780028,22.5000003874302,-7.5));
#6441=CARTESIAN_POINT('Origin',(-38.0000006780028,18.5000003874302,-7.5));
#6442=CARTESIAN_POINT('',(-42.0000006780028,-20.5000004172325,-7.5));
#6443=CARTESIAN_POINT('',(-42.0000006780028,18.5000003874302,-7.5));
#6444=CARTESIAN_POINT('Origin',(-38.0000006780028,-20.5000004172325,-7.5));
#6445=CARTESIAN_POINT('',(59.5000009387731,-20.5000004172325,-7.5));
#6446=CARTESIAN_POINT('Origin',(55.5000009387731,-20.5000004172325,-7.5));
#6447=CARTESIAN_POINT('',(59.5000009387731,18.5000003874302,-7.5));
#6448=CARTESIAN_POINT('',(59.5000009387731,-20.5000004172325,-7.5));
#6449=CARTESIAN_POINT('',(55.5000009387731,22.5000003874302,-7.5));
#6450=CARTESIAN_POINT('Origin',(55.5000009387731,18.5000003874302,-7.5));
#6451=CARTESIAN_POINT('',(55.5000009387731,22.5000003874302,-7.5));
#6452=CARTESIAN_POINT('Origin',(55.5000009387731,-20.5000004172325,-7.5));
#6453=CARTESIAN_POINT('',(55.5000009387731,-28.0000004172325,20.));
#6454=CARTESIAN_POINT('',(63.0000009387731,-20.5000004172325,20.));
#6455=CARTESIAN_POINT('Origin',(55.5000009387731,-20.5000004172325,20.));
#6456=CARTESIAN_POINT('',(55.5000009387731,-28.0000004172325,-7.5));
#6457=CARTESIAN_POINT('',(63.0000009387731,-20.5000004172325,-7.5));
#6458=CARTESIAN_POINT('Origin',(-38.0000006780028,18.5000003874302,-7.5));
#6459=CARTESIAN_POINT('',(-42.0000006780028,18.5000003874302,18.5));
#6460=CARTESIAN_POINT('',(-38.0000006780028,22.5000003874302,18.5));
#6461=CARTESIAN_POINT('Origin',(-38.0000006780028,18.5000003874302,18.5));
#6462=CARTESIAN_POINT('',(-42.0000006780028,18.5000003874302,-7.5));
#6463=CARTESIAN_POINT('',(-38.0000006780028,22.5000003874302,-7.5));
#6464=CARTESIAN_POINT('Origin',(-38.0000006780028,22.5000003874302,-7.5));
#6465=CARTESIAN_POINT('',(55.5000009387731,22.5000003874302,18.5));
#6466=CARTESIAN_POINT('',(-14.6250002738088,22.5000003874302,18.5));
#6467=CARTESIAN_POINT('',(55.5000009387731,22.5000003874302,-7.5));
#6468=CARTESIAN_POINT('Origin',(-38.0000006780028,-20.5000004172325,-7.5));
#6469=CARTESIAN_POINT('',(-42.0000006780028,-20.5000004172325,18.5));
#6470=CARTESIAN_POINT('Origin',(-38.0000006780028,-20.5000004172325,18.5));
#6471=CARTESIAN_POINT('',(-42.0000006780028,-20.5000004172325,-7.5));
#6472=CARTESIAN_POINT('Origin',(-42.0000006780028,-20.5000004172325,-7.5));
#6473=CARTESIAN_POINT('',(-42.0000006780028,-10.7500002160668,18.5));
#6474=CARTESIAN_POINT('Origin',(63.0000009387731,-20.5000004172325,-7.5));
#6475=CARTESIAN_POINT('',(63.0000009387731,18.5000003874302,20.));
#6476=CARTESIAN_POINT('',(63.0000009387731,-10.7500002160668,20.));
#6477=CARTESIAN_POINT('',(63.0000009387731,18.5000003874302,-7.5));
#6478=CARTESIAN_POINT('Origin',(55.5000009387731,18.5000003874302,-7.5));
#6479=CARTESIAN_POINT('',(55.5000009387731,26.0000003874302,20.));
#6480=CARTESIAN_POINT('Origin',(55.5000009387731,18.5000003874302,20.));
#6481=CARTESIAN_POINT('',(55.5000009387731,26.0000003874302,-7.5));
#6482=CARTESIAN_POINT('Origin',(55.5000009387731,26.0000003874302,-7.5));
#6483=CARTESIAN_POINT('',(-38.0000006780028,26.0000003874302,20.));
#6484=CARTESIAN_POINT('',(32.1250005345792,26.0000003874302,20.));
#6485=CARTESIAN_POINT('',(-38.0000006780028,26.0000003874302,-7.5));
#6486=CARTESIAN_POINT('Origin',(55.5000009387731,18.5000003874302,-7.5));
#6487=CARTESIAN_POINT('',(59.5000009387731,18.5000003874302,18.5));
#6488=CARTESIAN_POINT('Origin',(55.5000009387731,18.5000003874302,18.5));
#6489=CARTESIAN_POINT('',(59.5000009387731,18.5000003874302,-7.5));
#6490=CARTESIAN_POINT('Origin',(59.5000009387731,18.5000003874302,-7.5));
#6491=CARTESIAN_POINT('',(59.5000009387731,-20.5000004172325,18.5));
#6492=CARTESIAN_POINT('',(59.5000009387731,8.75000018626451,18.5));
#6493=CARTESIAN_POINT('',(59.5000009387731,-20.5000004172325,-7.5));
#6494=CARTESIAN_POINT('Origin',(55.5000009387731,-20.5000004172325,-7.5));
#6495=CARTESIAN_POINT('Origin',(55.5000009387731,-20.5000004172325,18.5));
#6496=CARTESIAN_POINT('Origin',(-35.0000006780028,-10.7500002160668,18.5));
#6497=CARTESIAN_POINT('',(-41.8373978435915,-20.4303134881991,20.));
#6498=CARTESIAN_POINT('',(-41.8373978435915,18.4303134583968,20.));
#6499=CARTESIAN_POINT('',(-41.8373978435915,-10.7500002160668,20.));
#6500=CARTESIAN_POINT('Origin',(-35.0000006780028,-17.5000004172325,18.5));
#6501=CARTESIAN_POINT('Origin',(-35.0000006780028,15.5000003874302,18.5));
#6502=CARTESIAN_POINT('Origin',(-14.6250002738088,15.5000003874302,18.5));
#6503=CARTESIAN_POINT('',(-37.9303137489694,22.3373975530189,20.));
#6504=CARTESIAN_POINT('',(55.4303140097397,22.3373975530189,20.));
#6505=CARTESIAN_POINT('',(-14.6250002738088,22.3373975530189,20.));
#6506=CARTESIAN_POINT('Origin',(-35.0000006780028,15.5000003874302,18.5));
#6507=CARTESIAN_POINT('Origin',(52.5000009387731,15.5000003874302,18.5));
#6508=CARTESIAN_POINT('Ctrl Pts',(-37.9303137489694,22.3373975530189,20.));
#6509=CARTESIAN_POINT('Ctrl Pts',(-37.9765909986876,22.4453778023613,19.5077974328041));
#6510=CARTESIAN_POINT('Ctrl Pts',(-38.0000006780028,22.5000003874302,19.0039078302649));
#6511=CARTESIAN_POINT('Ctrl Pts',(-38.0000006780028,22.5000003874302,18.5));
#6512=CARTESIAN_POINT('Ctrl Pts',(-39.0663240778607,22.2852338134269,20.2377761368217));
#6513=CARTESIAN_POINT('Ctrl Pts',(-39.1518991369692,22.4267055290115,19.6787022330698));
#6514=CARTESIAN_POINT('Ctrl Pts',(-39.1967978793704,22.5000003874302,19.0912511547289));
#6515=CARTESIAN_POINT('Ctrl Pts',(-39.1967978793704,22.5000003874302,18.5));
#6516=CARTESIAN_POINT('Ctrl Pts',(-41.0356593018715,21.2737726540272,20.4479162035927));
#6517=CARTESIAN_POINT('Ctrl Pts',(-41.1864882116098,21.4172712907223,19.8326229495906));
#6518=CARTESIAN_POINT('Ctrl Pts',(-41.2690341999018,21.4959071733525,19.1666955388017));
#6519=CARTESIAN_POINT('Ctrl Pts',(-41.2690341999018,21.4959071733525,18.5));
#6520=CARTESIAN_POINT('Ctrl Pts',(-41.7982750388976,19.2823212050652,20.1783321026162));
#6521=CARTESIAN_POINT('Ctrl Pts',(-41.9308198476199,19.3574671383481,19.6365296322135));
#6522=CARTESIAN_POINT('Ctrl Pts',(-42.0000006780028,19.3975982884558,19.068508208746));
#6523=CARTESIAN_POINT('Ctrl Pts',(-42.0000006780028,19.3975982884558,18.5));
#6524=CARTESIAN_POINT('Ctrl Pts',(-41.8373978435915,18.4303134583968,20.));
#6525=CARTESIAN_POINT('Ctrl Pts',(-41.945378092934,18.476590708115,19.5077974328041));
#6526=CARTESIAN_POINT('Ctrl Pts',(-42.0000006780028,18.5000003874302,19.0039078302649));
#6527=CARTESIAN_POINT('Ctrl Pts',(-42.0000006780028,18.5000003874302,18.5));
#6528=CARTESIAN_POINT('Ctrl Pts',(-41.8373978435915,18.4303134583968,20.));
#6529=CARTESIAN_POINT('Ctrl Pts',(-41.8373978435915,18.9464444815199,20.));
#6530=CARTESIAN_POINT('Ctrl Pts',(-41.7370992542101,19.4566753459717,19.9999999999334));
#6531=CARTESIAN_POINT('Ctrl Pts',(-41.3471980458033,20.3999527636477,19.9999999999334));
#6532=CARTESIAN_POINT('Ctrl Pts',(-41.0656685226121,20.8243455030847,20.));
#6533=CARTESIAN_POINT('Ctrl Pts',(-40.3524919148846,21.5446743258807,20.));
#6534=CARTESIAN_POINT('Ctrl Pts',(-39.9271216853069,21.8320627399481,20.));
#6535=CARTESIAN_POINT('Ctrl Pts',(-38.9745503658341,22.233533183957,20.));
#6536=CARTESIAN_POINT('Ctrl Pts',(-38.4555392997039,22.3373975530189,20.));
#6537=CARTESIAN_POINT('Ctrl Pts',(-37.9303137489694,22.3373975530189,20.));
#6538=CARTESIAN_POINT('Ctrl Pts',(-41.8373978435915,-20.4303134881991,20.));
#6539=CARTESIAN_POINT('Ctrl Pts',(-41.945378092934,-20.4765907379173,19.5077974328041));
#6540=CARTESIAN_POINT('Ctrl Pts',(-42.0000006780028,-20.5000004172325,19.0039078302649));
#6541=CARTESIAN_POINT('Ctrl Pts',(-42.0000006780028,-20.5000004172325,18.5));
#6542=CARTESIAN_POINT('Ctrl Pts',(-41.7852341039996,-21.5663238170904,20.2377761368217));
#6543=CARTESIAN_POINT('Ctrl Pts',(-41.9267058195842,-21.6518988761989,19.6787022330698));
#6544=CARTESIAN_POINT('Ctrl Pts',(-42.0000006780028,-21.6967976186,19.0912511547289));
#6545=CARTESIAN_POINT('Ctrl Pts',(-42.0000006780028,-21.6967976186,18.5));
#6546=CARTESIAN_POINT('Ctrl Pts',(-40.773757077642,-23.5356471372044,20.4479101111746));
#6547=CARTESIAN_POINT('Ctrl Pts',(-40.9172557143371,-23.6864760469427,19.8326168571726));
#6548=CARTESIAN_POINT('Ctrl Pts',(-40.9958888840946,-23.7690199482887,19.1666955388017));
#6549=CARTESIAN_POINT('Ctrl Pts',(-40.9958888840946,-23.7690199482887,18.5));
#6550=CARTESIAN_POINT('Ctrl Pts',(-38.7823214956379,-24.2982747781272,20.1783321026162));
#6551=CARTESIAN_POINT('Ctrl Pts',(-38.8574674289207,-24.4308195868496,19.6365296322135));
#6552=CARTESIAN_POINT('Ctrl Pts',(-38.8975985790285,-24.5000004172325,19.068508208746));
#6553=CARTESIAN_POINT('Ctrl Pts',(-38.8975985790285,-24.5000004172325,18.5));
#6554=CARTESIAN_POINT('Ctrl Pts',(-37.9303137489694,-24.3373975828212,20.));
#6555=CARTESIAN_POINT('Ctrl Pts',(-37.9765909986876,-24.4453778321637,19.5077974328041));
#6556=CARTESIAN_POINT('Ctrl Pts',(-38.0000006780028,-24.5000004172325,19.0039078302649));
#6557=CARTESIAN_POINT('Ctrl Pts',(-38.0000006780028,-24.5000004172325,18.5));
#6558=CARTESIAN_POINT('',(-37.9303137489694,-24.3373975828212,20.));
#6559=CARTESIAN_POINT('Ctrl Pts',(-37.9303137489694,-24.3373975828212,20.));
#6560=CARTESIAN_POINT('Ctrl Pts',(-38.4464447720925,-24.3373975828212,20.));
#6561=CARTESIAN_POINT('Ctrl Pts',(-38.9566756365443,-24.2370989934398,19.9999999999335));
#6562=CARTESIAN_POINT('Ctrl Pts',(-39.8999530542203,-23.847197785033,19.9999999999335));
#6563=CARTESIAN_POINT('Ctrl Pts',(-40.3243457936573,-23.5656682618417,20.));
#6564=CARTESIAN_POINT('Ctrl Pts',(-41.0446746164533,-22.8524916541142,20.));
#6565=CARTESIAN_POINT('Ctrl Pts',(-41.3320630305208,-22.4271214245366,20.));
#6566=CARTESIAN_POINT('Ctrl Pts',(-41.7335334745297,-21.4745501050638,20.));
#6567=CARTESIAN_POINT('Ctrl Pts',(-41.8373978435915,-20.9555390389335,20.));
#6568=CARTESIAN_POINT('Ctrl Pts',(-41.8373978435915,-20.4303134881991,20.));
#6569=CARTESIAN_POINT('Origin',(-35.0000006780028,-17.5000004172325,18.5));
#6570=CARTESIAN_POINT('Origin',(-38.0000006780028,18.5000003874302,-7.5));
#6571=CARTESIAN_POINT('',(-45.5000006780028,18.5000003874302,20.));
#6572=CARTESIAN_POINT('Origin',(-38.0000006780028,18.5000003874302,20.));
#6573=CARTESIAN_POINT('',(-45.5000006780028,18.5000003874302,-7.5));
#6574=CARTESIAN_POINT('Origin',(-45.5000006780028,18.5000003874302,-7.5));
#6575=CARTESIAN_POINT('',(-45.5000006780028,-20.5000004172325,20.));
#6576=CARTESIAN_POINT('',(-45.5000006780028,8.75000018626452,20.));
#6577=CARTESIAN_POINT('',(-45.5000006780028,-20.5000004172325,-7.5));
#6578=CARTESIAN_POINT('Origin',(-38.0000006780028,-20.5000004172325,-7.5));
#6579=CARTESIAN_POINT('',(-38.0000006780028,-28.0000004172325,20.));
#6580=CARTESIAN_POINT('Origin',(-38.0000006780028,-20.5000004172325,20.));
#6581=CARTESIAN_POINT('',(-38.0000006780028,-28.0000004172325,-7.5));
#6582=CARTESIAN_POINT('Origin',(-38.0000006780028,-28.0000004172325,-7.5));
#6583=CARTESIAN_POINT('',(-14.6250002738088,-28.0000004172325,20.));
#6584=CARTESIAN_POINT('Ctrl Pts',(59.3373981043618,18.4303134583968,20.));
#6585=CARTESIAN_POINT('Ctrl Pts',(59.4453783537043,18.476590708115,19.5077974328041));
#6586=CARTESIAN_POINT('Ctrl Pts',(59.5000009387731,18.5000003874302,19.0039078302649));
#6587=CARTESIAN_POINT('Ctrl Pts',(59.5000009387731,18.5000003874302,18.5));
#6588=CARTESIAN_POINT('Ctrl Pts',(59.2852343647699,19.5663237872881,20.2377761368217));
#6589=CARTESIAN_POINT('Ctrl Pts',(59.4267060803545,19.6518988463965,19.6787022330698));
#6590=CARTESIAN_POINT('Ctrl Pts',(59.5000009387731,19.6967975887977,19.0912511547289));
#6591=CARTESIAN_POINT('Ctrl Pts',(59.5000009387731,19.6967975887977,18.5));
#6592=CARTESIAN_POINT('Ctrl Pts',(58.2736531741895,21.5355689600869,20.4478701153545));
#6593=CARTESIAN_POINT('Ctrl Pts',(58.4171518108846,21.6863978698252,19.8325768613525));
#6594=CARTESIAN_POINT('Ctrl Pts',(58.4957671710362,21.7689280706807,19.1666955388017));
#6595=CARTESIAN_POINT('Ctrl Pts',(58.4957671710362,21.7689280706807,18.5));
#6596=CARTESIAN_POINT('Ctrl Pts',(56.2823217564082,22.2982747483249,20.1783321026162));
#6597=CARTESIAN_POINT('Ctrl Pts',(56.357467689691,22.4308195570473,19.6365296322135));
#6598=CARTESIAN_POINT('Ctrl Pts',(56.3975988397988,22.5000003874302,19.068508208746));
#6599=CARTESIAN_POINT('Ctrl Pts',(56.3975988397988,22.5000003874302,18.5));
#6600=CARTESIAN_POINT('Ctrl Pts',(55.4303140097397,22.3373975530189,20.));
#6601=CARTESIAN_POINT('Ctrl Pts',(55.4765912594579,22.4453778023613,19.5077974328041));
#6602=CARTESIAN_POINT('Ctrl Pts',(55.5000009387731,22.5000003874302,19.0039078302649));
#6603=CARTESIAN_POINT('Ctrl Pts',(55.5000009387731,22.5000003874302,18.5));
#6604=CARTESIAN_POINT('',(59.3373981043618,18.4303134583968,20.));
#6605=CARTESIAN_POINT('Ctrl Pts',(55.4303140097397,22.3373975530189,20.));
#6606=CARTESIAN_POINT('Ctrl Pts',(55.9464450328628,22.3373975530189,20.));
#6607=CARTESIAN_POINT('Ctrl Pts',(56.4566758973146,22.2370989636375,19.9999999999335));
#6608=CARTESIAN_POINT('Ctrl Pts',(57.3999533149906,21.8471977552306,19.9999999999335));
#6609=CARTESIAN_POINT('Ctrl Pts',(57.8243460544277,21.5656682320394,20.));
#6610=CARTESIAN_POINT('Ctrl Pts',(58.5446748772236,20.8524916243119,20.));
#6611=CARTESIAN_POINT('Ctrl Pts',(58.8320632912911,20.4271213947343,20.));
#6612=CARTESIAN_POINT('Ctrl Pts',(59.2335337353,19.4745500752614,20.));
#6613=CARTESIAN_POINT('Ctrl Pts',(59.3373981043618,18.9555390091312,20.));
#6614=CARTESIAN_POINT('Ctrl Pts',(59.3373981043618,18.4303134583968,20.));
#6615=CARTESIAN_POINT('Origin',(52.5000009387731,15.5000003874302,18.5));
#6616=CARTESIAN_POINT('Origin',(52.5000009387731,8.75000018626451,18.5));
#6617=CARTESIAN_POINT('',(59.3373981043618,-20.4303134881991,20.));
#6618=CARTESIAN_POINT('',(59.3373981043618,8.75000018626451,20.));
#6619=CARTESIAN_POINT('Origin',(52.5000009387731,-17.5000004172325,18.5));
#6620=CARTESIAN_POINT('Ctrl Pts',(55.4303140097397,-24.3373975828212,20.));
#6621=CARTESIAN_POINT('Ctrl Pts',(55.4765912594579,-24.4453778321637,19.5077974328041));
#6622=CARTESIAN_POINT('Ctrl Pts',(55.5000009387731,-24.5000004172325,19.0039078302649));
#6623=CARTESIAN_POINT('Ctrl Pts',(55.5000009387731,-24.5000004172325,18.5));
#6624=CARTESIAN_POINT('Ctrl Pts',(56.566324338631,-24.2852338432292,20.2377761368217));
#6625=CARTESIAN_POINT('Ctrl Pts',(56.6518993977395,-24.4267055588138,19.6787022330698));
#6626=CARTESIAN_POINT('Ctrl Pts',(56.6967981401407,-24.5000004172325,19.0912511547289));
#6627=CARTESIAN_POINT('Ctrl Pts',(56.6967981401407,-24.5000004172325,18.5));
#6628=CARTESIAN_POINT('Ctrl Pts',(58.5355609434155,-23.2736412321599,20.4478657302421));
#6629=CARTESIAN_POINT('Ctrl Pts',(58.6863898531539,-23.417139868855,19.8325724762401));
#6630=CARTESIAN_POINT('Ctrl Pts',(58.7689185518976,-23.4957532763745,19.1666955388017));
#6631=CARTESIAN_POINT('Ctrl Pts',(58.7689185518976,-23.4957532763745,18.5));
#6632=CARTESIAN_POINT('Ctrl Pts',(59.2982752996679,-21.2823212348676,20.1783321026162));
#6633=CARTESIAN_POINT('Ctrl Pts',(59.4308201083902,-21.3574671681504,19.6365296322135));
#6634=CARTESIAN_POINT('Ctrl Pts',(59.5000009387732,-21.3975983182582,19.068508208746));
#6635=CARTESIAN_POINT('Ctrl Pts',(59.5000009387732,-21.3975983182582,18.5));
#6636=CARTESIAN_POINT('Ctrl Pts',(59.3373981043618,-20.4303134881991,20.));
#6637=CARTESIAN_POINT('Ctrl Pts',(59.4453783537043,-20.4765907379173,19.5077974328041));
#6638=CARTESIAN_POINT('Ctrl Pts',(59.5000009387732,-20.5000004172325,19.0039078302649));
#6639=CARTESIAN_POINT('Ctrl Pts',(59.5000009387732,-20.5000004172325,18.5));
#6640=CARTESIAN_POINT('',(55.4303140097397,-24.3373975828212,20.));
#6641=CARTESIAN_POINT('Ctrl Pts',(59.3373981043618,-20.4303134881991,20.));
#6642=CARTESIAN_POINT('Ctrl Pts',(59.3373981043618,-20.9464445113222,20.));
#6643=CARTESIAN_POINT('Ctrl Pts',(59.2370995149804,-21.456675375774,19.9999999999335));
#6644=CARTESIAN_POINT('Ctrl Pts',(58.8471983065736,-22.39995279345,19.9999999999335));
#6645=CARTESIAN_POINT('Ctrl Pts',(58.5656687833824,-22.824345532887,20.));
#6646=CARTESIAN_POINT('Ctrl Pts',(57.8524921756549,-23.544674355683,20.));
#6647=CARTESIAN_POINT('Ctrl Pts',(57.4271219460773,-23.8320627697504,20.));
#6648=CARTESIAN_POINT('Ctrl Pts',(56.4745506266044,-24.2335332137593,20.));
#6649=CARTESIAN_POINT('Ctrl Pts',(55.9555395604742,-24.3373975828212,20.));
#6650=CARTESIAN_POINT('Ctrl Pts',(55.4303140097397,-24.3373975828212,20.));
#6651=CARTESIAN_POINT('Origin',(52.5000009387731,-17.5000004172325,18.5));
#6652=CARTESIAN_POINT('Origin',(32.1250005345791,-17.5000004172325,18.5));
#6653=CARTESIAN_POINT('',(32.1250005345791,-24.3373975828212,20.));
#6654=CARTESIAN_POINT('Origin',(8.75000013038516,-1.00000001490116,20.));
#6655=CARTESIAN_POINT('Origin',(49.9188127141666,2.05672734128657,23.3343001888814));
#6656=CARTESIAN_POINT('',(51.3438127141666,2.05672734128657,25.5));
#6657=CARTESIAN_POINT('Origin',(49.9188127141666,2.05672734128657,25.5));
#6658=CARTESIAN_POINT('',(51.3438127141666,2.05672734128657,23.3343001888814));
#6659=CARTESIAN_POINT('',(51.3438127141666,2.05672734128657,23.3343001888814));
#6660=CARTESIAN_POINT('Origin',(49.9188127141666,2.05672734128657,23.3343001888814));
#6661=CARTESIAN_POINT('Origin',(49.9188127141666,2.05672734128657,23.3343001888814));
#6662=CARTESIAN_POINT('',(52.2188127141666,2.05672734128657,25.5));
#6663=CARTESIAN_POINT('Origin',(49.9188127141666,2.05672734128657,25.5));
#6664=CARTESIAN_POINT('',(52.2188127141666,2.05672734128657,23.3343001888814));
#6665=CARTESIAN_POINT('',(52.2188127141666,2.05672734128657,23.3343001888814));
#6666=CARTESIAN_POINT('Origin',(49.9188127141666,2.05672734128657,23.3343001888814));
#6667=CARTESIAN_POINT('Origin',(49.9188127141666,2.05672734128657,23.3343001888814));
#6668=CARTESIAN_POINT('Origin',(8.75000013038515,-1.00000001490116,25.5));
#6669=CARTESIAN_POINT('',(52.5000009387731,-17.5000004172325,25.5));
#6670=CARTESIAN_POINT('',(52.5000009387731,15.5000003874302,25.5));
#6671=CARTESIAN_POINT('',(52.5000009387731,8.75000018626451,25.5));
#6672=CARTESIAN_POINT('',(-35.0000006780028,-17.5000004172325,25.5));
#6673=CARTESIAN_POINT('',(32.1250005345791,-17.5000004172325,25.5));
#6674=CARTESIAN_POINT('',(-35.0000006780028,15.5000003874302,25.5));
#6675=CARTESIAN_POINT('',(-35.0000006780028,-10.7500002160668,25.5));
#6676=CARTESIAN_POINT('',(-14.6250002738088,15.5000003874302,25.5));
#6677=CARTESIAN_POINT('',(36.5188127141668,2.05672734128655,25.5));
#6678=CARTESIAN_POINT('Origin',(34.2188127141668,2.05672734128655,25.5));
#6679=CARTESIAN_POINT('',(11.2686588228437,4.78640019184203,25.5));
#6680=CARTESIAN_POINT('',(-26.1604640654195,4.78640019184203,25.5));
#6681=CARTESIAN_POINT('',(-8.70523196751718,4.78640019184203,25.5));
#6682=CARTESIAN_POINT('',(-26.1604640654195,3.44831834082169,25.5));
#6683=CARTESIAN_POINT('',(-26.1604640654195,1.22415916296027,25.5));
#6684=CARTESIAN_POINT('',(11.6000001937151,3.44831834082169,25.5));
#6685=CARTESIAN_POINT('',(10.1750001620501,3.44831834082169,25.5));
#6686=CARTESIAN_POINT('',(11.6000001937151,-2.00000002980232,25.5));
#6687=CARTESIAN_POINT('',(11.6000001937151,-1.50000002235174,25.5));
#6688=CARTESIAN_POINT('',(14.4000001937151,-2.00000002980232,25.5));
#6689=CARTESIAN_POINT('Origin',(13.0000001937151,-2.00000002980232,25.5));
#6690=CARTESIAN_POINT('',(14.4000001937151,3.60809769193,25.5));
#6691=CARTESIAN_POINT('',(14.4000001937151,1.30404883851442,25.5));
#6692=CARTESIAN_POINT('',(12.8121111996912,4.99543244818917,25.5));
#6693=CARTESIAN_POINT('Origin',(13.0000001937151,3.60809769193,25.5));
#6694=CARTESIAN_POINT('',(9.64723834514049,4.5668085892595,25.5));
#6695=CARTESIAN_POINT('',(-18.8351643284779,-7.17833804290605,25.5));
#6696=CARTESIAN_POINT('Origin',(-22.8624133678567,-7.17833804290605,25.5));
#6697=CARTESIAN_POINT('Origin',(34.2188127141668,2.05672734128655,23.3343001888814));
#6698=CARTESIAN_POINT('',(35.6438127141668,2.05672734128655,25.5));
#6699=CARTESIAN_POINT('Origin',(34.2188127141668,2.05672734128655,25.5));
#6700=CARTESIAN_POINT('',(35.6438127141668,2.05672734128655,23.3343001888814));
#6701=CARTESIAN_POINT('',(35.6438127141668,2.05672734128655,23.3343001888814));
#6702=CARTESIAN_POINT('Origin',(34.2188127141668,2.05672734128655,23.3343001888814));
#6703=CARTESIAN_POINT('Origin',(34.2188127141668,2.05672734128655,23.3343001888814));
#6704=CARTESIAN_POINT('',(36.5188127141668,2.05672734128655,23.3343001888814));
#6705=CARTESIAN_POINT('',(36.5188127141668,2.05672734128655,23.3343001888814));
#6706=CARTESIAN_POINT('Origin',(34.2188127141668,2.05672734128655,23.3343001888814));
#6707=CARTESIAN_POINT('Origin',(34.2188127141668,2.05672734128655,23.3343001888814));
#6708=CARTESIAN_POINT('Origin',(8.75000013038515,-1.00000001490116,25.5));
#6709=CARTESIAN_POINT('Origin',(13.0000001937151,3.60809769193,18.));
#6710=CARTESIAN_POINT('',(12.0250001937151,3.60809769193,18.));
#6711=CARTESIAN_POINT('Origin',(13.0000001937151,3.60809769193,18.));
#6712=CARTESIAN_POINT('',(12.0250001937151,3.60809769193,23.));
#6713=CARTESIAN_POINT('',(12.0250001937151,3.60809769193,18.));
#6714=CARTESIAN_POINT('Origin',(13.0000001937151,3.60809769193,23.));
#6715=CARTESIAN_POINT('Origin',(13.0000001937151,3.60809769193,23.));
#6716=CARTESIAN_POINT('Origin',(13.0000001937151,-2.00000002980232,18.));
#6717=CARTESIAN_POINT('',(12.0250001937151,-2.00000002980232,18.));
#6718=CARTESIAN_POINT('Origin',(13.0000001937151,-2.00000002980232,18.));
#6719=CARTESIAN_POINT('',(12.0250001937151,-2.00000002980232,23.));
#6720=CARTESIAN_POINT('',(12.0250001937151,-2.00000002980232,18.));
#6721=CARTESIAN_POINT('Origin',(13.0000001937151,-2.00000002980232,23.));
#6722=CARTESIAN_POINT('Origin',(13.0000001937151,-2.00000002980232,23.));
#6723=CARTESIAN_POINT('Origin',(-11.9248519750906,-16.9119262135803,20.5));
#6724=CARTESIAN_POINT('',(-3.53723717355024,-17.5999996066093,20.5));
#6725=CARTESIAN_POINT('',(-20.3083203715018,-17.5999996066093,20.5));
#6726=CARTESIAN_POINT('',(-19.3124256891496,-17.5999996066093,20.5));
#6727=CARTESIAN_POINT('',(-4.00000005960464,-15.2861851763373,20.5));
#6728=CARTESIAN_POINT('',(-4.00000005960464,-15.2861851763373,20.5));
#6729=CARTESIAN_POINT('',(-19.8155298520455,-15.2861851763373,20.5));
#6730=CARTESIAN_POINT('',(-19.8155298520455,-15.2861851763373,20.5));
#6731=CARTESIAN_POINT('',(-20.5000003054738,-18.5000002756715,20.5));
#6732=CARTESIAN_POINT('Origin',(-3.34970364470747,-18.5376672508232,19.5));
#6733=CARTESIAN_POINT('',(-3.53723717355024,-17.5999996066093,19.5));
#6734=CARTESIAN_POINT('',(-3.53723717355024,-17.5999996066093,22.5));
#6735=CARTESIAN_POINT('',(-4.00000005960464,-15.2861851763373,19.5));
#6736=CARTESIAN_POINT('',(-4.00000005960464,-15.2861851763373,19.5));
#6737=CARTESIAN_POINT('',(-4.00000005960464,-15.2861851763373,19.5));
#6738=CARTESIAN_POINT('Origin',(-19.8155298520455,-15.2861851763373,19.5));
#6739=CARTESIAN_POINT('',(-20.3083203715018,-17.5999996066093,19.5));
#6740=CARTESIAN_POINT('',(-20.3083203715018,-17.5999996066093,22.5));
#6741=CARTESIAN_POINT('',(-19.8155298520455,-15.2861851763373,19.5));
#6742=CARTESIAN_POINT('',(-19.8155298520455,-15.2861851763373,19.5));
#6743=CARTESIAN_POINT('',(-20.5000003054738,-18.5000002756715,19.5));
#6744=CARTESIAN_POINT('Origin',(-4.00000005960464,-15.2861851763373,19.5));
#6745=CARTESIAN_POINT('',(-19.8155298520455,-15.2861851763373,19.5));
#6746=CARTESIAN_POINT('Origin',(-11.9248519750906,-16.9119262135803,19.5));
#6747=CARTESIAN_POINT('',(-19.3124256891496,-17.5999996066093,19.5));
#6748=CARTESIAN_POINT('Origin',(-5.00000007450581,2.5000000372529,20.5));
#6749=CARTESIAN_POINT('',(-12.9896638514486,3.44831834082169,20.5));
#6750=CARTESIAN_POINT('',(3.00000004470348,3.44831834082169,20.5));
#6751=CARTESIAN_POINT('',(3.30000005960464,3.44831834082169,20.5));
#6752=CARTESIAN_POINT('',(-12.5000001862645,1.00000001490116,20.5));
#6753=CARTESIAN_POINT('',(-13.0000001937151,3.50000005215406,20.5));
#6754=CARTESIAN_POINT('',(-5.00000007450581,1.50000002235174,20.5));
#6755=CARTESIAN_POINT('',(-12.5000001862645,1.00000001490116,20.5));
#6756=CARTESIAN_POINT('',(3.00000004470348,1.50000002235174,20.5));
#6757=CARTESIAN_POINT('',(-5.00000007450581,1.50000002235174,20.5));
#6758=CARTESIAN_POINT('',(3.00000004470348,1.50000002235174,20.5));
#6759=CARTESIAN_POINT('Origin',(-13.0000001937151,3.50000005215406,19.5));
#6760=CARTESIAN_POINT('',(-12.9896638514486,3.44831834082169,19.5));
#6761=CARTESIAN_POINT('',(-12.9896638514486,3.44831834082169,22.5));
#6762=CARTESIAN_POINT('',(-12.5000001862645,1.00000001490116,19.5));
#6763=CARTESIAN_POINT('',(-13.0000001937151,3.50000005215406,19.5));
#6764=CARTESIAN_POINT('',(-12.5000001862645,1.00000001490116,19.5));
#6765=CARTESIAN_POINT('Origin',(3.00000004470348,1.50000002235174,19.5));
#6766=CARTESIAN_POINT('',(3.00000004470348,3.44831834082169,19.5));
#6767=CARTESIAN_POINT('',(3.00000004470348,3.44831834082169,22.5));
#6768=CARTESIAN_POINT('',(3.00000004470348,1.50000002235174,19.5));
#6769=CARTESIAN_POINT('',(3.00000004470348,1.50000002235174,19.5));
#6770=CARTESIAN_POINT('',(3.00000004470348,1.50000002235174,19.5));
#6771=CARTESIAN_POINT('Origin',(-5.00000007450581,1.50000002235174,19.5));
#6772=CARTESIAN_POINT('',(-5.00000007450581,1.50000002235174,19.5));
#6773=CARTESIAN_POINT('',(-5.00000007450581,1.50000002235174,19.5));
#6774=CARTESIAN_POINT('',(-5.00000007450581,1.50000002235174,19.5));
#6775=CARTESIAN_POINT('Origin',(-12.5000001862645,1.00000001490116,19.5));
#6776=CARTESIAN_POINT('',(-12.5000001862645,1.00000001490116,19.5));
#6777=CARTESIAN_POINT('Origin',(-5.00000007450581,2.5000000372529,19.5));
#6778=CARTESIAN_POINT('',(3.30000005960464,3.44831834082169,19.5));
#6779=CARTESIAN_POINT('Origin',(-26.1604640654195,4.78640019184203,25.5));
#6780=CARTESIAN_POINT('',(11.2686588228437,4.78640019184203,18.));
#6781=CARTESIAN_POINT('',(11.2686588228437,4.78640019184203,25.5));
#6782=CARTESIAN_POINT('',(-26.1604640654195,4.78640019184203,18.));
#6783=CARTESIAN_POINT('',(11.2686588228437,4.78640019184203,18.));
#6784=CARTESIAN_POINT('',(-26.1604640654195,4.78640019184203,25.5));
#6785=CARTESIAN_POINT('Origin',(-26.1604640654195,3.44831834082169,25.5));
#6786=CARTESIAN_POINT('',(-26.1604640654195,3.44831834082169,18.));
#6787=CARTESIAN_POINT('',(-26.1604640654195,4.78640019184203,18.));
#6788=CARTESIAN_POINT('',(-26.1604640654195,3.44831834082169,25.5));
#6789=CARTESIAN_POINT('Origin',(11.6000001937151,3.44831834082169,25.5));
#6790=CARTESIAN_POINT('',(11.6000001937151,3.44831834082169,18.));
#6791=CARTESIAN_POINT('',(11.2686588228437,3.44831834082169,18.));
#6792=CARTESIAN_POINT('',(11.6000001937151,3.44831834082169,25.5));
#6793=CARTESIAN_POINT('Origin',(11.6000001937151,3.60809769193,25.5));
#6794=CARTESIAN_POINT('',(11.6000001937151,3.60809769193,25.5));
#6795=CARTESIAN_POINT('',(11.6000001937151,1.30404883851442,25.5));
#6796=CARTESIAN_POINT('',(11.6000001937151,3.60809769193,18.));
#6797=CARTESIAN_POINT('',(11.6000001937151,3.60809769193,18.));
#6798=CARTESIAN_POINT('',(11.6000001937151,3.60809769193,25.5));
#6799=CARTESIAN_POINT('Origin',(13.0000001937151,3.60809769193,25.5));
#6800=CARTESIAN_POINT('',(11.6091477360621,3.44831834082169,25.5));
#6801=CARTESIAN_POINT('Origin',(13.0000001937151,3.60809769193,25.5));
#6802=CARTESIAN_POINT('',(11.6091477360621,3.44831834082169,18.));
#6803=CARTESIAN_POINT('Origin',(13.0000001937151,3.60809769193,18.));
#6804=CARTESIAN_POINT('',(11.6091477360621,3.44831834082169,25.5));
#6805=CARTESIAN_POINT('Origin',(11.6000001937151,3.44831834082169,25.5));
#6806=CARTESIAN_POINT('',(10.1750001620501,3.44831834082169,25.5));
#6807=CARTESIAN_POINT('',(11.2686588228437,3.44831834082169,18.));
#6808=CARTESIAN_POINT('',(11.6000001937151,3.44831834082169,25.5));
#6809=CARTESIAN_POINT('Origin',(11.6000001937151,-2.00000002980232,25.5));
#6810=CARTESIAN_POINT('',(11.6000001937151,-2.00000002980232,18.));
#6811=CARTESIAN_POINT('',(11.6000001937151,3.60809769193,18.));
#6812=CARTESIAN_POINT('',(11.6000001937151,-2.00000002980232,25.5));
#6813=CARTESIAN_POINT('Origin',(13.0000001937151,-2.00000002980232,25.5));
#6814=CARTESIAN_POINT('',(14.4000001937151,-2.00000002980232,18.));
#6815=CARTESIAN_POINT('Origin',(13.0000001937151,-2.00000002980232,18.));
#6816=CARTESIAN_POINT('',(14.4000001937151,-2.00000002980232,25.5));
#6817=CARTESIAN_POINT('Origin',(14.4000001937151,3.60809769193,25.5));
#6818=CARTESIAN_POINT('',(14.4000001937151,3.60809769193,18.));
#6819=CARTESIAN_POINT('',(14.4000001937151,3.60809769193,18.));
#6820=CARTESIAN_POINT('',(14.4000001937151,3.60809769193,25.5));
#6821=CARTESIAN_POINT('Origin',(13.0000001937151,3.60809769193,25.5));
#6822=CARTESIAN_POINT('',(12.8121111996912,4.99543244818917,18.));
#6823=CARTESIAN_POINT('Origin',(13.0000001937151,3.60809769193,18.));
#6824=CARTESIAN_POINT('',(12.8121111996912,4.99543244818917,25.5));
#6825=CARTESIAN_POINT('Origin',(11.2686588228437,4.78640019184203,25.5));
#6826=CARTESIAN_POINT('',(11.2686588228437,4.78640019184203,18.));
#6827=CARTESIAN_POINT('Origin',(-5.88023193585221,0.804048831063841,18.));
#6828=CARTESIAN_POINT('Origin',(8.75000013038515,-1.00000001490116,25.5));
#6829=CARTESIAN_POINT('Origin',(13.6749873800829,-17.5999996066093,25.5));
#6830=CARTESIAN_POINT('',(13.6749873800829,-19.6926547217742,25.1477264610373));
#6831=CARTESIAN_POINT('',(13.6749873800829,-17.5999996066093,25.4992856894203));
#6832=CARTESIAN_POINT('Origin',(13.6749873800829,-17.5000004172325,18.5));
#6833=CARTESIAN_POINT('',(13.6749873800829,-19.6926547217742,18.));
#6834=CARTESIAN_POINT('',(13.6749873800829,-19.6926547217742,25.5));
#6835=CARTESIAN_POINT('',(13.6749873800829,-17.5999996066093,18.));
#6836=CARTESIAN_POINT('',(13.6749873800829,-17.5999996066093,18.));
#6837=CARTESIAN_POINT('',(13.6749873800829,-17.5999996066093,25.5));
#6838=CARTESIAN_POINT('Origin',(13.6749873800829,-19.6926547217742,25.5));
#6839=CARTESIAN_POINT('',(-26.6999994032085,-19.6926547217742,25.1477264610373));
#6840=CARTESIAN_POINT('',(32.1250005345791,-19.6926547217742,25.1477264610373));
#6841=CARTESIAN_POINT('',(-26.6999994032085,-19.6926547217742,18.));
#6842=CARTESIAN_POINT('',(-26.6999994032085,-19.6926547217742,25.5));
#6843=CARTESIAN_POINT('',(13.6749873800829,-19.6926547217742,18.));
#6844=CARTESIAN_POINT('Origin',(-26.6999994032085,-17.5999996066093,25.5));
#6845=CARTESIAN_POINT('',(-26.6999994032085,-17.5999996066093,25.4992856894203));
#6846=CARTESIAN_POINT('',(32.1250005345791,-17.5999996066093,25.4992856894203));
#6847=CARTESIAN_POINT('',(-26.6999994032085,-17.5999996066093,18.));
#6848=CARTESIAN_POINT('',(-26.6999994032085,-17.5999996066093,18.));
#6849=CARTESIAN_POINT('',(-26.6999994032085,-17.5999996066093,25.5));
#6850=CARTESIAN_POINT('Origin',(-26.6999994032085,-19.6926547217742,25.5));
#6851=CARTESIAN_POINT('Origin',(-26.6999994032085,-17.5000004172325,18.5));
#6852=CARTESIAN_POINT('',(-26.6999994032085,-19.6926547217742,18.));
#6853=CARTESIAN_POINT('Origin',(-6.51250601156278,-18.6463271641918,18.));
#6854=CARTESIAN_POINT('Origin',(-22.8624133678567,-7.17833804290605,27.));
#6855=CARTESIAN_POINT('',(-17.8351643284779,-7.17833804290605,27.5));
#6856=CARTESIAN_POINT('Origin',(-22.8624133678567,-7.17833804290605,27.5));
#6857=CARTESIAN_POINT('',(-18.8351643284779,-7.17833804290605,26.5));
#6858=CARTESIAN_POINT('',(-18.3351643284779,-7.17833804290605,27.));
#6859=CARTESIAN_POINT('Origin',(-22.8624133678567,-7.17833804290605,26.5));
#6860=CARTESIAN_POINT('Origin',(-22.8624133678567,-7.17833804290605,12.5123654845399));
#6861=CARTESIAN_POINT('',(-18.8351643284779,-7.17833804290605,12.5123654845399));
#6862=CARTESIAN_POINT('Origin',(8.75000013038516,-1.00000001490116,27.5));
#6863=CARTESIAN_POINT('',(56.0000009387732,18.5000003874302,27.5));
#6864=CARTESIAN_POINT('',(56.0000009387731,-20.5000004172325,27.5));
#6865=CARTESIAN_POINT('',(56.0000009387731,-10.7500002160668,27.5));
#6866=CARTESIAN_POINT('',(55.5000009387731,19.0000003874302,27.5));
#6867=CARTESIAN_POINT('Origin',(55.5000009387731,18.5000003874302,27.5));
#6868=CARTESIAN_POINT('',(-38.0000006780028,19.0000003874302,27.5));
#6869=CARTESIAN_POINT('',(32.1250005345792,19.0000003874302,27.5));
#6870=CARTESIAN_POINT('',(-38.5000006780028,18.5000003874302,27.5));
#6871=CARTESIAN_POINT('Origin',(-38.0000006780028,18.5000003874302,27.5));
#6872=CARTESIAN_POINT('',(-38.5000006780028,-20.5000004172325,27.5));
#6873=CARTESIAN_POINT('',(-38.5000006780028,8.75000018626452,27.5));
#6874=CARTESIAN_POINT('',(-38.0000006780028,-21.0000004172325,27.5));
#6875=CARTESIAN_POINT('Origin',(-38.0000006780028,-20.5000004172325,27.5));
#6876=CARTESIAN_POINT('',(55.5000009387731,-21.0000004172325,27.5));
#6877=CARTESIAN_POINT('',(-14.6250002738088,-21.0000004172325,27.5));
#6878=CARTESIAN_POINT('Origin',(55.5000009387731,-20.5000004172325,27.5));
#6879=CARTESIAN_POINT('Origin',(61.1700029054191,-15.0000007124618,27.5));
#6880=CARTESIAN_POINT('',(59.6700029054191,-15.0000007124618,26.4607957157426));
#6881=CARTESIAN_POINT('',(62.6700029054191,-15.0000007124618,22.6239288511951));
#6882=CARTESIAN_POINT('Ctrl Pts',(59.6700029054191,-15.0000007124618,26.4607957157426));
#6883=CARTESIAN_POINT('Ctrl Pts',(59.6700029054191,-14.8164939087936,26.4607957157426));
#6884=CARTESIAN_POINT('Ctrl Pts',(59.7059820439642,-14.6228569479279,26.4390668400289));
#6885=CARTESIAN_POINT('Ctrl Pts',(59.8449753619067,-14.2720612245877,26.3500412945704));
#6886=CARTESIAN_POINT('Ctrl Pts',(59.9476973377027,-14.1149143288361,26.2822426031184));
#6887=CARTESIAN_POINT('Ctrl Pts',(60.2141385918684,-13.8211431088125,26.0926148047375));
#6888=CARTESIAN_POINT('Ctrl Pts',(60.4064559317609,-13.6916402517807,25.9452533301564));
#6889=CARTESIAN_POINT('Ctrl Pts',(60.7983458381227,-13.5314362938199,25.6032849070608));
#6890=CARTESIAN_POINT('Ctrl Pts',(60.9973489831143,-13.5000007124618,25.4083701983965));
#6891=CARTESIAN_POINT('Ctrl Pts',(61.40954771608,-13.5000007124618,24.9567984898582));
#6892=CARTESIAN_POINT('Ctrl Pts',(61.6446386393262,-13.5589849827149,24.6562645629053));
#6893=CARTESIAN_POINT('Ctrl Pts',(62.0507500373237,-13.7646500085762,24.0390539892639));
#6894=CARTESIAN_POINT('Ctrl Pts',(62.2221899413596,-13.9097894535241,23.7221407834335));
#6895=CARTESIAN_POINT('Ctrl Pts',(62.4559243847881,-14.209932277264,23.216729919747));
#6896=CARTESIAN_POINT('Ctrl Pts',(62.5575864734558,-14.3893399311362,22.9556194269635));
#6897=CARTESIAN_POINT('Ctrl Pts',(62.6309080158049,-14.6551905892182,22.7434683135497));
#6898=CARTESIAN_POINT('Ctrl Pts',(62.6450148860589,-14.7187165586502,22.7010884487585));
#6899=CARTESIAN_POINT('Ctrl Pts',(62.6646372961306,-14.8556084291517,22.6409397372524));
#6900=CARTESIAN_POINT('Ctrl Pts',(62.6700029054191,-14.9293275427198,22.6239288511951));
#6901=CARTESIAN_POINT('Ctrl Pts',(62.6700029054191,-15.0000007124618,22.6239288511951));
#6902=CARTESIAN_POINT('Ctrl Pts',(62.6700029054191,-15.0000007124618,22.6239288511951));
#6903=CARTESIAN_POINT('Ctrl Pts',(62.6700029054191,-15.0706738822038,22.6239288511951));
#6904=CARTESIAN_POINT('Ctrl Pts',(62.6646372961306,-15.1443929957718,22.6409397372524));
#6905=CARTESIAN_POINT('Ctrl Pts',(62.6450148860589,-15.2812848662733,22.7010884487585));
#6906=CARTESIAN_POINT('Ctrl Pts',(62.6309080158049,-15.3448108357054,22.7434683135497));
#6907=CARTESIAN_POINT('Ctrl Pts',(62.5575864734558,-15.6106614937873,22.9556194269635));
#6908=CARTESIAN_POINT('Ctrl Pts',(62.4559243847881,-15.7900691476595,23.216729919747));
#6909=CARTESIAN_POINT('Ctrl Pts',(62.2221899413596,-16.0902119713994,23.7221407834335));
#6910=CARTESIAN_POINT('Ctrl Pts',(62.0507500373237,-16.2353514163473,24.039053989264));
#6911=CARTESIAN_POINT('Ctrl Pts',(61.6446386393262,-16.4410164422087,24.6562645629053));
#6912=CARTESIAN_POINT('Ctrl Pts',(61.40954771608,-16.5000007124618,24.9567984898582));
#6913=CARTESIAN_POINT('Ctrl Pts',(60.9973489831143,-16.5000007124618,25.4083701983965));
#6914=CARTESIAN_POINT('Ctrl Pts',(60.7983458381227,-16.4685651311036,25.6032849070608));
#6915=CARTESIAN_POINT('Ctrl Pts',(60.4064559317609,-16.3083611731429,25.9452533301564));
#6916=CARTESIAN_POINT('Ctrl Pts',(60.2141385918684,-16.178858316111,26.0926148047375));
#6917=CARTESIAN_POINT('Ctrl Pts',(59.9476973377027,-15.8850870960875,26.2822426031184));
#6918=CARTESIAN_POINT('Ctrl Pts',(59.8449753619067,-15.7279402003358,26.3500412945704));
#6919=CARTESIAN_POINT('Ctrl Pts',(59.7059820439642,-15.3771444769956,26.4390668400289));
#6920=CARTESIAN_POINT('Ctrl Pts',(59.6700029054191,-15.1835075161299,26.4607957157426));
#6921=CARTESIAN_POINT('Ctrl Pts',(59.6700029054191,-15.0000007124618,26.4607957157426));
#6922=CARTESIAN_POINT('',(62.6700029054191,-15.0000007124618,21.5));
#6923=CARTESIAN_POINT('',(62.6700029054191,-15.0000007124618,27.5));
#6924=CARTESIAN_POINT('Origin',(61.1700029054191,-15.0000007124618,21.5));
#6925=CARTESIAN_POINT('Origin',(61.1700029054191,-15.0000007124618,21.5));
#6926=CARTESIAN_POINT('',(62.1436995215675,-15.0000002235174,21.5));
#6927=CARTESIAN_POINT('Origin',(61.1686995215675,-15.0000002235174,21.5));
#6928=CARTESIAN_POINT('Origin',(-31.2499993015081,23.9999994635582,27.5));
#6929=CARTESIAN_POINT('',(-31.2499993015081,22.4999994635582,26.5621783598887));
#6930=CARTESIAN_POINT('',(-29.7499993015081,23.9999994635582,25.3989804284891));
#6931=CARTESIAN_POINT('Ctrl Pts',(-31.2499993015081,22.4999994635582,26.5621783598887));
#6932=CARTESIAN_POINT('Ctrl Pts',(-31.4462371090222,22.4999994635582,26.5621783598887));
#6933=CARTESIAN_POINT('Ctrl Pts',(-31.6523647904314,22.5410745740916,26.5389764402841));
#6934=CARTESIAN_POINT('Ctrl Pts',(-32.0220885497377,22.6983707726024,26.4439465041132));
#6935=CARTESIAN_POINT('Ctrl Pts',(-32.1856314741588,22.8143112926493,26.3714486794026));
#6936=CARTESIAN_POINT('Ctrl Pts',(-32.461233454918,23.0899132734084,26.183818575325));
#6937=CARTESIAN_POINT('Ctrl Pts',(-32.5771039333364,23.2728938601063,26.0498455387296));
#6938=CARTESIAN_POINT('Ctrl Pts',(-32.721121290253,23.6454730686318,25.7419450979243));
#6939=CARTESIAN_POINT('Ctrl Pts',(-32.7499993015081,23.834600417274,25.5677900595307));
#6940=CARTESIAN_POINT('Ctrl Pts',(-32.7499993015081,24.2020011701021,25.1928133778468));
#6941=CARTESIAN_POINT('Ctrl Pts',(-32.7075349627357,24.4060361042278,24.9571758334268));
#6942=CARTESIAN_POINT('Ctrl Pts',(-32.5520710304807,24.7706390961059,24.473835303262));
#6943=CARTESIAN_POINT('Ctrl Pts',(-32.4398180356595,24.9315010729664,24.2261142260359));
#6944=CARTESIAN_POINT('Ctrl Pts',(-32.1706367716844,25.2006823369415,23.760345243502));
#6945=CARTESIAN_POINT('Ctrl Pts',(-31.9701480420567,25.3396544656576,23.4748853956354));
#6946=CARTESIAN_POINT('Ctrl Pts',(-31.6668962028066,25.4425355369288,23.2380295672901));
#6947=CARTESIAN_POINT('Ctrl Pts',(-31.5901571776323,25.4633355398165,23.1882607176031));
#6948=CARTESIAN_POINT('Ctrl Pts',(-31.4246039291977,25.4921700383949,23.1178579477065));
#6949=CARTESIAN_POINT('Ctrl Pts',(-31.3353920130823,25.4999994635582,23.0980785227424));
#6950=CARTESIAN_POINT('Ctrl Pts',(-31.1436920771041,25.4999994635582,23.0980785227424));
#6951=CARTESIAN_POINT('Ctrl Pts',(-31.048129665343,25.4891376535204,23.1254990824359));
#6952=CARTESIAN_POINT('Ctrl Pts',(-30.8695597852179,25.4538047067878,23.2111911948507));
#6953=CARTESIAN_POINT('Ctrl Pts',(-30.7867753953886,25.4291138726584,23.2698363309704));
#6954=CARTESIAN_POINT('Ctrl Pts',(-30.5536201513677,25.3389640708109,23.4731336321906));
#6955=CARTESIAN_POINT('Ctrl Pts',(-30.4198584574928,25.2569785647168,23.6438480478556));
#6956=CARTESIAN_POINT('Ctrl Pts',(-30.1442355775555,25.0360838064329,24.0562211269913));
#6957=CARTESIAN_POINT('Ctrl Pts',(-30.0029227370453,24.8631508537512,24.3393289699831));
#6958=CARTESIAN_POINT('Ctrl Pts',(-29.8050872089378,24.4609315565375,24.8926316175173));
#6959=CARTESIAN_POINT('Ctrl Pts',(-29.7499993015081,24.2311986864449,25.1630137987568));
#6960=CARTESIAN_POINT('Ctrl Pts',(-29.7499993015081,23.9999994635582,25.3989804284891));
#6961=CARTESIAN_POINT('Ctrl Pts',(-29.7499993015081,23.9999994635582,25.3989804284891));
#6962=CARTESIAN_POINT('Ctrl Pts',(-29.7499993015081,23.8259918855809,25.576576102084));
#6963=CARTESIAN_POINT('Ctrl Pts',(-29.7819957560226,23.6267219236934,25.7589804394487));
#6964=CARTESIAN_POINT('Ctrl Pts',(-29.9415856558483,23.2368318526502,26.0778746481633));
#6965=CARTESIAN_POINT('Ctrl Pts',(-30.0698852031684,23.0467627726955,26.2146841489344));
#6966=CARTESIAN_POINT('Ctrl Pts',(-30.3606116359818,22.7805343409235,26.3928877020044));
#6967=CARTESIAN_POINT('Ctrl Pts',(-30.5189110840187,22.6765422194572,26.457327301161));
#6968=CARTESIAN_POINT('Ctrl Pts',(-30.8716244565349,22.5361476625346,26.5417191544486));
#6969=CARTESIAN_POINT('Ctrl Pts',(-31.0660180538723,22.4999994635582,26.5621783598887));
#6970=CARTESIAN_POINT('Ctrl Pts',(-31.2499993015081,22.4999994635582,26.5621783598887));
#6971=CARTESIAN_POINT('',(-29.7499993015081,23.9999994635582,21.5));
#6972=CARTESIAN_POINT('',(-29.7499993015081,23.9999994635582,27.5));
#6973=CARTESIAN_POINT('Origin',(-31.2499993015081,23.9999994635582,21.5));
#6974=CARTESIAN_POINT('Origin',(-31.2499993015081,23.9999994635582,21.5));
#6975=CARTESIAN_POINT('',(-30.2749998696148,24.0000003576279,21.5));
#6976=CARTESIAN_POINT('Origin',(-31.2499998696148,24.0000003576279,21.5));
#6977=CARTESIAN_POINT('Origin',(-31.2499993015081,-25.9999994188547,27.5));
#6978=CARTESIAN_POINT('',(-31.2499993015081,-24.4999994188547,26.5621784029047));
#6979=CARTESIAN_POINT('',(-29.7499993015081,-25.9999994188547,25.3989805045312));
#6980=CARTESIAN_POINT('Ctrl Pts',(-31.2499993015081,-24.4999994188547,26.5621784029047));
#6981=CARTESIAN_POINT('Ctrl Pts',(-31.0660180536751,-24.4999994188547,26.5621784029047));
#6982=CARTESIAN_POINT('Ctrl Pts',(-30.871624456023,-24.5361476179011,26.5417191980114));
#6983=CARTESIAN_POINT('Ctrl Pts',(-30.5189110827053,-24.6765421754103,26.4573273467331));
#6984=CARTESIAN_POINT('Ctrl Pts',(-30.3606116341848,-24.780534297409,26.3928877490374));
#6985=CARTESIAN_POINT('Ctrl Pts',(-30.0698852026169,-25.046762729114,26.2146842008152));
#6986=CARTESIAN_POINT('Ctrl Pts',(-29.9415856558083,-25.2368318081368,26.0778747044591));
#6987=CARTESIAN_POINT('Ctrl Pts',(-29.7819957562512,-25.6267218783392,25.7589805054074));
#6988=CARTESIAN_POINT('Ctrl Pts',(-29.7499993015081,-25.8259918403267,25.5765761732852));
#6989=CARTESIAN_POINT('Ctrl Pts',(-29.7499993015081,-25.9999994188547,25.3989805045312));
#6990=CARTESIAN_POINT('Ctrl Pts',(-29.7499993015081,-25.9999994188547,25.3989805045312));
#6991=CARTESIAN_POINT('Ctrl Pts',(-29.7499993015081,-26.2311986386471,25.1630138851359));
#6992=CARTESIAN_POINT('Ctrl Pts',(-29.8050872075203,-26.4609315067372,24.8926317156614));
#6993=CARTESIAN_POINT('Ctrl Pts',(-30.0029227326868,-26.8631508024014,24.339329092977));
#6994=CARTESIAN_POINT('Ctrl Pts',(-30.1442355717373,-27.0360837555434,24.056221263096));
#6995=CARTESIAN_POINT('Ctrl Pts',(-30.4198584516321,-27.2569785162966,23.6438482032375));
#6996=CARTESIAN_POINT('Ctrl Pts',(-30.5536201469312,-27.3389640240787,23.473133795057));
#6997=CARTESIAN_POINT('Ctrl Pts',(-30.7867753939168,-27.4291138275425,23.2698365047812));
#6998=CARTESIAN_POINT('Ctrl Pts',(-30.8695597850281,-27.4538046620879,23.21119137215));
#6999=CARTESIAN_POINT('Ctrl Pts',(-31.0481296668389,-27.4891376090718,23.1254992659039));
#7000=CARTESIAN_POINT('Ctrl Pts',(-31.1436920791584,-27.4999994188547,23.0980787091446));
#7001=CARTESIAN_POINT('Ctrl Pts',(-31.3563065238578,-27.4999994188547,23.0980787091446));
#7002=CARTESIAN_POINT('Ctrl Pts',(-31.4518689361773,-27.4891376090718,23.1254992659039));
#7003=CARTESIAN_POINT('Ctrl Pts',(-31.630438817988,-27.4538046620879,23.21119137215));
#7004=CARTESIAN_POINT('Ctrl Pts',(-31.7132232090994,-27.4291138275425,23.2698365047812));
#7005=CARTESIAN_POINT('Ctrl Pts',(-31.9463784560849,-27.3389640240787,23.473133795057));
#7006=CARTESIAN_POINT('Ctrl Pts',(-32.080140151384,-27.2569785162966,23.6438482032375));
#7007=CARTESIAN_POINT('Ctrl Pts',(-32.3557630312788,-27.0360837555434,24.0562212630959));
#7008=CARTESIAN_POINT('Ctrl Pts',(-32.4970758703294,-26.8631508024014,24.339329092977));
#7009=CARTESIAN_POINT('Ctrl Pts',(-32.6949113954958,-26.4609315067372,24.8926317156614));
#7010=CARTESIAN_POINT('Ctrl Pts',(-32.7499993015081,-26.2311986386471,25.1630138851359));
#7011=CARTESIAN_POINT('Ctrl Pts',(-32.7499993015081,-25.8259918403267,25.5765761732852));
#7012=CARTESIAN_POINT('Ctrl Pts',(-32.7180028467649,-25.6267218783392,25.7589805054074));
#7013=CARTESIAN_POINT('Ctrl Pts',(-32.5584129472079,-25.2368318081368,26.0778747044591));
#7014=CARTESIAN_POINT('Ctrl Pts',(-32.4301134003993,-25.046762729114,26.2146842008152));
#7015=CARTESIAN_POINT('Ctrl Pts',(-32.1393869688313,-24.780534297409,26.3928877490374));
#7016=CARTESIAN_POINT('Ctrl Pts',(-31.9810875203109,-24.6765421754103,26.4573273467331));
#7017=CARTESIAN_POINT('Ctrl Pts',(-31.6283741469931,-24.5361476179011,26.5417191980114));
#7018=CARTESIAN_POINT('Ctrl Pts',(-31.4339805493411,-24.4999994188547,26.5621784029047));
#7019=CARTESIAN_POINT('Ctrl Pts',(-31.2499993015081,-24.4999994188547,26.5621784029047));
#7020=CARTESIAN_POINT('',(-29.7499993015081,-25.9999994188547,21.5));
#7021=CARTESIAN_POINT('',(-29.7499993015081,-25.9999994188547,27.5));
#7022=CARTESIAN_POINT('Origin',(-31.2499993015081,-25.9999994188547,21.5));
#7023=CARTESIAN_POINT('Origin',(-31.2499993015081,-25.9999994188547,21.5));
#7024=CARTESIAN_POINT('',(-30.2749998696148,-26.0000003874302,21.5));
#7025=CARTESIAN_POINT('Origin',(-31.2499998696148,-26.0000003874302,21.5));
#7026=CARTESIAN_POINT('Origin',(8.74999980442226,23.9999994635582,27.5));
#7027=CARTESIAN_POINT('',(8.74999980442226,22.4999994635582,26.5621783598887));
#7028=CARTESIAN_POINT('',(10.2499998044223,23.9999994635582,25.3989804284891));
#7029=CARTESIAN_POINT('Ctrl Pts',(8.74999980442226,22.4999994635582,26.5621783598887));
#7030=CARTESIAN_POINT('Ctrl Pts',(8.56601855678648,22.4999994635582,26.5621783598887));
#7031=CARTESIAN_POINT('Ctrl Pts',(8.37162495944909,22.5361476625346,26.5417191544486));
#7032=CARTESIAN_POINT('Ctrl Pts',(8.01891158693285,22.6765422194572,26.457327301161));
#7033=CARTESIAN_POINT('Ctrl Pts',(7.86061213889598,22.7805343409235,26.3928877020044));
#7034=CARTESIAN_POINT('Ctrl Pts',(7.56988570608259,23.0467627726955,26.2146841489344));
#7035=CARTESIAN_POINT('Ctrl Pts',(7.44158615876245,23.2368318526502,26.0778746481633));
#7036=CARTESIAN_POINT('Ctrl Pts',(7.28199625893683,23.6267219236934,25.7589804394487));
#7037=CARTESIAN_POINT('Ctrl Pts',(7.24999980442226,23.8259918855809,25.5765761020839));
#7038=CARTESIAN_POINT('Ctrl Pts',(7.24999980442226,24.2311986864449,25.1630137987568));
#7039=CARTESIAN_POINT('Ctrl Pts',(7.30508771185196,24.4609315565375,24.8926316175172));
#7040=CARTESIAN_POINT('Ctrl Pts',(7.5029232399595,24.8631508537512,24.3393289699831));
#7041=CARTESIAN_POINT('Ctrl Pts',(7.64423608046971,25.0360838064329,24.0562211269913));
#7042=CARTESIAN_POINT('Ctrl Pts',(7.91985896040703,25.2569785647168,23.6438480478556));
#7043=CARTESIAN_POINT('Ctrl Pts',(8.05362065428193,25.3389640708109,23.4731336321906));
#7044=CARTESIAN_POINT('Ctrl Pts',(8.28677589830283,25.4291138726584,23.2698363309704));
#7045=CARTESIAN_POINT('Ctrl Pts',(8.36956028813207,25.4538047067878,23.2111911948506));
#7046=CARTESIAN_POINT('Ctrl Pts',(8.54813016825724,25.4891376535205,23.1254990824359));
#7047=CARTESIAN_POINT('Ctrl Pts',(8.64369258001831,25.4999994635582,23.0980785227423));
#7048=CARTESIAN_POINT('Ctrl Pts',(8.85630702882621,25.4999994635582,23.0980785227423));
#7049=CARTESIAN_POINT('Ctrl Pts',(8.95186944058728,25.4891376535205,23.1254990824359));
#7050=CARTESIAN_POINT('Ctrl Pts',(9.13043932071245,25.4538047067878,23.2111911948506));
#7051=CARTESIAN_POINT('Ctrl Pts',(9.21322371054169,25.4291138726584,23.2698363309704));
#7052=CARTESIAN_POINT('Ctrl Pts',(9.44637895456259,25.3389640708109,23.4731336321906));
#7053=CARTESIAN_POINT('Ctrl Pts',(9.58014064843749,25.2569785647168,23.6438480478556));
#7054=CARTESIAN_POINT('Ctrl Pts',(9.8557635283748,25.0360838064329,24.0562211269913));
#7055=CARTESIAN_POINT('Ctrl Pts',(9.99707636888501,24.8631508537512,24.3393289699831));
#7056=CARTESIAN_POINT('Ctrl Pts',(10.1949118969925,24.4609315565375,24.8926316175172));
#7057=CARTESIAN_POINT('Ctrl Pts',(10.2499998044223,24.2311986864449,25.1630137987568));
#7058=CARTESIAN_POINT('Ctrl Pts',(10.2499998044223,23.9999994635582,25.3989804284891));
#7059=CARTESIAN_POINT('Ctrl Pts',(10.2499998044223,23.9999994635582,25.3989804284891));
#7060=CARTESIAN_POINT('Ctrl Pts',(10.2499998044223,23.8259918855809,25.576576102084));
#7061=CARTESIAN_POINT('Ctrl Pts',(10.2180033499077,23.6267219236934,25.7589804394487));
#7062=CARTESIAN_POINT('Ctrl Pts',(10.0584134500821,23.2368318526502,26.0778746481633));
#7063=CARTESIAN_POINT('Ctrl Pts',(9.93011390276193,23.0467627726955,26.2146841489344));
#7064=CARTESIAN_POINT('Ctrl Pts',(9.63938746994854,22.7805343409235,26.3928877020044));
#7065=CARTESIAN_POINT('Ctrl Pts',(9.48108802191167,22.6765422194572,26.457327301161));
#7066=CARTESIAN_POINT('Ctrl Pts',(9.12837464939543,22.5361476625346,26.5417191544486));
#7067=CARTESIAN_POINT('Ctrl Pts',(8.93398105205804,22.4999994635582,26.5621783598887));
#7068=CARTESIAN_POINT('Ctrl Pts',(8.74999980442226,22.4999994635582,26.5621783598887));
#7069=CARTESIAN_POINT('',(10.2499998044223,23.9999994635582,21.5));
#7070=CARTESIAN_POINT('',(10.2499998044223,23.9999994635582,27.5));
#7071=CARTESIAN_POINT('Origin',(8.74999980442226,23.9999994635582,21.5));
#7072=CARTESIAN_POINT('Origin',(8.74999980442226,23.9999994635582,21.5));
#7073=CARTESIAN_POINT('',(9.72500013038515,24.0000003576279,21.5));
#7074=CARTESIAN_POINT('Origin',(8.75000013038515,24.0000003576279,21.5));
#7075=CARTESIAN_POINT('Origin',(48.9999989047647,-25.9999994188547,27.5));
#7076=CARTESIAN_POINT('',(48.9999989047647,-24.4999994188547,26.5621784029047));
#7077=CARTESIAN_POINT('',(50.4999989047647,-25.9999994188547,25.3989805045312));
#7078=CARTESIAN_POINT('Ctrl Pts',(48.9999989047647,-24.4999994188547,26.5621784029047));
#7079=CARTESIAN_POINT('Ctrl Pts',(49.1839801525976,-24.4999994188547,26.5621784029047));
#7080=CARTESIAN_POINT('Ctrl Pts',(49.3783737502497,-24.5361476179011,26.5417191980114));
#7081=CARTESIAN_POINT('Ctrl Pts',(49.7310871235675,-24.6765421754103,26.4573273467331));
#7082=CARTESIAN_POINT('Ctrl Pts',(49.8893865720879,-24.780534297409,26.3928877490374));
#7083=CARTESIAN_POINT('Ctrl Pts',(50.1801130036559,-25.046762729114,26.2146842008152));
#7084=CARTESIAN_POINT('Ctrl Pts',(50.3084125504645,-25.2368318081368,26.0778747044591));
#7085=CARTESIAN_POINT('Ctrl Pts',(50.4680024500215,-25.6267218783392,25.7589805054074));
#7086=CARTESIAN_POINT('Ctrl Pts',(50.4999989047647,-25.8259918403267,25.5765761732852));
#7087=CARTESIAN_POINT('Ctrl Pts',(50.4999989047647,-25.9999994188547,25.3989805045312));
#7088=CARTESIAN_POINT('Ctrl Pts',(50.4999989047647,-25.9999994188547,25.3989805045312));
#7089=CARTESIAN_POINT('Ctrl Pts',(50.4999989047647,-26.2311986386471,25.1630138851359));
#7090=CARTESIAN_POINT('Ctrl Pts',(50.4449109987524,-26.4609315067372,24.8926317156614));
#7091=CARTESIAN_POINT('Ctrl Pts',(50.247075473586,-26.8631508024014,24.339329092977));
#7092=CARTESIAN_POINT('Ctrl Pts',(50.1057626345354,-27.0360837555434,24.056221263096));
#7093=CARTESIAN_POINT('Ctrl Pts',(49.8301397546406,-27.2569785162966,23.6438482032375));
#7094=CARTESIAN_POINT('Ctrl Pts',(49.6963780593415,-27.3389640240787,23.473133795057));
#7095=CARTESIAN_POINT('Ctrl Pts',(49.4632228123559,-27.4291138275425,23.2698365047812));
#7096=CARTESIAN_POINT('Ctrl Pts',(49.3804384212446,-27.4538046620879,23.21119137215));
#7097=CARTESIAN_POINT('Ctrl Pts',(49.2018685394339,-27.4891376090718,23.1254992659039));
#7098=CARTESIAN_POINT('Ctrl Pts',(49.1063061271144,-27.4999994188547,23.0980787091446));
#7099=CARTESIAN_POINT('Ctrl Pts',(48.8936916824149,-27.4999994188547,23.0980787091446));
#7100=CARTESIAN_POINT('Ctrl Pts',(48.7981292700954,-27.4891376090718,23.1254992659039));
#7101=CARTESIAN_POINT('Ctrl Pts',(48.6195593882847,-27.4538046620879,23.21119137215));
#7102=CARTESIAN_POINT('Ctrl Pts',(48.5367749971734,-27.4291138275425,23.2698365047812));
#7103=CARTESIAN_POINT('Ctrl Pts',(48.3036197501878,-27.3389640240787,23.473133795057));
#7104=CARTESIAN_POINT('Ctrl Pts',(48.1698580548887,-27.2569785162966,23.6438482032375));
#7105=CARTESIAN_POINT('Ctrl Pts',(47.8942351749939,-27.0360837555434,24.056221263096));
#7106=CARTESIAN_POINT('Ctrl Pts',(47.7529223359433,-26.8631508024014,24.339329092977));
#7107=CARTESIAN_POINT('Ctrl Pts',(47.5550868107769,-26.4609315067372,24.8926317156614));
#7108=CARTESIAN_POINT('Ctrl Pts',(47.4999989047647,-26.2311986386471,25.1630138851359));
#7109=CARTESIAN_POINT('Ctrl Pts',(47.4999989047647,-25.8259918403267,25.5765761732852));
#7110=CARTESIAN_POINT('Ctrl Pts',(47.5319953595078,-25.6267218783392,25.7589805054074));
#7111=CARTESIAN_POINT('Ctrl Pts',(47.6915852590648,-25.2368318081368,26.0778747044591));
#7112=CARTESIAN_POINT('Ctrl Pts',(47.8198848058734,-25.046762729114,26.2146842008152));
#7113=CARTESIAN_POINT('Ctrl Pts',(48.1106112374414,-24.780534297409,26.3928877490374));
#7114=CARTESIAN_POINT('Ctrl Pts',(48.2689106859618,-24.6765421754103,26.4573273467331));
#7115=CARTESIAN_POINT('Ctrl Pts',(48.6216240592796,-24.5361476179011,26.5417191980114));
#7116=CARTESIAN_POINT('Ctrl Pts',(48.8160176569317,-24.4999994188547,26.5621784029047));
#7117=CARTESIAN_POINT('Ctrl Pts',(48.9999989047647,-24.4999994188547,26.5621784029047));
#7118=CARTESIAN_POINT('',(50.4999989047647,-25.9999994188547,21.5));
#7119=CARTESIAN_POINT('',(50.4999989047647,-25.9999994188547,27.5));
#7120=CARTESIAN_POINT('Origin',(48.9999989047647,-25.9999994188547,21.5));
#7121=CARTESIAN_POINT('Origin',(48.9999989047647,-25.9999994188547,21.5));
#7122=CARTESIAN_POINT('',(49.9750007301569,-26.0000003874302,21.5));
#7123=CARTESIAN_POINT('Origin',(49.0000007301569,-26.0000003874302,21.5));
#7124=CARTESIAN_POINT('Origin',(61.1700029054191,13.0000006174669,27.5));
#7125=CARTESIAN_POINT('',(59.6700029054191,13.0000006174669,26.4607957157426));
#7126=CARTESIAN_POINT('',(62.6700029054191,13.0000006174669,22.6239288511952));
#7127=CARTESIAN_POINT('Ctrl Pts',(59.6700029054191,13.0000006174669,26.4607957157426));
#7128=CARTESIAN_POINT('Ctrl Pts',(59.6700029054191,13.183507421135,26.4607957157426));
#7129=CARTESIAN_POINT('Ctrl Pts',(59.7059820439642,13.3771443820007,26.4390668400289));
#7130=CARTESIAN_POINT('Ctrl Pts',(59.8449753619067,13.7279401053409,26.3500412945704));
#7131=CARTESIAN_POINT('Ctrl Pts',(59.9476973377027,13.8850870010926,26.2822426031184));
#7132=CARTESIAN_POINT('Ctrl Pts',(60.2141385918684,14.1788582211161,26.0926148047375));
#7133=CARTESIAN_POINT('Ctrl Pts',(60.4064559317609,14.308361078148,25.9452533301564));
#7134=CARTESIAN_POINT('Ctrl Pts',(60.7983458381227,14.4685650361087,25.6032849070608));
#7135=CARTESIAN_POINT('Ctrl Pts',(60.9973489831143,14.5000006174669,25.4083701983965));
#7136=CARTESIAN_POINT('Ctrl Pts',(61.40954771608,14.5000006174669,24.9567984898582));
#7137=CARTESIAN_POINT('Ctrl Pts',(61.6446386393262,14.4410163472137,24.6562645629053));
#7138=CARTESIAN_POINT('Ctrl Pts',(62.0507500373237,14.2353513213524,24.039053989264));
#7139=CARTESIAN_POINT('Ctrl Pts',(62.2221899413595,14.0902118764045,23.7221407834335));
#7140=CARTESIAN_POINT('Ctrl Pts',(62.4559243847881,13.7900690526646,23.2167299197471));
#7141=CARTESIAN_POINT('Ctrl Pts',(62.5575864734558,13.6106613987924,22.9556194269635));
#7142=CARTESIAN_POINT('Ctrl Pts',(62.6309080158049,13.3448107407105,22.7434683135497));
#7143=CARTESIAN_POINT('Ctrl Pts',(62.6450148860588,13.2812847712784,22.7010884487585));
#7144=CARTESIAN_POINT('Ctrl Pts',(62.6646372961306,13.1443929007769,22.6409397372524));
#7145=CARTESIAN_POINT('Ctrl Pts',(62.6700029054191,13.0706737872089,22.6239288511952));
#7146=CARTESIAN_POINT('Ctrl Pts',(62.6700029054191,13.0000006174669,22.6239288511952));
#7147=CARTESIAN_POINT('Ctrl Pts',(62.6700029054191,13.0000006174669,22.6239288511952));
#7148=CARTESIAN_POINT('Ctrl Pts',(62.6700029054191,12.9293274477249,22.6239288511952));
#7149=CARTESIAN_POINT('Ctrl Pts',(62.6646372961306,12.8556083341568,22.6409397372524));
#7150=CARTESIAN_POINT('Ctrl Pts',(62.6450148860588,12.7187164636553,22.7010884487585));
#7151=CARTESIAN_POINT('Ctrl Pts',(62.6309080158049,12.6551904942233,22.7434683135497));
#7152=CARTESIAN_POINT('Ctrl Pts',(62.5575864734558,12.3893398361413,22.9556194269635));
#7153=CARTESIAN_POINT('Ctrl Pts',(62.4559243847881,12.2099321822691,23.2167299197471));
#7154=CARTESIAN_POINT('Ctrl Pts',(62.2221899413595,11.9097893585292,23.7221407834335));
#7155=CARTESIAN_POINT('Ctrl Pts',(62.0507500373237,11.7646499135814,24.039053989264));
#7156=CARTESIAN_POINT('Ctrl Pts',(61.6446386393262,11.55898488772,24.6562645629053));
#7157=CARTESIAN_POINT('Ctrl Pts',(61.40954771608,11.5000006174669,24.9567984898582));
#7158=CARTESIAN_POINT('Ctrl Pts',(60.9973489831143,11.5000006174669,25.4083701983965));
#7159=CARTESIAN_POINT('Ctrl Pts',(60.7983458381227,11.531436198825,25.6032849070608));
#7160=CARTESIAN_POINT('Ctrl Pts',(60.4064559317609,11.6916401567858,25.9452533301564));
#7161=CARTESIAN_POINT('Ctrl Pts',(60.2141385918684,11.8211430138176,26.0926148047375));
#7162=CARTESIAN_POINT('Ctrl Pts',(59.9476973377027,12.1149142338412,26.2822426031184));
#7163=CARTESIAN_POINT('Ctrl Pts',(59.8449753619067,12.2720611295928,26.3500412945704));
#7164=CARTESIAN_POINT('Ctrl Pts',(59.7059820439642,12.6228568529331,26.4390668400289));
#7165=CARTESIAN_POINT('Ctrl Pts',(59.6700029054191,12.8164938137987,26.4607957157426));
#7166=CARTESIAN_POINT('Ctrl Pts',(59.6700029054191,13.0000006174669,26.4607957157426));
#7167=CARTESIAN_POINT('',(62.6700029054191,13.0000006174669,21.5));
#7168=CARTESIAN_POINT('',(62.6700029054191,13.0000006174669,27.5));
#7169=CARTESIAN_POINT('Origin',(61.1700029054191,13.0000006174669,21.5));
#7170=CARTESIAN_POINT('Origin',(61.1700029054191,13.0000006174669,21.5));
#7171=CARTESIAN_POINT('',(62.1436995215675,13.0000001937151,21.5));
#7172=CARTESIAN_POINT('Origin',(61.1686995215675,13.0000001937151,21.5));
#7173=CARTESIAN_POINT('Origin',(-43.6687520741543,13.0000006174669,27.5));
#7174=CARTESIAN_POINT('',(-42.1687520741543,13.0000006174669,26.4615654985277));
#7175=CARTESIAN_POINT('Ctrl Pts',(-42.1687520741543,13.0000006174669,26.4615654985277));
#7176=CARTESIAN_POINT('Ctrl Pts',(-42.1687520741543,12.8164901346881,26.4615654985277));
#7177=CARTESIAN_POINT('Ctrl Pts',(-42.2047325293724,12.6228473107891,26.4398461266695));
#7178=CARTESIAN_POINT('Ctrl Pts',(-42.3437366331264,12.2720368045909,26.3508550303589));
#7179=CARTESIAN_POINT('Ctrl Pts',(-42.4464683707623,12.1148810582296,26.2830812364836));
#7180=CARTESIAN_POINT('Ctrl Pts',(-42.7129075766206,11.8211338215046,26.0935402845176));
#7181=CARTESIAN_POINT('Ctrl Pts',(-42.9052074342423,11.6916400810938,25.9462601380759));
#7182=CARTESIAN_POINT('Ctrl Pts',(-43.2970820094046,11.5314406338535,25.6044694078874));
#7183=CARTESIAN_POINT('Ctrl Pts',(-43.4960874285278,11.5000006174669,25.409650980594));
#7184=CARTESIAN_POINT('Ctrl Pts',(-43.908224156722,11.5000006174669,24.9583873837866));
#7185=CARTESIAN_POINT('Ctrl Pts',(-44.1432687156347,11.5589503096403,24.6581035644116));
#7186=CARTESIAN_POINT('Ctrl Pts',(-44.5493483904388,11.7645478201752,24.0414247926549));
#7187=CARTESIAN_POINT('Ctrl Pts',(-44.7208032224387,11.9096546797833,23.7247935301069));
#7188=CARTESIAN_POINT('Ctrl Pts',(-44.9545757289055,12.2097755264868,23.2199117899437));
#7189=CARTESIAN_POINT('Ctrl Pts',(-45.0562617832248,12.3891925470346,22.9591353516043));
#7190=CARTESIAN_POINT('Ctrl Pts',(-45.1296182278966,12.6550185710428,22.7472757644312));
#7191=CARTESIAN_POINT('Ctrl Pts',(-45.1437413181222,12.7185875515206,22.7049284469244));
#7192=CARTESIAN_POINT('Ctrl Pts',(-45.1633832791115,12.8555564428666,22.6448383333487));
#7193=CARTESIAN_POINT('Ctrl Pts',(-45.1687520741543,12.9293085037361,22.627852160355));
#7194=CARTESIAN_POINT('Ctrl Pts',(-45.1687520741543,13.0706927311976,22.627852160355));
#7195=CARTESIAN_POINT('Ctrl Pts',(-45.1633832791115,13.1444447920672,22.6448383333487));
#7196=CARTESIAN_POINT('Ctrl Pts',(-45.1437413181222,13.2814136834132,22.7049284469244));
#7197=CARTESIAN_POINT('Ctrl Pts',(-45.1296182278966,13.3449826638909,22.7472757644312));
#7198=CARTESIAN_POINT('Ctrl Pts',(-45.0562617832248,13.6108086878992,22.9591353516043));
#7199=CARTESIAN_POINT('Ctrl Pts',(-44.9545757289055,13.7902257084469,23.2199117899437));
#7200=CARTESIAN_POINT('Ctrl Pts',(-44.7208032224387,14.0903465551504,23.7247935301069));
#7201=CARTESIAN_POINT('Ctrl Pts',(-44.5493483904388,14.2354534147586,24.0414247926549));
#7202=CARTESIAN_POINT('Ctrl Pts',(-44.1432687156347,14.4410509252934,24.6581035644116));
#7203=CARTESIAN_POINT('Ctrl Pts',(-43.908224156722,14.5000006174669,24.9583873837866));
#7204=CARTESIAN_POINT('Ctrl Pts',(-43.4960874285278,14.5000006174669,25.409650980594));
#7205=CARTESIAN_POINT('Ctrl Pts',(-43.2970820094046,14.4685606010802,25.6044694078874));
#7206=CARTESIAN_POINT('Ctrl Pts',(-42.9052074342423,14.30836115384,25.9462601380759));
#7207=CARTESIAN_POINT('Ctrl Pts',(-42.7129075766206,14.1788674134291,26.0935402845176));
#7208=CARTESIAN_POINT('Ctrl Pts',(-42.4464683707623,13.8851201767041,26.2830812364836));
#7209=CARTESIAN_POINT('Ctrl Pts',(-42.3437366331264,13.7279644303428,26.3508550303589));
#7210=CARTESIAN_POINT('Ctrl Pts',(-42.2047325293724,13.3771539241447,26.4398461266695));
#7211=CARTESIAN_POINT('Ctrl Pts',(-42.1687520741543,13.1835111002456,26.4615654985277));
#7212=CARTESIAN_POINT('Ctrl Pts',(-42.1687520741543,13.0000006174669,26.4615654985277));
#7213=CARTESIAN_POINT('',(-42.1687520741543,13.0000006174669,21.5));
#7214=CARTESIAN_POINT('',(-42.1687520741543,13.0000006174669,27.5));
#7215=CARTESIAN_POINT('Origin',(-43.6687520741543,13.0000006174669,21.5));
#7216=CARTESIAN_POINT('Origin',(-43.6687520741543,13.0000006174669,21.5));
#7217=CARTESIAN_POINT('',(-42.6936992607972,13.0000001937151,21.5));
#7218=CARTESIAN_POINT('Origin',(-43.6686992607972,13.0000001937151,21.5));
#7219=CARTESIAN_POINT('Origin',(-43.6700020742137,-15.0000007124618,27.5));
#7220=CARTESIAN_POINT('',(-42.1700020742137,-15.0000007124618,26.4607960669537));
#7221=CARTESIAN_POINT('Ctrl Pts',(-42.1700020742137,-15.0000007124618,26.4607960669537));
#7222=CARTESIAN_POINT('Ctrl Pts',(-42.1700020742137,-15.1835075178088,26.4607960669537));
#7223=CARTESIAN_POINT('Ctrl Pts',(-42.2059812133597,-15.3771444813499,26.4390671955757));
#7224=CARTESIAN_POINT('Ctrl Pts',(-42.3449745362237,-15.7279402114355,26.3500416658321));
#7225=CARTESIAN_POINT('Ctrl Pts',(-42.4476965164739,-15.8850871112256,26.2822429857374));
#7226=CARTESIAN_POINT('Ctrl Pts',(-42.7141377697035,-16.1788583203037,26.0926152269807));
#7227=CARTESIAN_POINT('Ctrl Pts',(-42.9064551016182,-16.3083611731762,25.9452537895099));
#7228=CARTESIAN_POINT('Ctrl Pts',(-43.2983450009847,-16.4685651290795,25.6032854474957));
#7229=CARTESIAN_POINT('Ctrl Pts',(-43.4973481470148,-16.5000007124618,25.4083707827644));
#7230=CARTESIAN_POINT('Ctrl Pts',(-43.9095468516539,-16.5000007124618,24.9567992148803));
#7231=CARTESIAN_POINT('Ctrl Pts',(-44.144637753723,-16.4410164580057,24.6562654021242));
#7232=CARTESIAN_POINT('Ctrl Pts',(-44.5507491372377,-16.2353514629817,24.0390550713046));
#7233=CARTESIAN_POINT('Ctrl Pts',(-44.722189048099,-16.0902120329159,23.7221419942121));
#7234=CARTESIAN_POINT('Ctrl Pts',(-44.9559235089027,-15.7900692192124,23.2167313722416));
#7235=CARTESIAN_POINT('Ctrl Pts',(-45.0575856085144,-15.6106615610743,22.9556210321247));
#7236=CARTESIAN_POINT('Ctrl Pts',(-45.130907166809,-15.3448109142383,22.7434700519832));
#7237=CARTESIAN_POINT('Ctrl Pts',(-45.1450140444705,-15.281284925157,22.7010902020653));
#7238=CARTESIAN_POINT('Ctrl Pts',(-45.1646364634709,-15.1443930194683,22.6409415173464));
#7239=CARTESIAN_POINT('Ctrl Pts',(-45.1700020742137,-15.0706738908479,22.6239306425929));
#7240=CARTESIAN_POINT('Ctrl Pts',(-45.1700020742137,-14.9293275340756,22.6239306425929));
#7241=CARTESIAN_POINT('Ctrl Pts',(-45.1646364634709,-14.8556084054552,22.6409415173464));
#7242=CARTESIAN_POINT('Ctrl Pts',(-45.1450140444705,-14.7187164997665,22.7010902020653));
#7243=CARTESIAN_POINT('Ctrl Pts',(-45.130907166809,-14.6551905106852,22.7434700519832));
#7244=CARTESIAN_POINT('Ctrl Pts',(-45.0575856085144,-14.3893398638493,22.9556210321247));
#7245=CARTESIAN_POINT('Ctrl Pts',(-44.9559235089027,-14.2099322057111,23.2167313722416));
#7246=CARTESIAN_POINT('Ctrl Pts',(-44.7221890480991,-13.9097893920077,23.7221419942121));
#7247=CARTESIAN_POINT('Ctrl Pts',(-44.5507491372377,-13.7646499619418,24.0390550713046));
#7248=CARTESIAN_POINT('Ctrl Pts',(-44.144637753723,-13.5589849669179,24.6562654021242));
#7249=CARTESIAN_POINT('Ctrl Pts',(-43.9095468516539,-13.5000007124618,24.9567992148803));
#7250=CARTESIAN_POINT('Ctrl Pts',(-43.4973481470148,-13.5000007124618,25.4083707827644));
#7251=CARTESIAN_POINT('Ctrl Pts',(-43.2983450009847,-13.5314362958441,25.6032854474957));
#7252=CARTESIAN_POINT('Ctrl Pts',(-42.9064551016182,-13.6916402517473,25.9452537895099));
#7253=CARTESIAN_POINT('Ctrl Pts',(-42.7141377697035,-13.8211431046199,26.0926152269807));
#7254=CARTESIAN_POINT('Ctrl Pts',(-42.4476965164739,-14.1149143136979,26.2822429857374));
#7255=CARTESIAN_POINT('Ctrl Pts',(-42.3449745362237,-14.272061213488,26.3500416658321));
#7256=CARTESIAN_POINT('Ctrl Pts',(-42.2059812133597,-14.6228569435737,26.4390671955756));
#7257=CARTESIAN_POINT('Ctrl Pts',(-42.1700020742137,-14.8164939071147,26.4607960669537));
#7258=CARTESIAN_POINT('Ctrl Pts',(-42.1700020742137,-15.0000007124618,26.4607960669537));
#7259=CARTESIAN_POINT('',(-42.1700020742137,-15.0000007124618,21.5));
#7260=CARTESIAN_POINT('',(-42.1700020742137,-15.0000007124618,27.5));
#7261=CARTESIAN_POINT('Origin',(-43.6700020742137,-15.0000007124618,21.5));
#7262=CARTESIAN_POINT('Origin',(-43.6700020742137,-15.0000007124618,21.5));
#7263=CARTESIAN_POINT('',(-42.6936992607972,-15.0000002235174,21.5));
#7264=CARTESIAN_POINT('Origin',(-43.6686992607972,-15.0000002235174,21.5));
#7265=CARTESIAN_POINT('Origin',(48.7499989103526,23.9999994635582,27.5));
#7266=CARTESIAN_POINT('',(48.7499989103526,22.4999994635582,26.5621783598887));
#7267=CARTESIAN_POINT('',(50.2499989103526,23.9999994635582,25.3989804284891));
#7268=CARTESIAN_POINT('Ctrl Pts',(48.7499989103526,22.4999994635582,26.5621783598887));
#7269=CARTESIAN_POINT('Ctrl Pts',(48.5660176627168,22.4999994635582,26.5621783598887));
#7270=CARTESIAN_POINT('Ctrl Pts',(48.3716240653794,22.5361476625346,26.5417191544486));
#7271=CARTESIAN_POINT('Ctrl Pts',(48.0189106928632,22.6765422194572,26.457327301161));
#7272=CARTESIAN_POINT('Ctrl Pts',(47.8606112448263,22.7805343409235,26.3928877020044));
#7273=CARTESIAN_POINT('Ctrl Pts',(47.5698848120129,23.0467627726955,26.2146841489344));
#7274=CARTESIAN_POINT('Ctrl Pts',(47.4415852646928,23.2368318526502,26.0778746481633));
#7275=CARTESIAN_POINT('Ctrl Pts',(47.2819953648672,23.6267219236934,25.7589804394487));
#7276=CARTESIAN_POINT('Ctrl Pts',(47.2499989103526,23.8259918855809,25.5765761020839));
#7277=CARTESIAN_POINT('Ctrl Pts',(47.2499989103526,24.2311986864449,25.1630137987568));
#7278=CARTESIAN_POINT('Ctrl Pts',(47.3050868177823,24.4609315565375,24.8926316175172));
#7279=CARTESIAN_POINT('Ctrl Pts',(47.5029223458898,24.8631508537512,24.3393289699831));
#7280=CARTESIAN_POINT('Ctrl Pts',(47.6442351864,25.0360838064329,24.0562211269913));
#7281=CARTESIAN_POINT('Ctrl Pts',(47.9198580663374,25.2569785647168,23.6438480478556));
#7282=CARTESIAN_POINT('Ctrl Pts',(48.0536197602122,25.3389640708109,23.4731336321906));
#7283=CARTESIAN_POINT('Ctrl Pts',(48.2867750042331,25.4291138726584,23.2698363309704));
#7284=CARTESIAN_POINT('Ctrl Pts',(48.3695593940624,25.4538047067878,23.2111911948506));
#7285=CARTESIAN_POINT('Ctrl Pts',(48.5481292741876,25.4891376535205,23.1254990824359));
#7286=CARTESIAN_POINT('Ctrl Pts',(48.6436916859486,25.4999994635582,23.0980785227423));
#7287=CARTESIAN_POINT('Ctrl Pts',(48.8563061347565,25.4999994635582,23.0980785227423));
#7288=CARTESIAN_POINT('Ctrl Pts',(48.9518685465176,25.4891376535205,23.1254990824359));
#7289=CARTESIAN_POINT('Ctrl Pts',(49.1304384266428,25.4538047067878,23.2111911948506));
#7290=CARTESIAN_POINT('Ctrl Pts',(49.213222816472,25.4291138726584,23.2698363309704));
#7291=CARTESIAN_POINT('Ctrl Pts',(49.4463780604929,25.3389640708109,23.4731336321906));
#7292=CARTESIAN_POINT('Ctrl Pts',(49.5801397543678,25.2569785647168,23.6438480478556));
#7293=CARTESIAN_POINT('Ctrl Pts',(49.8557626343051,25.0360838064329,24.0562211269913));
#7294=CARTESIAN_POINT('Ctrl Pts',(49.9970754748153,24.8631508537512,24.3393289699831));
#7295=CARTESIAN_POINT('Ctrl Pts',(50.1949110029229,24.4609315565375,24.8926316175172));
#7296=CARTESIAN_POINT('Ctrl Pts',(50.2499989103526,24.2311986864449,25.1630137987568));
#7297=CARTESIAN_POINT('Ctrl Pts',(50.2499989103526,23.9999994635582,25.3989804284891));
#7298=CARTESIAN_POINT('Ctrl Pts',(50.2499989103526,23.9999994635582,25.3989804284891));
#7299=CARTESIAN_POINT('Ctrl Pts',(50.2499989103526,23.8259918855809,25.576576102084));
#7300=CARTESIAN_POINT('Ctrl Pts',(50.218002455838,23.6267219236934,25.7589804394487));
#7301=CARTESIAN_POINT('Ctrl Pts',(50.0584125560124,23.2368318526502,26.0778746481633));
#7302=CARTESIAN_POINT('Ctrl Pts',(49.9301130086923,23.0467627726955,26.2146841489344));
#7303=CARTESIAN_POINT('Ctrl Pts',(49.6393865758789,22.7805343409235,26.3928877020044));
#7304=CARTESIAN_POINT('Ctrl Pts',(49.481087127842,22.6765422194572,26.457327301161));
#7305=CARTESIAN_POINT('Ctrl Pts',(49.1283737553258,22.5361476625346,26.5417191544486));
#7306=CARTESIAN_POINT('Ctrl Pts',(48.9339801579884,22.4999994635582,26.5621783598887));
#7307=CARTESIAN_POINT('Ctrl Pts',(48.7499989103526,22.4999994635582,26.5621783598887));
#7308=CARTESIAN_POINT('',(50.2499989103526,23.9999994635582,21.5));
#7309=CARTESIAN_POINT('',(50.2499989103526,23.9999994635582,27.5));
#7310=CARTESIAN_POINT('Origin',(48.7499989103526,23.9999994635582,21.5));
#7311=CARTESIAN_POINT('Origin',(48.7499989103526,23.9999994635582,21.5));
#7312=CARTESIAN_POINT('',(49.7250001303852,24.0000003576279,21.5));
#7313=CARTESIAN_POINT('Origin',(48.7500001303852,24.0000003576279,21.5));
#7314=CARTESIAN_POINT('Origin',(8.74999980442226,-25.9999994188547,27.5));
#7315=CARTESIAN_POINT('',(8.74999980442226,-24.4999994188547,26.5621784029047));
#7316=CARTESIAN_POINT('',(10.2499998044223,-25.9999994188547,25.3989805045312));
#7317=CARTESIAN_POINT('Ctrl Pts',(8.74999980442226,-24.4999994188547,26.5621784029047));
#7318=CARTESIAN_POINT('Ctrl Pts',(8.93398105225525,-24.4999994188547,26.5621784029047));
#7319=CARTESIAN_POINT('Ctrl Pts',(9.12837464990729,-24.5361476179011,26.5417191980114));
#7320=CARTESIAN_POINT('Ctrl Pts',(9.48108802322505,-24.6765421754103,26.4573273467331));
#7321=CARTESIAN_POINT('Ctrl Pts',(9.63938747174549,-24.780534297409,26.3928877490374));
#7322=CARTESIAN_POINT('Ctrl Pts',(9.93011390331347,-25.046762729114,26.2146842008152));
#7323=CARTESIAN_POINT('Ctrl Pts',(10.0584134501221,-25.2368318081368,26.0778747044591));
#7324=CARTESIAN_POINT('Ctrl Pts',(10.2180033496791,-25.6267218783392,25.7589805054074));
#7325=CARTESIAN_POINT('Ctrl Pts',(10.2499998044223,-25.8259918403267,25.5765761732852));
#7326=CARTESIAN_POINT('Ctrl Pts',(10.2499998044223,-25.9999994188547,25.3989805045312));
#7327=CARTESIAN_POINT('Ctrl Pts',(10.2499998044223,-25.9999994188547,25.3989805045312));
#7328=CARTESIAN_POINT('Ctrl Pts',(10.2499998044223,-26.2311986386471,25.1630138851359));
#7329=CARTESIAN_POINT('Ctrl Pts',(10.19491189841,-26.4609315067372,24.8926317156614));
#7330=CARTESIAN_POINT('Ctrl Pts',(9.99707637324357,-26.8631508024014,24.339329092977));
#7331=CARTESIAN_POINT('Ctrl Pts',(9.85576353419304,-27.0360837555434,24.056221263096));
#7332=CARTESIAN_POINT('Ctrl Pts',(9.5801406542982,-27.2569785162966,23.6438482032375));
#7333=CARTESIAN_POINT('Ctrl Pts',(9.44637895899908,-27.3389640240787,23.473133795057));
#7334=CARTESIAN_POINT('Ctrl Pts',(9.21322371201354,-27.4291138275425,23.2698365047812));
#7335=CARTESIAN_POINT('Ctrl Pts',(9.13043932090224,-27.4538046620879,23.21119137215));
#7336=CARTESIAN_POINT('Ctrl Pts',(8.95186943909147,-27.4891376090718,23.1254992659039));
#7337=CARTESIAN_POINT('Ctrl Pts',(8.85630702677197,-27.4999994188547,23.0980787091446));
#7338=CARTESIAN_POINT('Ctrl Pts',(8.64369258207255,-27.4999994188547,23.0980787091446));
#7339=CARTESIAN_POINT('Ctrl Pts',(8.54813016975304,-27.4891376090718,23.1254992659039));
#7340=CARTESIAN_POINT('Ctrl Pts',(8.36956028794228,-27.4538046620879,23.21119137215));
#7341=CARTESIAN_POINT('Ctrl Pts',(8.28677589683097,-27.4291138275425,23.2698365047812));
#7342=CARTESIAN_POINT('Ctrl Pts',(8.05362064984544,-27.3389640240787,23.473133795057));
#7343=CARTESIAN_POINT('Ctrl Pts',(7.91985895454632,-27.2569785162966,23.6438482032375));
#7344=CARTESIAN_POINT('Ctrl Pts',(7.64423607465148,-27.0360837555434,24.056221263096));
#7345=CARTESIAN_POINT('Ctrl Pts',(7.50292323560095,-26.8631508024014,24.339329092977));
#7346=CARTESIAN_POINT('Ctrl Pts',(7.30508771043454,-26.4609315067372,24.8926317156614));
#7347=CARTESIAN_POINT('Ctrl Pts',(7.24999980442226,-26.2311986386471,25.1630138851359));
#7348=CARTESIAN_POINT('Ctrl Pts',(7.24999980442226,-25.8259918403267,25.5765761732852));
#7349=CARTESIAN_POINT('Ctrl Pts',(7.28199625916541,-25.6267218783392,25.7589805054074));
#7350=CARTESIAN_POINT('Ctrl Pts',(7.44158615872244,-25.2368318081368,26.0778747044591));
#7351=CARTESIAN_POINT('Ctrl Pts',(7.56988570553105,-25.046762729114,26.2146842008152));
#7352=CARTESIAN_POINT('Ctrl Pts',(7.86061213709903,-24.780534297409,26.3928877490374));
#7353=CARTESIAN_POINT('Ctrl Pts',(8.01891158561947,-24.6765421754103,26.4573273467331));
#7354=CARTESIAN_POINT('Ctrl Pts',(8.37162495893723,-24.5361476179011,26.5417191980114));
#7355=CARTESIAN_POINT('Ctrl Pts',(8.56601855658927,-24.4999994188547,26.5621784029046));
#7356=CARTESIAN_POINT('Ctrl Pts',(8.74999980442226,-24.4999994188547,26.5621784029046));
#7357=CARTESIAN_POINT('',(10.2499998044223,-25.9999994188547,21.5));
#7358=CARTESIAN_POINT('',(10.2499998044223,-25.9999994188547,27.5));
#7359=CARTESIAN_POINT('Origin',(8.74999980442226,-25.9999994188547,21.5));
#7360=CARTESIAN_POINT('Origin',(8.74999980442226,-25.9999994188547,21.5));
#7361=CARTESIAN_POINT('',(9.72500013038516,-26.0000003874302,21.5));
#7362=CARTESIAN_POINT('Origin',(8.75000013038516,-26.0000003874302,21.5));
#7363=CARTESIAN_POINT('Origin',(8.75000013038515,24.0000003576279,20.));
#7364=CARTESIAN_POINT('',(9.72500013038515,24.0000003576279,20.));
#7365=CARTESIAN_POINT('Origin',(8.75000013038515,24.0000003576279,20.));
#7366=CARTESIAN_POINT('',(9.72500013038515,24.0000003576279,20.));
#7367=CARTESIAN_POINT('Origin',(61.1686995215675,-15.0000002235174,20.));
#7368=CARTESIAN_POINT('',(62.1436995215675,-15.0000002235174,20.));
#7369=CARTESIAN_POINT('Origin',(61.1686995215675,-15.0000002235174,20.));
#7370=CARTESIAN_POINT('',(62.1436995215675,-15.0000002235174,20.));
#7371=CARTESIAN_POINT('Origin',(-43.6686992607972,13.0000001937151,20.));
#7372=CARTESIAN_POINT('',(-42.6936992607972,13.0000001937151,20.));
#7373=CARTESIAN_POINT('Origin',(-43.6686992607972,13.0000001937151,20.));
#7374=CARTESIAN_POINT('',(-42.6936992607972,13.0000001937151,20.));
#7375=CARTESIAN_POINT('Origin',(-31.2499998696148,-26.0000003874302,20.));
#7376=CARTESIAN_POINT('',(-30.2749998696148,-26.0000003874302,20.));
#7377=CARTESIAN_POINT('Origin',(-31.2499998696148,-26.0000003874302,20.));
#7378=CARTESIAN_POINT('',(-30.2749998696148,-26.0000003874302,20.));
#7379=CARTESIAN_POINT('Origin',(48.7500001303852,24.0000003576279,20.));
#7380=CARTESIAN_POINT('',(49.7250001303852,24.0000003576279,20.));
#7381=CARTESIAN_POINT('Origin',(48.7500001303852,24.0000003576279,20.));
#7382=CARTESIAN_POINT('',(49.7250001303852,24.0000003576279,20.));
#7383=CARTESIAN_POINT('Origin',(49.0000007301569,-26.0000003874302,20.));
#7384=CARTESIAN_POINT('',(49.9750007301569,-26.0000003874302,20.));
#7385=CARTESIAN_POINT('Origin',(49.0000007301569,-26.0000003874302,20.));
#7386=CARTESIAN_POINT('',(49.9750007301569,-26.0000003874302,20.));
#7387=CARTESIAN_POINT('Origin',(61.1686995215675,13.0000001937151,20.));
#7388=CARTESIAN_POINT('',(62.1436995215675,13.0000001937151,20.));
#7389=CARTESIAN_POINT('Origin',(61.1686995215675,13.0000001937151,20.));
#7390=CARTESIAN_POINT('',(62.1436995215675,13.0000001937151,20.));
#7391=CARTESIAN_POINT('Origin',(-43.6686992607972,-15.0000002235174,20.));
#7392=CARTESIAN_POINT('',(-42.6936992607972,-15.0000002235174,20.));
#7393=CARTESIAN_POINT('Origin',(-43.6686992607972,-15.0000002235174,20.));
#7394=CARTESIAN_POINT('',(-42.6936992607972,-15.0000002235174,20.));
#7395=CARTESIAN_POINT('Origin',(8.75000013038516,-26.0000003874302,20.));
#7396=CARTESIAN_POINT('',(9.72500013038516,-26.0000003874302,20.));
#7397=CARTESIAN_POINT('Origin',(8.75000013038516,-26.0000003874302,20.));
#7398=CARTESIAN_POINT('',(9.72500013038516,-26.0000003874302,20.));
#7399=CARTESIAN_POINT('Origin',(-31.2499998696148,24.0000003576279,20.));
#7400=CARTESIAN_POINT('',(-30.2749998696148,24.0000003576279,20.));
#7401=CARTESIAN_POINT('Origin',(-31.2499998696148,24.0000003576279,20.));
#7402=CARTESIAN_POINT('',(-30.2749998696148,24.0000003576279,20.));
#7403=CARTESIAN_POINT('Origin',(8.75000013038516,-1.00000001490116,20.));
#7404=CARTESIAN_POINT('',(-38.0000006780028,26.0000003874302,20.));
#7405=CARTESIAN_POINT('',(-45.5000006780028,18.5000003874302,20.));
#7406=CARTESIAN_POINT('Origin',(-38.0000006780028,18.5000003874302,20.));
#7407=CARTESIAN_POINT('',(55.5000009387731,26.0000003874302,20.));
#7408=CARTESIAN_POINT('',(32.1250005345792,26.0000003874302,20.));
#7409=CARTESIAN_POINT('',(63.0000009387731,18.5000003874302,20.));
#7410=CARTESIAN_POINT('Origin',(55.5000009387731,18.5000003874302,20.));
#7411=CARTESIAN_POINT('',(63.0000009387731,-20.5000004172325,20.));
#7412=CARTESIAN_POINT('',(63.0000009387731,-10.7500002160668,20.));
#7413=CARTESIAN_POINT('',(55.5000009387731,-28.0000004172325,20.));
#7414=CARTESIAN_POINT('Origin',(55.5000009387731,-20.5000004172325,20.));
#7415=CARTESIAN_POINT('',(-38.0000006780028,-28.0000004172325,20.));
#7416=CARTESIAN_POINT('',(-14.6250002738088,-28.0000004172325,20.));
#7417=CARTESIAN_POINT('',(-45.5000006780028,-20.5000004172325,20.));
#7418=CARTESIAN_POINT('Origin',(-38.0000006780028,-20.5000004172325,20.));
#7419=CARTESIAN_POINT('',(-45.5000006780028,8.75000018626452,20.));
#7420=CARTESIAN_POINT('',(55.4303140097397,22.3373975530189,20.));
#7421=CARTESIAN_POINT('',(59.3373981043618,18.4303134583968,20.));
#7422=CARTESIAN_POINT('Ctrl Pts',(55.4303140097397,22.3373975530189,20.));
#7423=CARTESIAN_POINT('Ctrl Pts',(55.9464450328628,22.3373975530189,20.));
#7424=CARTESIAN_POINT('Ctrl Pts',(56.4566758973146,22.2370989636375,19.9999999999335));
#7425=CARTESIAN_POINT('Ctrl Pts',(57.3999533149906,21.8471977552306,19.9999999999335));
#7426=CARTESIAN_POINT('Ctrl Pts',(57.8243460544277,21.5656682320394,20.));
#7427=CARTESIAN_POINT('Ctrl Pts',(58.5446748772236,20.8524916243119,20.));
#7428=CARTESIAN_POINT('Ctrl Pts',(58.8320632912911,20.4271213947343,20.));
#7429=CARTESIAN_POINT('Ctrl Pts',(59.2335337353,19.4745500752614,20.));
#7430=CARTESIAN_POINT('Ctrl Pts',(59.3373981043618,18.9555390091312,20.));
#7431=CARTESIAN_POINT('Ctrl Pts',(59.3373981043618,18.4303134583968,20.));
#7432=CARTESIAN_POINT('',(-37.9303137489694,22.3373975530189,20.));
#7433=CARTESIAN_POINT('',(-14.6250002738088,22.3373975530189,20.));
#7434=CARTESIAN_POINT('',(-41.8373978435915,18.4303134583968,20.));
#7435=CARTESIAN_POINT('Ctrl Pts',(-41.8373978435915,18.4303134583968,20.));
#7436=CARTESIAN_POINT('Ctrl Pts',(-41.8373978435915,18.9464444815199,20.));
#7437=CARTESIAN_POINT('Ctrl Pts',(-41.7370992542101,19.4566753459717,19.9999999999334));
#7438=CARTESIAN_POINT('Ctrl Pts',(-41.3471980458033,20.3999527636477,19.9999999999334));
#7439=CARTESIAN_POINT('Ctrl Pts',(-41.0656685226121,20.8243455030847,20.));
#7440=CARTESIAN_POINT('Ctrl Pts',(-40.3524919148846,21.5446743258807,20.));
#7441=CARTESIAN_POINT('Ctrl Pts',(-39.9271216853069,21.8320627399481,20.));
#7442=CARTESIAN_POINT('Ctrl Pts',(-38.9745503658341,22.233533183957,20.));
#7443=CARTESIAN_POINT('Ctrl Pts',(-38.4555392997039,22.3373975530189,20.));
#7444=CARTESIAN_POINT('Ctrl Pts',(-37.9303137489694,22.3373975530189,20.));
#7445=CARTESIAN_POINT('',(-41.8373978435915,-20.4303134881991,20.));
#7446=CARTESIAN_POINT('',(-41.8373978435915,-10.7500002160668,20.));
#7447=CARTESIAN_POINT('',(-37.9303137489694,-24.3373975828212,20.));
#7448=CARTESIAN_POINT('Ctrl Pts',(-37.9303137489694,-24.3373975828212,20.));
#7449=CARTESIAN_POINT('Ctrl Pts',(-38.4464447720925,-24.3373975828212,20.));
#7450=CARTESIAN_POINT('Ctrl Pts',(-38.9566756365443,-24.2370989934398,19.9999999999335));
#7451=CARTESIAN_POINT('Ctrl Pts',(-39.8999530542203,-23.847197785033,19.9999999999335));
#7452=CARTESIAN_POINT('Ctrl Pts',(-40.3243457936573,-23.5656682618417,20.));
#7453=CARTESIAN_POINT('Ctrl Pts',(-41.0446746164533,-22.8524916541142,20.));
#7454=CARTESIAN_POINT('Ctrl Pts',(-41.3320630305208,-22.4271214245366,20.));
#7455=CARTESIAN_POINT('Ctrl Pts',(-41.7335334745297,-21.4745501050638,20.));
#7456=CARTESIAN_POINT('Ctrl Pts',(-41.8373978435915,-20.9555390389335,20.));
#7457=CARTESIAN_POINT('Ctrl Pts',(-41.8373978435915,-20.4303134881991,20.));
#7458=CARTESIAN_POINT('',(55.4303140097397,-24.3373975828212,20.));
#7459=CARTESIAN_POINT('',(32.1250005345791,-24.3373975828212,20.));
#7460=CARTESIAN_POINT('',(59.3373981043618,-20.4303134881991,20.));
#7461=CARTESIAN_POINT('Ctrl Pts',(59.3373981043618,-20.4303134881991,20.));
#7462=CARTESIAN_POINT('Ctrl Pts',(59.3373981043618,-20.9464445113222,20.));
#7463=CARTESIAN_POINT('Ctrl Pts',(59.2370995149804,-21.456675375774,19.9999999999335));
#7464=CARTESIAN_POINT('Ctrl Pts',(58.8471983065736,-22.39995279345,19.9999999999335));
#7465=CARTESIAN_POINT('Ctrl Pts',(58.5656687833824,-22.824345532887,20.));
#7466=CARTESIAN_POINT('Ctrl Pts',(57.8524921756549,-23.544674355683,20.));
#7467=CARTESIAN_POINT('Ctrl Pts',(57.4271219460773,-23.8320627697504,20.));
#7468=CARTESIAN_POINT('Ctrl Pts',(56.4745506266044,-24.2335332137593,20.));
#7469=CARTESIAN_POINT('Ctrl Pts',(55.9555395604742,-24.3373975828212,20.));
#7470=CARTESIAN_POINT('Ctrl Pts',(55.4303140097397,-24.3373975828212,20.));
#7471=CARTESIAN_POINT('',(59.3373981043618,8.75000018626451,20.));
#7472=CARTESIAN_POINT('Ctrl Pts',(-35.0000006780028,-17.5000004172325,25.5));
#7473=CARTESIAN_POINT('Ctrl Pts',(-36.394978122446,-18.0978478934225,25.5));
#7474=CARTESIAN_POINT('Ctrl Pts',(-38.7146601513742,-19.0919973343917,24.782076777439));
#7475=CARTESIAN_POINT('Ctrl Pts',(-41.0337589701298,-20.0858968281441,22.4033761617481));
#7476=CARTESIAN_POINT('Ctrl Pts',(-41.7294183084239,-20.3840365445558,20.6400491552099));
#7477=CARTESIAN_POINT('Ctrl Pts',(-41.8920861207385,-20.4537513212621,19.7244011801821));
#7478=CARTESIAN_POINT('Ctrl Pts',(-35.0000006780028,-17.5000004172325,25.5));
#7479=CARTESIAN_POINT('Ctrl Pts',(-36.2431438427788,-18.2496821730897,25.5));
#7480=CARTESIAN_POINT('Ctrl Pts',(-38.3130117541188,-19.4958105411114,24.9600788387065));
#7481=CARTESIAN_POINT('Ctrl Pts',(-40.7454138777052,-20.9389185951021,22.8635140701455));
#7482=CARTESIAN_POINT('Ctrl Pts',(-41.6413415357566,-21.479215820466,20.9745719504371));
#7483=CARTESIAN_POINT('Ctrl Pts',(-41.8567202638287,-21.6096846515454,19.9234736014792));
#7484=CARTESIAN_POINT('Ctrl Pts',(-35.0000006780028,-17.5000004172325,25.5));
#7485=CARTESIAN_POINT('Ctrl Pts',(-35.977433853361,-18.5153921625075,25.5));
#7486=CARTESIAN_POINT('Ctrl Pts',(-37.6071648051828,-20.2095595548633,25.092511178843));
#7487=CARTESIAN_POINT('Ctrl Pts',(-39.7231032970834,-22.4308232661976,23.2442618810244));
#7488=CARTESIAN_POINT('Ctrl Pts',(-40.6271941499442,-23.3815915290422,21.2660536811469));
#7489=CARTESIAN_POINT('Ctrl Pts',(-40.8471528755792,-23.6127666148804,20.0999746661236));
#7490=CARTESIAN_POINT('Ctrl Pts',(-35.0000006780028,-17.5000004172325,25.5));
#7491=CARTESIAN_POINT('Ctrl Pts',(-35.7117238639433,-18.7811021519253,25.5));
#7492=CARTESIAN_POINT('Ctrl Pts',(-36.8976703258537,-20.915971396085,24.9170497914821));
#7493=CARTESIAN_POINT('Ctrl Pts',(-38.2272295009492,-23.3189399414368,22.7470711421361));
#7494=CARTESIAN_POINT('Ctrl Pts',(-38.7063829891581,-24.1642422737572,20.8897188337113));
#7495=CARTESIAN_POINT('Ctrl Pts',(-38.8207015797449,-24.3655614672858,19.873705496155));
#7496=CARTESIAN_POINT('Ctrl Pts',(-35.0000006780028,-17.5000004172325,25.5));
#7497=CARTESIAN_POINT('Ctrl Pts',(-35.5978481541928,-18.8949778616757,25.5));
#7498=CARTESIAN_POINT('Ctrl Pts',(-36.591997595162,-21.2146598906039,24.7820767774391));
#7499=CARTESIAN_POINT('Ctrl Pts',(-37.5858970889144,-23.5337587093595,22.4033761617481));
#7500=CARTESIAN_POINT('Ctrl Pts',(-37.8840368053261,-24.2294180476535,20.6400491552099));
#7501=CARTESIAN_POINT('Ctrl Pts',(-37.9537515820324,-24.3920858599682,19.7244011801821));
#7502=CARTESIAN_POINT('Origin',(-35.0000006780028,-17.5000004172325,18.5));
#7503=CARTESIAN_POINT('Origin',(-35.0000006780028,-17.5000004172325,18.5));
#7504=CARTESIAN_POINT('Origin',(-35.0000006780028,-10.7500002160668,18.5));
#7505=CARTESIAN_POINT('Origin',(-35.0000006780028,15.5000003874302,18.5));
#7506=CARTESIAN_POINT('Ctrl Pts',(-35.0000006780028,15.5000003874302,25.5));
#7507=CARTESIAN_POINT('Ctrl Pts',(-35.5978481541928,16.8949778318734,25.5));
#7508=CARTESIAN_POINT('Ctrl Pts',(-36.5919994429838,19.2146641723857,24.7820886918692));
#7509=CARTESIAN_POINT('Ctrl Pts',(-37.5858984663499,21.5337618935733,22.4033816643466));
#7510=CARTESIAN_POINT('Ctrl Pts',(-37.8840368053261,22.2294180178512,20.6400491552099));
#7511=CARTESIAN_POINT('Ctrl Pts',(-37.9537515820324,22.3920858301658,19.7244011801821));
#7512=CARTESIAN_POINT('Ctrl Pts',(-35.0000006780028,15.5000003874302,25.5));
#7513=CARTESIAN_POINT('Ctrl Pts',(-35.7496824338601,16.7431435522061,25.5));
#7514=CARTESIAN_POINT('Ctrl Pts',(-36.9958256985392,18.8130438747447,24.9600923019655));
#7515=CARTESIAN_POINT('Ctrl Pts',(-38.4389295379507,21.2454378160662,22.8635241992972));
#7516=CARTESIAN_POINT('Ctrl Pts',(-38.9792160812364,22.141341245184,20.9745719504371));
#7517=CARTESIAN_POINT('Ctrl Pts',(-39.1096849123158,22.356719973256,19.9234736014792));
#7518=CARTESIAN_POINT('Ctrl Pts',(-35.0000006780028,15.5000003874302,25.5));
#7519=CARTESIAN_POINT('Ctrl Pts',(-36.0153924232778,16.4774335627884,25.5));
#7520=CARTESIAN_POINT('Ctrl Pts',(-37.7095640793852,18.1071697389076,25.092529797191));
#7521=CARTESIAN_POINT('Ctrl Pts',(-39.9308289264464,20.2231096535657,23.2442973159631));
#7522=CARTESIAN_POINT('Ctrl Pts',(-40.8816042199606,21.1272104076212,21.2660588292526));
#7523=CARTESIAN_POINT('Ctrl Pts',(-41.1127793057988,21.3471691332563,20.0999798142293));
#7524=CARTESIAN_POINT('Ctrl Pts',(-35.0000006780028,15.5000003874302,25.5));
#7525=CARTESIAN_POINT('Ctrl Pts',(-36.2811024126956,16.2117235733706,25.5));
#7526=CARTESIAN_POINT('Ctrl Pts',(-38.4159814377066,17.3976645083617,24.9170602904398));
#7527=CARTESIAN_POINT('Ctrl Pts',(-40.8189479175215,18.7272252380707,22.7470842384775));
#7528=CARTESIAN_POINT('Ctrl Pts',(-41.6642425345275,19.2063826985854,20.8897188337113));
#7529=CARTESIAN_POINT('Ctrl Pts',(-41.8655617280561,19.3207012891723,19.873705496155));
#7530=CARTESIAN_POINT('Ctrl Pts',(-35.0000006780028,15.5000003874302,25.5));
#7531=CARTESIAN_POINT('Ctrl Pts',(-36.394978122446,16.0978478636201,25.5));
#7532=CARTESIAN_POINT('Ctrl Pts',(-38.7146644629584,17.0919991524111,24.7820886918692));
#7533=CARTESIAN_POINT('Ctrl Pts',(-41.0337621841459,18.0858981757772,22.4033816643466));
#7534=CARTESIAN_POINT('Ctrl Pts',(-41.7294183084238,18.3840365147535,20.6400491552099));
#7535=CARTESIAN_POINT('Ctrl Pts',(-41.8920861207385,18.4537512914598,19.7244011801821));
#7536=CARTESIAN_POINT('Origin',(-35.0000006780028,15.5000003874302,18.5));
#7537=CARTESIAN_POINT('Origin',(-14.6250002738088,15.5000003874302,18.5));
#7538=CARTESIAN_POINT('Origin',(52.5000009387731,15.5000003874302,18.5));
#7539=CARTESIAN_POINT('Origin',(55.5000009387731,-20.5000004172325,-7.5));
#7540=CARTESIAN_POINT('',(63.0000009387731,-20.5000004172325,20.5));
#7541=CARTESIAN_POINT('',(63.0000009387731,-20.5000004172325,-7.5));
#7542=CARTESIAN_POINT('',(55.5000009387731,-28.0000004172325,20.5));
#7543=CARTESIAN_POINT('Origin',(55.5000009387731,-20.5000004172325,20.5));
#7544=CARTESIAN_POINT('',(55.5000009387731,-28.0000004172325,-7.5));
#7545=CARTESIAN_POINT('Origin',(63.0000009387731,-20.5000004172325,-7.5));
#7546=CARTESIAN_POINT('',(63.0000009387731,18.5000003874302,20.5));
#7547=CARTESIAN_POINT('',(63.0000009387731,18.5000003874302,-7.5));
#7548=CARTESIAN_POINT('',(63.0000009387731,-10.7500002160668,20.5));
#7549=CARTESIAN_POINT('Origin',(55.5000009387731,18.5000003874302,-7.5));
#7550=CARTESIAN_POINT('',(55.5000009387731,26.0000003874302,20.5));
#7551=CARTESIAN_POINT('',(55.5000009387731,26.0000003874302,-7.5));
#7552=CARTESIAN_POINT('Origin',(55.5000009387731,18.5000003874302,20.5));
#7553=CARTESIAN_POINT('Origin',(55.5000009387731,26.0000003874302,-7.5));
#7554=CARTESIAN_POINT('',(-38.0000006780028,26.0000003874302,20.5));
#7555=CARTESIAN_POINT('',(-38.0000006780028,26.0000003874302,-7.5));
#7556=CARTESIAN_POINT('',(32.1250005345792,26.0000003874302,20.5));
#7557=CARTESIAN_POINT('Ctrl Pts',(52.5000009387731,-17.5000004172325,25.5));
#7558=CARTESIAN_POINT('Ctrl Pts',(53.0978484149631,-18.8949778616757,25.5));
#7559=CARTESIAN_POINT('Ctrl Pts',(54.0919840413391,-21.214627656553,24.7819882750375));
#7560=CARTESIAN_POINT('Ctrl Pts',(55.0858870915068,-23.533734773611,22.4033346628376));
#7561=CARTESIAN_POINT('Ctrl Pts',(55.3840370660964,-24.2294180476535,20.6400491552099));
#7562=CARTESIAN_POINT('Ctrl Pts',(55.4537518428027,-24.3920858599682,19.7244011801821));
#7563=CARTESIAN_POINT('Ctrl Pts',(52.5000009387731,-17.5000004172325,25.5));
#7564=CARTESIAN_POINT('Ctrl Pts',(53.2496826946304,-18.7431435820084,25.5));
#7565=CARTESIAN_POINT('Ctrl Pts',(54.4956997644771,-20.8127691707864,24.9599781696027));
#7566=CARTESIAN_POINT('Ctrl Pts',(55.9388394990424,-23.2452331872674,22.8634386496113));
#7567=CARTESIAN_POINT('Ctrl Pts',(56.4792163420067,-24.1413412749863,20.9745719504371));
#7568=CARTESIAN_POINT('Ctrl Pts',(56.6096851730861,-24.3567200030584,19.9234736014792));
#7569=CARTESIAN_POINT('Ctrl Pts',(52.5000009387732,-17.5000004172325,25.5));
#7570=CARTESIAN_POINT('Ctrl Pts',(53.5153926840481,-18.4774335925907,25.5));
#7571=CARTESIAN_POINT('Ctrl Pts',(55.2095270091383,-20.1071239538991,25.0923688852311));
#7572=CARTESIAN_POINT('Ctrl Pts',(57.4307829423521,-22.2230526913893,23.2440023868566));
#7573=CARTESIAN_POINT('Ctrl Pts',(58.3815014170322,-23.1270732287755,21.2660161440962));
#7574=CARTESIAN_POINT('Ctrl Pts',(58.6126765028704,-23.3470319544105,20.0999371290729));
#7575=CARTESIAN_POINT('Ctrl Pts',(52.5000009387731,-17.5000004172325,25.5));
#7576=CARTESIAN_POINT('Ctrl Pts',(53.7811026734659,-18.2117236031729,25.5));
#7577=CARTESIAN_POINT('Ctrl Pts',(55.9158987227252,-19.3977113601786,24.9169704080659));
#7578=CARTESIAN_POINT('Ctrl Pts',(58.3188830699257,-20.7272588458393,22.7469744198349));
#7579=CARTESIAN_POINT('Ctrl Pts',(59.1642427952979,-21.2063827283877,20.8897188337113));
#7580=CARTESIAN_POINT('Ctrl Pts',(59.3655619888264,-21.3207013189746,19.873705496155));
#7581=CARTESIAN_POINT('Ctrl Pts',(52.5000009387731,-17.5000004172325,25.5));
#7582=CARTESIAN_POINT('Ctrl Pts',(53.8949783832164,-18.0978478934225,25.5));
#7583=CARTESIAN_POINT('Ctrl Pts',(56.2146281780936,-19.0919835197984,24.7819882750375));
#7584=CARTESIAN_POINT('Ctrl Pts',(58.5337352951517,-20.0858865699662,22.4033346628377));
#7585=CARTESIAN_POINT('Ctrl Pts',(59.2294185691942,-20.3840365445558,20.6400491552099));
#7586=CARTESIAN_POINT('Ctrl Pts',(59.3920863815088,-20.4537513212621,19.7244011801821));
#7587=CARTESIAN_POINT('Origin',(52.5000009387731,-17.5000004172325,18.5));
#7588=CARTESIAN_POINT('Origin',(52.5000009387731,-17.5000004172325,18.5));
#7589=CARTESIAN_POINT('Ctrl Pts',(52.5000009387731,15.5000003874302,25.5));
#7590=CARTESIAN_POINT('Ctrl Pts',(53.8949783832164,16.0978478636201,25.5));
#7591=CARTESIAN_POINT('Ctrl Pts',(56.2146314290711,17.0919848832722,24.7819971569777));
#7592=CARTESIAN_POINT('Ctrl Pts',(58.5337377020638,18.0858875716976,22.4033388759871));
#7593=CARTESIAN_POINT('Ctrl Pts',(59.2294185691942,18.3840365147535,20.6400491552099));
#7594=CARTESIAN_POINT('Ctrl Pts',(59.3920863815088,18.4537512914597,19.7244011801821));
#7595=CARTESIAN_POINT('Ctrl Pts',(52.5000009387731,15.5000003874302,25.5));
#7596=CARTESIAN_POINT('Ctrl Pts',(53.7431441035491,16.2496821432874,25.5));
#7597=CARTESIAN_POINT('Ctrl Pts',(55.8127941327523,17.4957104326523,24.9599883238364));
#7598=CARTESIAN_POINT('Ctrl Pts',(58.2452518514998,18.9388469588412,22.8634462325837));
#7599=CARTESIAN_POINT('Ctrl Pts',(59.141341796527,19.4792157906637,20.9745719504371));
#7600=CARTESIAN_POINT('Ctrl Pts',(59.356720524599,19.6096846217431,19.9234736014792));
#7601=CARTESIAN_POINT('Ctrl Pts',(52.5000009387731,15.5000003874302,25.5));
#7602=CARTESIAN_POINT('Ctrl Pts',(53.4774341141313,16.5153921327052,25.5));
#7603=CARTESIAN_POINT('Ctrl Pts',(55.1071286892792,18.2095298860691,25.0923834731373));
#7604=CARTESIAN_POINT('Ctrl Pts',(57.2230583410328,20.4307865476404,23.2440281408413));
#7605=CARTESIAN_POINT('Ctrl Pts',(58.1270856811488,21.381509827484,21.2660198557388));
#7606=CARTESIAN_POINT('Ctrl Pts',(58.3470444067839,21.6126849133222,20.0999408407155));
#7607=CARTESIAN_POINT('Ctrl Pts',(52.5000009387731,15.5000003874302,25.5));
#7608=CARTESIAN_POINT('Ctrl Pts',(53.2117241247136,16.7811021221229,25.5));
#7609=CARTESIAN_POINT('Ctrl Pts',(54.3977077188098,18.9159055590075,24.9169784829425));
#7610=CARTESIAN_POINT('Ctrl Pts',(55.7272563885633,21.3188882848281,22.7469840833616));
#7611=CARTESIAN_POINT('Ctrl Pts',(56.2063832499284,22.1642422439549,20.8897188337113));
#7612=CARTESIAN_POINT('Ctrl Pts',(56.3207018405152,22.3655614374835,19.873705496155));
#7613=CARTESIAN_POINT('Ctrl Pts',(52.5000009387731,15.5000003874302,25.5));
#7614=CARTESIAN_POINT('Ctrl Pts',(53.0978484149631,16.8949778318734,25.5));
#7615=CARTESIAN_POINT('Ctrl Pts',(54.0919854346151,19.2146308777281,24.7819971569777));
#7616=CARTESIAN_POINT('Ctrl Pts',(55.0858881230406,21.5337371507209,22.4033388759871));
#7617=CARTESIAN_POINT('Ctrl Pts',(55.3840370660964,22.2294180178512,20.6400491552099));
#7618=CARTESIAN_POINT('Ctrl Pts',(55.4537518428027,22.3920858301659,19.7244011801821));
#7619=CARTESIAN_POINT('Origin',(52.5000009387731,15.5000003874302,18.5));
#7620=CARTESIAN_POINT('Origin',(52.5000009387731,8.75000018626451,18.5));
#7621=CARTESIAN_POINT('Origin',(32.1250005345791,-17.5000004172325,18.5));
#7622=CARTESIAN_POINT('Origin',(8.75000013038515,-1.00000001490116,25.5));
#7623=CARTESIAN_POINT('Origin',(56.0000009387731,-10.7500002160668,20.5));
#7624=CARTESIAN_POINT('Origin',(56.0000009387731,-20.5000004172325,20.5));
#7625=CARTESIAN_POINT('Origin',(56.0000009387732,18.5000003874302,20.5));
#7626=CARTESIAN_POINT('Ctrl Pts',(63.0000009387731,18.5000003874302,20.5));
#7627=CARTESIAN_POINT('Ctrl Pts',(63.0000009387731,26.0000003874302,20.5));
#7628=CARTESIAN_POINT('Ctrl Pts',(55.5000009387731,26.0000003874302,20.5));
#7629=CARTESIAN_POINT('Ctrl Pts',(63.0000009387731,18.5000003874302,27.5));
#7630=CARTESIAN_POINT('Ctrl Pts',(63.0000009387731,26.0000003874302,27.5));
#7631=CARTESIAN_POINT('Ctrl Pts',(55.5000009387731,26.0000003874302,27.5));
#7632=CARTESIAN_POINT('Ctrl Pts',(56.0000009387731,18.5000003874302,27.5));
#7633=CARTESIAN_POINT('Ctrl Pts',(56.0000009387731,19.0000003874302,27.5));
#7634=CARTESIAN_POINT('Ctrl Pts',(55.5000009387731,19.0000003874302,27.5));
#7635=CARTESIAN_POINT('Origin',(55.5000009387731,19.0000003874302,20.5));
#7636=CARTESIAN_POINT('Origin',(32.1250005345792,19.0000003874302,20.5));
#7637=CARTESIAN_POINT('Origin',(-38.0000006780028,19.0000003874302,20.5));
#7638=CARTESIAN_POINT('Ctrl Pts',(-38.0000006780028,26.0000003874302,20.5));
#7639=CARTESIAN_POINT('Ctrl Pts',(-45.5000006780029,26.0000003874303,20.5));
#7640=CARTESIAN_POINT('Ctrl Pts',(-45.5000006780028,18.5000003874302,20.5));
#7641=CARTESIAN_POINT('Ctrl Pts',(-38.0000006780028,26.0000003874302,27.5));
#7642=CARTESIAN_POINT('Ctrl Pts',(-45.5000006780029,26.0000003874303,27.5));
#7643=CARTESIAN_POINT('Ctrl Pts',(-45.5000006780028,18.5000003874302,27.5));
#7644=CARTESIAN_POINT('Ctrl Pts',(-38.0000006780028,19.0000003874302,27.5));
#7645=CARTESIAN_POINT('Ctrl Pts',(-38.5000006780028,19.0000003874302,27.5));
#7646=CARTESIAN_POINT('Ctrl Pts',(-38.5000006780028,18.5000003874302,27.5));
#7647=CARTESIAN_POINT('',(-45.5000006780028,18.5000003874302,20.5));
#7648=CARTESIAN_POINT('Origin',(-38.5000006780028,18.5000003874302,20.5));
#7649=CARTESIAN_POINT('Origin',(-38.0000006780028,18.5000003874302,20.5));
#7650=CARTESIAN_POINT('Origin',(-38.5000006780028,8.75000018626452,20.5));
#7651=CARTESIAN_POINT('',(-45.5000006780028,-20.5000004172325,20.5));
#7652=CARTESIAN_POINT('Origin',(-38.5000006780028,-20.5000004172325,20.5));
#7653=CARTESIAN_POINT('',(-45.5000006780028,8.75000018626452,20.5));
#7654=CARTESIAN_POINT('Ctrl Pts',(-45.5000006780028,-20.5000004172325,20.5));
#7655=CARTESIAN_POINT('Ctrl Pts',(-45.5000006780028,-28.0000004172325,20.5));
#7656=CARTESIAN_POINT('Ctrl Pts',(-38.0000006780028,-28.0000004172325,20.5));
#7657=CARTESIAN_POINT('Ctrl Pts',(-45.5000006780028,-20.5000004172325,27.5));
#7658=CARTESIAN_POINT('Ctrl Pts',(-45.5000006780028,-28.0000004172325,27.5));
#7659=CARTESIAN_POINT('Ctrl Pts',(-38.0000006780028,-28.0000004172325,27.5));
#7660=CARTESIAN_POINT('Ctrl Pts',(-38.5000006780028,-20.5000004172325,27.5));
#7661=CARTESIAN_POINT('Ctrl Pts',(-38.5000006780028,-21.0000004172325,27.5));
#7662=CARTESIAN_POINT('Ctrl Pts',(-38.0000006780028,-21.0000004172325,27.5));
#7663=CARTESIAN_POINT('',(-38.0000006780028,-28.0000004172325,20.5));
#7664=CARTESIAN_POINT('Origin',(-38.0000006780028,-21.0000004172325,20.5));
#7665=CARTESIAN_POINT('Origin',(-38.0000006780028,-20.5000004172325,20.5));
#7666=CARTESIAN_POINT('Origin',(-14.6250002738088,-21.0000004172325,20.5));
#7667=CARTESIAN_POINT('Origin',(55.5000009387731,-21.0000004172325,20.5));
#7668=CARTESIAN_POINT('',(-14.6250002738088,-28.0000004172325,20.5));
#7669=CARTESIAN_POINT('Ctrl Pts',(55.5000009387731,-28.0000004172325,20.5));
#7670=CARTESIAN_POINT('Ctrl Pts',(63.0000009387732,-28.0000004172326,20.5));
#7671=CARTESIAN_POINT('Ctrl Pts',(63.0000009387731,-20.5000004172325,20.5));
#7672=CARTESIAN_POINT('Ctrl Pts',(55.5000009387731,-28.0000004172325,27.5));
#7673=CARTESIAN_POINT('Ctrl Pts',(63.0000009387732,-28.0000004172326,27.5));
#7674=CARTESIAN_POINT('Ctrl Pts',(63.0000009387731,-20.5000004172325,27.5));
#7675=CARTESIAN_POINT('Ctrl Pts',(55.5000009387731,-21.0000004172325,27.5));
#7676=CARTESIAN_POINT('Ctrl Pts',(56.0000009387731,-21.0000004172325,27.5));
#7677=CARTESIAN_POINT('Ctrl Pts',(56.0000009387731,-20.5000004172325,27.5));
#7678=CARTESIAN_POINT('Origin',(-38.0000006780028,18.5000003874302,-7.5));
#7679=CARTESIAN_POINT('',(-45.5000006780028,18.5000003874302,-7.5));
#7680=CARTESIAN_POINT('Origin',(-45.5000006780028,18.5000003874302,-7.5));
#7681=CARTESIAN_POINT('',(-45.5000006780028,-20.5000004172325,-7.5));
#7682=CARTESIAN_POINT('Origin',(-38.0000006780028,-28.0000004172325,-7.5));
#7683=CARTESIAN_POINT('',(-38.0000006780028,-28.0000004172325,-7.5));
#7684=CARTESIAN_POINT('Origin',(-38.0000006780028,-20.5000004172325,-7.5));
#7685=CARTESIAN_POINT('Origin',(13.0000001937151,3.60809769193,18.));
#7686=CARTESIAN_POINT('',(12.0250001937151,3.60809769193,16.5));
#7687=CARTESIAN_POINT('Origin',(13.0000001937151,3.60809769193,16.5));
#7688=CARTESIAN_POINT('',(12.0250001937151,3.60809769193,18.));
#7689=CARTESIAN_POINT('',(12.0250001937151,3.60809769193,18.));
#7690=CARTESIAN_POINT('Origin',(13.0000001937151,3.60809769193,18.));
#7691=CARTESIAN_POINT('Origin',(13.0000001937151,-2.00000002980232,18.));
#7692=CARTESIAN_POINT('',(12.0250001937151,-2.00000002980232,16.5));
#7693=CARTESIAN_POINT('Origin',(13.0000001937151,-2.00000002980232,16.5));
#7694=CARTESIAN_POINT('',(12.0250001937151,-2.00000002980232,18.));
#7695=CARTESIAN_POINT('',(12.0250001937151,-2.00000002980232,18.));
#7696=CARTESIAN_POINT('Origin',(13.0000001937151,-2.00000002980232,18.));
#7697=CARTESIAN_POINT('Origin',(13.0000001937151,3.60809769193,18.));
#7698=CARTESIAN_POINT('',(11.6091477360621,3.44831834082169,18.));
#7699=CARTESIAN_POINT('',(11.6000001937151,3.60809769193,18.));
#7700=CARTESIAN_POINT('Origin',(13.0000001937151,3.60809769193,18.));
#7701=CARTESIAN_POINT('',(11.6000001937151,3.60809769193,16.5));
#7702=CARTESIAN_POINT('',(11.6000001937151,3.60809769193,18.));
#7703=CARTESIAN_POINT('',(11.6091477360621,3.44831834082169,16.5));
#7704=CARTESIAN_POINT('Origin',(13.0000001937151,3.60809769193,16.5));
#7705=CARTESIAN_POINT('',(11.6091477360621,3.44831834082169,18.));
#7706=CARTESIAN_POINT('Origin',(11.6000001937151,3.44831834082169,18.));
#7707=CARTESIAN_POINT('',(11.6000001937151,3.44831834082169,18.));
#7708=CARTESIAN_POINT('',(11.6000001937151,3.44831834082169,18.));
#7709=CARTESIAN_POINT('',(11.6000001937151,3.44831834082169,16.5));
#7710=CARTESIAN_POINT('',(11.6000001937151,3.44831834082169,16.5));
#7711=CARTESIAN_POINT('',(11.6000001937151,3.44831834082169,18.));
#7712=CARTESIAN_POINT('Origin',(11.6000001937151,3.60809769193,18.));
#7713=CARTESIAN_POINT('',(11.6000001937151,3.60809769193,18.));
#7714=CARTESIAN_POINT('',(11.6000001937151,3.60809769193,16.5));
#7715=CARTESIAN_POINT('Origin',(11.2686588228437,4.78640019184203,18.));
#7716=CARTESIAN_POINT('',(12.8121111996912,4.99543244818917,18.));
#7717=CARTESIAN_POINT('',(11.2686588228437,4.78640019184203,18.));
#7718=CARTESIAN_POINT('',(12.8121111996912,4.99543244818917,18.));
#7719=CARTESIAN_POINT('',(12.8121111996912,4.99543244818917,16.5));
#7720=CARTESIAN_POINT('',(12.8121111996912,4.99543244818917,18.));
#7721=CARTESIAN_POINT('',(11.2686588228437,4.78640019184203,16.5));
#7722=CARTESIAN_POINT('',(12.8121111996912,4.99543244818917,16.5));
#7723=CARTESIAN_POINT('',(11.2686588228437,4.78640019184203,18.));
#7724=CARTESIAN_POINT('Origin',(9.77806246970861,-0.278151889131165,18.));
#7725=CARTESIAN_POINT('',(9.77806246970861,-0.278151889131166,18.));
#7726=CARTESIAN_POINT('',(11.2686588228437,4.78640019184203,18.));
#7727=CARTESIAN_POINT('',(9.77806246970861,-0.278151889131166,16.5));
#7728=CARTESIAN_POINT('',(11.2686588228437,4.78640019184203,16.5));
#7729=CARTESIAN_POINT('',(9.77806246970861,-0.278151889131166,18.));
#7730=CARTESIAN_POINT('Origin',(8.50000012665987,-5.00000007450581,18.));
#7731=CARTESIAN_POINT('',(8.50000012665987,-5.00000007450581,18.));
#7732=CARTESIAN_POINT('',(9.77806246970861,-0.278151889131166,18.));
#7733=CARTESIAN_POINT('',(8.50000012665987,-5.00000007450581,16.5));
#7734=CARTESIAN_POINT('',(9.77806246970861,-0.278151889131166,16.5));
#7735=CARTESIAN_POINT('',(8.50000012665987,-5.00000007450581,18.));
#7736=CARTESIAN_POINT('Origin',(10.5233606462761,-8.5626369910978,18.));
#7737=CARTESIAN_POINT('',(10.5233606462761,-8.5626369910978,18.));
#7738=CARTESIAN_POINT('',(8.50000012665987,-5.00000007450581,18.));
#7739=CARTESIAN_POINT('',(10.5233606462761,-8.5626369910978,16.5));
#7740=CARTESIAN_POINT('',(8.50000012665987,-5.00000007450581,16.5));
#7741=CARTESIAN_POINT('',(10.5233606462761,-8.5626369910978,18.));
#7742=CARTESIAN_POINT('Origin',(13.2741840973523,-9.37225792869208,18.));
#7743=CARTESIAN_POINT('',(13.2741840973523,-9.37225792869208,18.));
#7744=CARTESIAN_POINT('',(10.5233606462761,-8.5626369910978,18.));
#7745=CARTESIAN_POINT('',(13.2741840973523,-9.37225792869208,16.5));
#7746=CARTESIAN_POINT('',(10.5233606462761,-8.5626369910978,16.5));
#7747=CARTESIAN_POINT('',(13.2741840973523,-9.37225792869208,18.));
#7748=CARTESIAN_POINT('Origin',(14.5467094495575,-9.22134784413738,18.));
#7749=CARTESIAN_POINT('',(14.5467094495575,-9.22134784413738,18.));
#7750=CARTESIAN_POINT('',(13.2741840973523,-9.37225792869208,18.));
#7751=CARTESIAN_POINT('',(14.5467094495575,-9.22134784413738,16.5));
#7752=CARTESIAN_POINT('',(13.2741840973523,-9.37225792869208,16.5));
#7753=CARTESIAN_POINT('',(14.5467094495575,-9.22134784413738,18.));
#7754=CARTESIAN_POINT('Origin',(17.1907665967424,-9.74000050623961,18.));
#7755=CARTESIAN_POINT('',(17.1907665967424,-9.74000050623961,18.));
#7756=CARTESIAN_POINT('',(14.5467094495575,-9.22134784413738,18.));
#7757=CARTESIAN_POINT('',(17.1907665967424,-9.74000050623961,16.5));
#7758=CARTESIAN_POINT('',(14.5467094495575,-9.22134784413738,16.5));
#7759=CARTESIAN_POINT('',(17.1907665967424,-9.74000050623961,18.));
#7760=CARTESIAN_POINT('Origin',(16.6064169128215,-7.31727486290622,18.));
#7761=CARTESIAN_POINT('',(16.6064169128215,-7.31727486290622,18.));
#7762=CARTESIAN_POINT('',(17.1907665967424,-9.74000050623961,18.));
#7763=CARTESIAN_POINT('',(16.6064169128215,-7.31727486290622,16.5));
#7764=CARTESIAN_POINT('',(17.1907665967424,-9.74000050623961,16.5));
#7765=CARTESIAN_POINT('',(16.6064169128215,-7.31727486290622,18.));
#7766=CARTESIAN_POINT('Origin',(16.1776634303717,-3.70187912660671,18.));
#7767=CARTESIAN_POINT('',(16.1776634303717,-3.70187912660671,18.));
#7768=CARTESIAN_POINT('',(16.6064169128215,-7.31727486290622,18.));
#7769=CARTESIAN_POINT('',(16.1776634303717,-3.70187912660671,16.5));
#7770=CARTESIAN_POINT('',(16.6064169128215,-7.31727486290622,16.5));
#7771=CARTESIAN_POINT('',(16.1776634303717,-3.70187912660671,18.));
#7772=CARTESIAN_POINT('Origin',(16.1776634303717,-0.119229203727964,18.));
#7773=CARTESIAN_POINT('',(16.1776634303717,-0.119229203727964,18.));
#7774=CARTESIAN_POINT('',(16.1776634303717,-3.70187912660671,18.));
#7775=CARTESIAN_POINT('',(16.1776634303717,-0.119229203727964,16.5));
#7776=CARTESIAN_POINT('',(16.1776634303717,-3.70187912660671,16.5));
#7777=CARTESIAN_POINT('',(16.1776634303717,-0.119229203727964,18.));
#7778=CARTESIAN_POINT('Origin',(14.4000001937151,3.60809769193,18.));
#7779=CARTESIAN_POINT('',(14.4000001937151,3.60809769193,18.));
#7780=CARTESIAN_POINT('',(16.1776634303717,-0.119229203727964,18.));
#7781=CARTESIAN_POINT('',(14.4000001937151,3.60809769193,16.5));
#7782=CARTESIAN_POINT('',(16.1776634303717,-0.119229203727964,16.5));
#7783=CARTESIAN_POINT('',(14.4000001937151,3.60809769193,18.));
#7784=CARTESIAN_POINT('Origin',(13.0000001937151,3.60809769193,18.));
#7785=CARTESIAN_POINT('Origin',(13.0000001937151,3.60809769193,18.));
#7786=CARTESIAN_POINT('Origin',(13.0000001937151,3.60809769193,16.5));
#7787=CARTESIAN_POINT('Origin',(12.8453833617012,-2.3659514071548,16.5));
#7788=CARTESIAN_POINT('Origin',(12.8453833617012,-2.3659514071548,18.));
#7789=CARTESIAN_POINT('Origin',(-31.2499998696148,-26.0000003874302,16.));
#7790=CARTESIAN_POINT('',(-30.2749998696148,-26.0000003874302,-7.5));
#7791=CARTESIAN_POINT('Origin',(-31.2499998696148,-26.0000003874302,-7.5));
#7792=CARTESIAN_POINT('',(-30.2749998696148,-26.0000003874302,-9.));
#7793=CARTESIAN_POINT('',(-30.2749998696148,-26.0000003874302,16.));
#7794=CARTESIAN_POINT('',(-30.412966435278,-26.5000004172325,-9.));
#7795=CARTESIAN_POINT('Origin',(-31.2499998696148,-26.0000003874302,-9.));
#7796=CARTESIAN_POINT('',(-32.0870333039517,-26.5000004172325,-9.));
#7797=CARTESIAN_POINT('Ctrl Pts',(-32.0870333039517,-26.5000004172325,-9.));
#7798=CARTESIAN_POINT('Ctrl Pts',(-32.0468800559267,-26.5672196354141,-9.));
#7799=CARTESIAN_POINT('Ctrl Pts',(-31.9988016863414,-26.6288572972786,-8.99541542575001));
#7800=CARTESIAN_POINT('Ctrl Pts',(-31.8597289603044,-26.7709249105478,-8.97804511808459));
#7801=CARTESIAN_POINT('Ctrl Pts',(-31.7495579657705,-26.8475597927203,-8.96013838251505));
#7802=CARTESIAN_POINT('Ctrl Pts',(-31.5071846498426,-26.9496166049004,-8.93200807323573));
#7803=CARTESIAN_POINT('Ctrl Pts',(-31.3748488799571,-26.9750003874302,-8.92280533746265));
#7804=CARTESIAN_POINT('Ctrl Pts',(-31.2499998696148,-26.9750003874302,-8.92280533746265));
#7805=CARTESIAN_POINT('Ctrl Pts',(-31.1251508592726,-26.9750003874302,-8.92280533746265));
#7806=CARTESIAN_POINT('Ctrl Pts',(-30.9928150893871,-26.9496166049004,-8.93200807323573));
#7807=CARTESIAN_POINT('Ctrl Pts',(-30.7504417734592,-26.8475597927203,-8.96013838251506));
#7808=CARTESIAN_POINT('Ctrl Pts',(-30.6402707789253,-26.7709249105478,-8.97804511808459));
#7809=CARTESIAN_POINT('Ctrl Pts',(-30.5011980530482,-26.628857297442,-8.99541542573004));
#7810=CARTESIAN_POINT('Ctrl Pts',(-30.4531196832335,-26.5672196352979,-9.));
#7811=CARTESIAN_POINT('Ctrl Pts',(-30.412966435278,-26.5000004172325,-9.));
#7812=CARTESIAN_POINT('Origin',(-31.2499998696148,-26.0000003874302,-9.));
#7813=CARTESIAN_POINT('Origin',(-43.6686992607972,13.0000001937151,16.));
#7814=CARTESIAN_POINT('',(-42.6936992607972,13.0000001937151,-7.5));
#7815=CARTESIAN_POINT('Origin',(-43.6686992607972,13.0000001937151,-7.5));
#7816=CARTESIAN_POINT('',(-42.6936992607972,13.0000001937151,-9.));
#7817=CARTESIAN_POINT('',(-42.6936992607972,13.0000001937151,16.));
#7818=CARTESIAN_POINT('',(-44.0000006780028,12.0830136229533,-9.));
#7819=CARTESIAN_POINT('Origin',(-43.6686992607972,13.0000001937151,-9.));
#7820=CARTESIAN_POINT('',(-44.0000006780028,13.9169867644769,-9.));
#7821=CARTESIAN_POINT('Ctrl Pts',(-44.0000006780028,13.9169867644769,-9.));
#7822=CARTESIAN_POINT('Ctrl Pts',(-44.012330611702,13.9125320378333,-9.));
#7823=CARTESIAN_POINT('Ctrl Pts',(-44.0245800909269,13.9078250692647,-8.99984785204832));
#7824=CARTESIAN_POINT('Ctrl Pts',(-44.1560433979829,13.8542375851151,-8.99662778297438));
#7825=CARTESIAN_POINT('Ctrl Pts',(-44.2653516012214,13.7805001041221,-8.97899770156724));
#7826=CARTESIAN_POINT('Ctrl Pts',(-44.4397996269055,13.6093788057143,-8.93695307440307));
#7827=CARTESIAN_POINT('Ctrl Pts',(-44.5160814759655,13.499784606481,-8.90950124170201));
#7828=CARTESIAN_POINT('Ctrl Pts',(-44.6180577932894,13.2579906061437,-8.86785923071415));
#7829=CARTESIAN_POINT('Ctrl Pts',(-44.6436992607972,13.1255644600517,-8.85486240427158));
#7830=CARTESIAN_POINT('Ctrl Pts',(-44.6436992607972,13.0000001937151,-8.85486240427158));
#7831=CARTESIAN_POINT('Ctrl Pts',(-44.6436992607972,12.8744359273785,-8.85486240427158));
#7832=CARTESIAN_POINT('Ctrl Pts',(-44.6180577932894,12.7420097812865,-8.86785923071415));
#7833=CARTESIAN_POINT('Ctrl Pts',(-44.5160814759655,12.5002157809492,-8.90950124170201));
#7834=CARTESIAN_POINT('Ctrl Pts',(-44.4397996269055,12.3906215817159,-8.93695307440307));
#7835=CARTESIAN_POINT('Ctrl Pts',(-44.2653516012214,12.2195002833081,-8.97899770156724));
#7836=CARTESIAN_POINT('Ctrl Pts',(-44.1560433979829,12.1457628023151,-8.99662778297438));
#7837=CARTESIAN_POINT('Ctrl Pts',(-44.0245800909269,12.0921753181654,-8.99984785204832));
#7838=CARTESIAN_POINT('Ctrl Pts',(-44.012330611702,12.0874683495969,-9.));
#7839=CARTESIAN_POINT('Ctrl Pts',(-44.0000006780028,12.0830136229533,-9.));
#7840=CARTESIAN_POINT('Origin',(-43.6686992607972,13.0000001937151,-9.));
#7841=CARTESIAN_POINT('Origin',(8.75000013038516,-26.0000003874302,16.));
#7842=CARTESIAN_POINT('',(9.72500013038516,-26.0000003874302,-7.5));
#7843=CARTESIAN_POINT('Origin',(8.75000013038516,-26.0000003874302,-7.5));
#7844=CARTESIAN_POINT('',(9.72500013038516,-26.0000003874302,-9.));
#7845=CARTESIAN_POINT('',(9.72500013038516,-26.0000003874302,16.));
#7846=CARTESIAN_POINT('',(9.58703356472197,-26.5000004172325,-9.));
#7847=CARTESIAN_POINT('Origin',(8.75000013038516,-26.0000003874302,-9.));
#7848=CARTESIAN_POINT('',(7.91296669604835,-26.5000004172325,-9.));
#7849=CARTESIAN_POINT('Ctrl Pts',(7.91296669604835,-26.5000004172325,-9.));
#7850=CARTESIAN_POINT('Ctrl Pts',(7.95311994407329,-26.5672196354141,-9.));
#7851=CARTESIAN_POINT('Ctrl Pts',(8.00119831365858,-26.6288572972786,-8.99541542575001));
#7852=CARTESIAN_POINT('Ctrl Pts',(8.14027103969562,-26.7709249105478,-8.97804511808459));
#7853=CARTESIAN_POINT('Ctrl Pts',(8.25044203422949,-26.8475597927203,-8.96013838251506));
#7854=CARTESIAN_POINT('Ctrl Pts',(8.49281535015739,-26.9496166049004,-8.93200807323573));
#7855=CARTESIAN_POINT('Ctrl Pts',(8.62515112004293,-26.9750003874302,-8.92280533746265));
#7856=CARTESIAN_POINT('Ctrl Pts',(8.75000013038516,-26.9750003874302,-8.92280533746265));
#7857=CARTESIAN_POINT('Ctrl Pts',(8.8748491407274,-26.9750003874302,-8.92280533746265));
#7858=CARTESIAN_POINT('Ctrl Pts',(9.00718491061293,-26.9496166049004,-8.93200807323573));
#7859=CARTESIAN_POINT('Ctrl Pts',(9.24955822654083,-26.8475597927203,-8.96013838251506));
#7860=CARTESIAN_POINT('Ctrl Pts',(9.3597292210747,-26.7709249105478,-8.97804511808459));
#7861=CARTESIAN_POINT('Ctrl Pts',(9.49880194695184,-26.628857297442,-8.99541542573004));
#7862=CARTESIAN_POINT('Ctrl Pts',(9.54688031676646,-26.5672196352979,-9.));
#7863=CARTESIAN_POINT('Ctrl Pts',(9.58703356472197,-26.5000004172325,-9.));
#7864=CARTESIAN_POINT('Origin',(8.75000013038516,-26.0000003874302,-9.));
#7865=CARTESIAN_POINT('Origin',(48.7500001303852,24.0000003576279,16.));
#7866=CARTESIAN_POINT('',(49.7250001303852,24.0000003576279,-7.5));
#7867=CARTESIAN_POINT('Origin',(48.7500001303852,24.0000003576279,-7.5));
#7868=CARTESIAN_POINT('',(49.7250001303852,24.0000003576279,-9.));
#7869=CARTESIAN_POINT('',(49.7250001303852,24.0000003576279,16.));
#7870=CARTESIAN_POINT('',(47.9129666960483,24.5000003874302,-9.));
#7871=CARTESIAN_POINT('Origin',(48.7500001303852,24.0000003576279,-9.));
#7872=CARTESIAN_POINT('',(49.587033564722,24.5000003874302,-9.));
#7873=CARTESIAN_POINT('Ctrl Pts',(49.587033564722,24.5000003874302,-9.));
#7874=CARTESIAN_POINT('Ctrl Pts',(49.546880316697,24.5672196056118,-9.));
#7875=CARTESIAN_POINT('Ctrl Pts',(49.4988019471117,24.6288572674763,-8.99541542575001));
#7876=CARTESIAN_POINT('Ctrl Pts',(49.3597292210747,24.7709248807454,-8.97804511808459));
#7877=CARTESIAN_POINT('Ctrl Pts',(49.2495582265408,24.847559762918,-8.96013838251506));
#7878=CARTESIAN_POINT('Ctrl Pts',(49.0071849106129,24.9496165750981,-8.93200807323573));
#7879=CARTESIAN_POINT('Ctrl Pts',(48.8748491407274,24.9750003576279,-8.92280533746265));
#7880=CARTESIAN_POINT('Ctrl Pts',(48.7500001303852,24.9750003576279,-8.92280533746265));
#7881=CARTESIAN_POINT('Ctrl Pts',(48.6251511200429,24.9750003576279,-8.92280533746265));
#7882=CARTESIAN_POINT('Ctrl Pts',(48.4928153501574,24.9496165750981,-8.93200807323573));
#7883=CARTESIAN_POINT('Ctrl Pts',(48.2504420342295,24.847559762918,-8.96013838251506));
#7884=CARTESIAN_POINT('Ctrl Pts',(48.1402710396956,24.7709248807454,-8.97804511808459));
#7885=CARTESIAN_POINT('Ctrl Pts',(48.0011983138185,24.6288572676397,-8.99541542573004));
#7886=CARTESIAN_POINT('Ctrl Pts',(47.9531199440039,24.5672196054956,-9.));
#7887=CARTESIAN_POINT('Ctrl Pts',(47.9129666960483,24.5000003874302,-9.));
#7888=CARTESIAN_POINT('Origin',(48.7500001303852,24.0000003576279,-9.));
#7889=CARTESIAN_POINT('Origin',(61.1686995215675,-15.0000002235174,16.));
#7890=CARTESIAN_POINT('',(62.1436995215675,-15.0000002235174,-7.5));
#7891=CARTESIAN_POINT('Origin',(61.1686995215675,-15.0000002235174,-7.5));
#7892=CARTESIAN_POINT('',(62.1436995215675,-15.0000002235174,-8.85486240427158));
#7893=CARTESIAN_POINT('',(62.1436995215675,-15.0000002235174,16.));
#7894=CARTESIAN_POINT('',(61.5000009387732,-15.9169867942792,-9.));
#7895=CARTESIAN_POINT('Ctrl Pts',(61.5000009387732,-15.9169867942792,-9.));
#7896=CARTESIAN_POINT('Ctrl Pts',(61.5123308724723,-15.9125320676356,-9.));
#7897=CARTESIAN_POINT('Ctrl Pts',(61.5245803516973,-15.9078250990671,-8.99984785204832));
#7898=CARTESIAN_POINT('Ctrl Pts',(61.6560436587533,-15.8542376149174,-8.99662778297438));
#7899=CARTESIAN_POINT('Ctrl Pts',(61.7653518619918,-15.7805001339244,-8.97899770156724));
#7900=CARTESIAN_POINT('Ctrl Pts',(61.9397998876758,-15.6093788355166,-8.93695307440307));
#7901=CARTESIAN_POINT('Ctrl Pts',(62.0160817367358,-15.4997846362833,-8.90950124170201));
#7902=CARTESIAN_POINT('Ctrl Pts',(62.1180580540597,-15.257990635946,-8.86785923071415));
#7903=CARTESIAN_POINT('Ctrl Pts',(62.1436995215675,-15.125564489854,-8.85486240427158));
#7904=CARTESIAN_POINT('Ctrl Pts',(62.1436995215675,-15.0000002235174,-8.85486240427158));
#7905=CARTESIAN_POINT('',(61.5000009387732,-14.0830136527556,-9.));
#7906=CARTESIAN_POINT('Origin',(61.1686995215675,-15.0000002235174,-9.));
#7907=CARTESIAN_POINT('Ctrl Pts',(62.1436995215675,-15.0000002235174,-8.85486240427158));
#7908=CARTESIAN_POINT('Ctrl Pts',(62.1436995215675,-14.8744359571808,-8.85486240427158));
#7909=CARTESIAN_POINT('Ctrl Pts',(62.1180580540597,-14.7420098110889,-8.86785923071415));
#7910=CARTESIAN_POINT('Ctrl Pts',(62.0160817367358,-14.5002158107515,-8.90950124170201));
#7911=CARTESIAN_POINT('Ctrl Pts',(61.9397998876758,-14.3906216115183,-8.93695307440307));
#7912=CARTESIAN_POINT('Ctrl Pts',(61.7653518619918,-14.2195003131104,-8.97899770156724));
#7913=CARTESIAN_POINT('Ctrl Pts',(61.6560436587532,-14.1457628321174,-8.99662778297438));
#7914=CARTESIAN_POINT('Ctrl Pts',(61.5245803516972,-14.0921753479678,-8.99984785204832));
#7915=CARTESIAN_POINT('Ctrl Pts',(61.5123308724723,-14.0874683793992,-9.));
#7916=CARTESIAN_POINT('Ctrl Pts',(61.5000009387732,-14.0830136527556,-9.));
#7917=CARTESIAN_POINT('Origin',(61.1686995215675,13.0000001937151,16.));
#7918=CARTESIAN_POINT('',(62.1436995215675,13.0000001937151,-7.5));
#7919=CARTESIAN_POINT('Origin',(61.1686995215675,13.0000001937151,-7.5));
#7920=CARTESIAN_POINT('',(62.1436995215675,13.0000001937151,-8.85486240427158));
#7921=CARTESIAN_POINT('',(62.1436995215675,13.0000001937151,16.));
#7922=CARTESIAN_POINT('',(61.5000009387732,12.0830136229533,-9.));
#7923=CARTESIAN_POINT('Ctrl Pts',(61.5000009387732,12.0830136229533,-9.));
#7924=CARTESIAN_POINT('Ctrl Pts',(61.5123308724723,12.0874683495969,-9.));
#7925=CARTESIAN_POINT('Ctrl Pts',(61.5245803516972,12.0921753181654,-8.99984785204832));
#7926=CARTESIAN_POINT('Ctrl Pts',(61.6560436587532,12.1457628023151,-8.99662778297438));
#7927=CARTESIAN_POINT('Ctrl Pts',(61.7653518619918,12.2195002833081,-8.97899770156724));
#7928=CARTESIAN_POINT('Ctrl Pts',(61.9397998876758,12.3906215817159,-8.93695307440307));
#7929=CARTESIAN_POINT('Ctrl Pts',(62.0160817367358,12.5002157809492,-8.90950124170201));
#7930=CARTESIAN_POINT('Ctrl Pts',(62.1180580540597,12.7420097812865,-8.86785923071414));
#7931=CARTESIAN_POINT('Ctrl Pts',(62.1436995215675,12.8744359273785,-8.85486240427158));
#7932=CARTESIAN_POINT('Ctrl Pts',(62.1436995215675,13.0000001937151,-8.85486240427158));
#7933=CARTESIAN_POINT('',(61.5000009387732,13.9169867644769,-9.));
#7934=CARTESIAN_POINT('Origin',(61.1686995215675,13.0000001937151,-9.));
#7935=CARTESIAN_POINT('Ctrl Pts',(62.1436995215675,13.0000001937151,-8.85486240427158));
#7936=CARTESIAN_POINT('Ctrl Pts',(62.1436995215675,13.1255644600517,-8.85486240427158));
#7937=CARTESIAN_POINT('Ctrl Pts',(62.1180580540597,13.2579906061437,-8.86785923071415));
#7938=CARTESIAN_POINT('Ctrl Pts',(62.0160817367358,13.499784606481,-8.90950124170201));
#7939=CARTESIAN_POINT('Ctrl Pts',(61.9397998876758,13.6093788057143,-8.93695307440307));
#7940=CARTESIAN_POINT('Ctrl Pts',(61.7653518619918,13.7805001041221,-8.97899770156724));
#7941=CARTESIAN_POINT('Ctrl Pts',(61.6560436587532,13.8542375851151,-8.99662778297438));
#7942=CARTESIAN_POINT('Ctrl Pts',(61.5245803516972,13.9078250692647,-8.99984785204832));
#7943=CARTESIAN_POINT('Ctrl Pts',(61.5123308724723,13.9125320378333,-9.));
#7944=CARTESIAN_POINT('Ctrl Pts',(61.5000009387732,13.9169867644769,-9.));
#7945=CARTESIAN_POINT('Origin',(8.75000013038515,24.0000003576279,16.));
#7946=CARTESIAN_POINT('',(9.72500013038515,24.0000003576279,-7.5));
#7947=CARTESIAN_POINT('Origin',(8.75000013038515,24.0000003576279,-7.5));
#7948=CARTESIAN_POINT('',(9.72500013038515,24.0000003576279,-9.));
#7949=CARTESIAN_POINT('',(9.72500013038515,24.0000003576279,16.));
#7950=CARTESIAN_POINT('',(7.91296669604834,24.5000003874302,-9.));
#7951=CARTESIAN_POINT('Origin',(8.75000013038515,24.0000003576279,-9.));
#7952=CARTESIAN_POINT('',(9.58703356472196,24.5000003874302,-9.));
#7953=CARTESIAN_POINT('Ctrl Pts',(9.58703356472196,24.5000003874302,-9.));
#7954=CARTESIAN_POINT('Ctrl Pts',(9.54688031669702,24.5672196056118,-9.));
#7955=CARTESIAN_POINT('Ctrl Pts',(9.49880194711174,24.6288572674763,-8.99541542575001));
#7956=CARTESIAN_POINT('Ctrl Pts',(9.35972922107469,24.7709248807454,-8.97804511808459));
#7957=CARTESIAN_POINT('Ctrl Pts',(9.24955822654082,24.847559762918,-8.96013838251506));
#7958=CARTESIAN_POINT('Ctrl Pts',(9.00718491061292,24.9496165750981,-8.93200807323573));
#7959=CARTESIAN_POINT('Ctrl Pts',(8.87484914072738,24.9750003576279,-8.92280533746265));
#7960=CARTESIAN_POINT('Ctrl Pts',(8.75000013038515,24.9750003576279,-8.92280533746265));
#7961=CARTESIAN_POINT('Ctrl Pts',(8.62515112004292,24.9750003576279,-8.92280533746265));
#7962=CARTESIAN_POINT('Ctrl Pts',(8.49281535015738,24.9496165750981,-8.93200807323573));
#7963=CARTESIAN_POINT('Ctrl Pts',(8.25044203422948,24.847559762918,-8.96013838251506));
#7964=CARTESIAN_POINT('Ctrl Pts',(8.14027103969561,24.7709248807454,-8.97804511808459));
#7965=CARTESIAN_POINT('Ctrl Pts',(8.00119831381847,24.6288572676397,-8.99541542573004));
#7966=CARTESIAN_POINT('Ctrl Pts',(7.95311994400385,24.5672196054956,-9.));
#7967=CARTESIAN_POINT('Ctrl Pts',(7.91296669604834,24.5000003874302,-9.));
#7968=CARTESIAN_POINT('Origin',(8.75000013038515,24.0000003576279,-9.));
#7969=CARTESIAN_POINT('Origin',(-31.2499998696148,24.0000003576279,16.));
#7970=CARTESIAN_POINT('',(-30.2749998696148,24.0000003576279,-7.5));
#7971=CARTESIAN_POINT('Origin',(-31.2499998696148,24.0000003576279,-7.5));
#7972=CARTESIAN_POINT('',(-30.2749998696148,24.0000003576279,-9.));
#7973=CARTESIAN_POINT('',(-30.2749998696148,24.0000003576279,16.));
#7974=CARTESIAN_POINT('',(-32.0870333039517,24.5000003874302,-9.));
#7975=CARTESIAN_POINT('Origin',(-31.2499998696148,24.0000003576279,-9.));
#7976=CARTESIAN_POINT('',(-30.412966435278,24.5000003874302,-9.));
#7977=CARTESIAN_POINT('Ctrl Pts',(-30.412966435278,24.5000003874302,-9.));
#7978=CARTESIAN_POINT('Ctrl Pts',(-30.453119683303,24.5672196056118,-9.));
#7979=CARTESIAN_POINT('Ctrl Pts',(-30.5011980528883,24.6288572674763,-8.99541542575001));
#7980=CARTESIAN_POINT('Ctrl Pts',(-30.6402707789253,24.7709248807454,-8.97804511808459));
#7981=CARTESIAN_POINT('Ctrl Pts',(-30.7504417734592,24.847559762918,-8.96013838251506));
#7982=CARTESIAN_POINT('Ctrl Pts',(-30.9928150893871,24.9496165750981,-8.93200807323573));
#7983=CARTESIAN_POINT('Ctrl Pts',(-31.1251508592726,24.9750003576279,-8.92280533746265));
#7984=CARTESIAN_POINT('Ctrl Pts',(-31.2499998696148,24.9750003576279,-8.92280533746265));
#7985=CARTESIAN_POINT('Ctrl Pts',(-31.3748488799571,24.9750003576279,-8.92280533746265));
#7986=CARTESIAN_POINT('Ctrl Pts',(-31.5071846498426,24.9496165750981,-8.93200807323573));
#7987=CARTESIAN_POINT('Ctrl Pts',(-31.7495579657705,24.847559762918,-8.96013838251506));
#7988=CARTESIAN_POINT('Ctrl Pts',(-31.8597289603044,24.7709248807454,-8.97804511808459));
#7989=CARTESIAN_POINT('Ctrl Pts',(-31.9988016861815,24.6288572676397,-8.99541542573004));
#7990=CARTESIAN_POINT('Ctrl Pts',(-32.0468800559961,24.5672196054956,-9.));
#7991=CARTESIAN_POINT('Ctrl Pts',(-32.0870333039517,24.5000003874302,-9.));
#7992=CARTESIAN_POINT('Origin',(-31.2499998696148,24.0000003576279,-9.));
#7993=CARTESIAN_POINT('Origin',(-43.6686992607972,-15.0000002235174,16.));
#7994=CARTESIAN_POINT('',(-42.6936992607972,-15.0000002235174,-7.5));
#7995=CARTESIAN_POINT('Origin',(-43.6686992607972,-15.0000002235174,-7.5));
#7996=CARTESIAN_POINT('',(-42.6936992607972,-15.0000002235174,-9.));
#7997=CARTESIAN_POINT('',(-42.6936992607972,-15.0000002235174,16.));
#7998=CARTESIAN_POINT('',(-44.0000006780028,-15.9169867942792,-9.));
#7999=CARTESIAN_POINT('Origin',(-43.6686992607972,-15.0000002235174,-9.));
#8000=CARTESIAN_POINT('',(-44.0000006780028,-14.0830136527556,-9.));
#8001=CARTESIAN_POINT('Ctrl Pts',(-44.0000006780028,-14.0830136527556,-9.));
#8002=CARTESIAN_POINT('Ctrl Pts',(-44.012330611702,-14.0874683793992,-9.));
#8003=CARTESIAN_POINT('Ctrl Pts',(-44.0245800909269,-14.0921753479678,-8.99984785204832));
#8004=CARTESIAN_POINT('Ctrl Pts',(-44.1560433979829,-14.1457628321174,-8.99662778297438));
#8005=CARTESIAN_POINT('Ctrl Pts',(-44.2653516012214,-14.2195003131104,-8.97899770156724));
#8006=CARTESIAN_POINT('Ctrl Pts',(-44.4397996269055,-14.3906216115183,-8.93695307440307));
#8007=CARTESIAN_POINT('Ctrl Pts',(-44.5160814759655,-14.5002158107516,-8.90950124170201));
#8008=CARTESIAN_POINT('Ctrl Pts',(-44.6180577932894,-14.7420098110889,-8.86785923071415));
#8009=CARTESIAN_POINT('Ctrl Pts',(-44.6436992607972,-14.8744359571808,-8.85486240427158));
#8010=CARTESIAN_POINT('Ctrl Pts',(-44.6436992607972,-15.0000002235174,-8.85486240427158));
#8011=CARTESIAN_POINT('Ctrl Pts',(-44.6436992607972,-15.125564489854,-8.85486240427158));
#8012=CARTESIAN_POINT('Ctrl Pts',(-44.6180577932894,-15.257990635946,-8.86785923071415));
#8013=CARTESIAN_POINT('Ctrl Pts',(-44.5160814759655,-15.4997846362833,-8.90950124170201));
#8014=CARTESIAN_POINT('Ctrl Pts',(-44.4397996269055,-15.6093788355166,-8.93695307440307));
#8015=CARTESIAN_POINT('Ctrl Pts',(-44.2653516012214,-15.7805001339244,-8.97899770156724));
#8016=CARTESIAN_POINT('Ctrl Pts',(-44.1560433979829,-15.8542376149174,-8.99662778297438));
#8017=CARTESIAN_POINT('Ctrl Pts',(-44.0245800909269,-15.9078250990671,-8.99984785204832));
#8018=CARTESIAN_POINT('Ctrl Pts',(-44.012330611702,-15.9125320676356,-9.));
#8019=CARTESIAN_POINT('Ctrl Pts',(-44.0000006780028,-15.9169867942792,-9.));
#8020=CARTESIAN_POINT('Origin',(-43.6686992607972,-15.0000002235174,-9.));
#8021=CARTESIAN_POINT('Origin',(49.0000007301569,-26.0000003874302,16.));
#8022=CARTESIAN_POINT('',(49.9750007301569,-26.0000003874302,-7.5));
#8023=CARTESIAN_POINT('Origin',(49.0000007301569,-26.0000003874302,-7.5));
#8024=CARTESIAN_POINT('',(49.9750007301569,-26.0000003874302,-9.));
#8025=CARTESIAN_POINT('',(49.9750007301569,-26.0000003874302,16.));
#8026=CARTESIAN_POINT('',(49.8370341644937,-26.5000004172325,-9.));
#8027=CARTESIAN_POINT('Origin',(49.0000007301569,-26.0000003874302,-9.));
#8028=CARTESIAN_POINT('',(48.1629672958201,-26.5000004172325,-9.));
#8029=CARTESIAN_POINT('Ctrl Pts',(48.1629672958201,-26.5000004172325,-9.));
#8030=CARTESIAN_POINT('Ctrl Pts',(48.203120543845,-26.5672196354141,-9.));
#8031=CARTESIAN_POINT('Ctrl Pts',(48.2511989134303,-26.6288572972786,-8.99541542575001));
#8032=CARTESIAN_POINT('Ctrl Pts',(48.3902716394674,-26.7709249105478,-8.97804511808459));
#8033=CARTESIAN_POINT('Ctrl Pts',(48.5004426340012,-26.8475597927203,-8.96013838251506));
#8034=CARTESIAN_POINT('Ctrl Pts',(48.7428159499291,-26.9496166049004,-8.93200807323573));
#8035=CARTESIAN_POINT('Ctrl Pts',(48.8751517198147,-26.9750003874302,-8.92280533746265));
#8036=CARTESIAN_POINT('Ctrl Pts',(49.0000007301569,-26.9750003874302,-8.92280533746265));
#8037=CARTESIAN_POINT('Ctrl Pts',(49.1248497404991,-26.9750003874302,-8.92280533746265));
#8038=CARTESIAN_POINT('Ctrl Pts',(49.2571855103847,-26.9496166049004,-8.93200807323573));
#8039=CARTESIAN_POINT('Ctrl Pts',(49.4995588263126,-26.8475597927203,-8.96013838251506));
#8040=CARTESIAN_POINT('Ctrl Pts',(49.6097298208464,-26.7709249105478,-8.97804511808459));
#8041=CARTESIAN_POINT('Ctrl Pts',(49.7488025467236,-26.628857297442,-8.99541542573004));
#8042=CARTESIAN_POINT('Ctrl Pts',(49.7968809165382,-26.5672196352979,-9.));
#8043=CARTESIAN_POINT('Ctrl Pts',(49.8370341644937,-26.5000004172325,-9.));
#8044=CARTESIAN_POINT('Origin',(49.0000007301569,-26.0000003874302,-9.));
#8045=CARTESIAN_POINT('Origin',(8.75000013038516,-1.00000001490116,-9.));
#8046=CARTESIAN_POINT('',(-38.0000006780028,-26.5000004172325,-9.));
#8047=CARTESIAN_POINT('',(32.1250005345791,-26.5000004172325,-9.));
#8048=CARTESIAN_POINT('',(-44.0000006780028,-20.5000004172325,-9.));
#8049=CARTESIAN_POINT('Origin',(-38.0000006780028,-20.5000004172325,-9.));
#8050=CARTESIAN_POINT('',(-44.0000006780028,-10.7500002160668,-9.));
#8051=CARTESIAN_POINT('',(-44.0000006780028,-10.7500002160668,-9.));
#8052=CARTESIAN_POINT('',(-44.0000006780028,18.5000003874302,-9.));
#8053=CARTESIAN_POINT('',(-44.0000006780028,-10.7500002160668,-9.));
#8054=CARTESIAN_POINT('',(-38.0000006780028,24.5000003874302,-9.));
#8055=CARTESIAN_POINT('Origin',(-38.0000006780028,18.5000003874302,-9.));
#8056=CARTESIAN_POINT('',(-14.6250002738088,24.5000003874302,-9.));
#8057=CARTESIAN_POINT('',(-14.6250002738088,24.5000003874302,-9.));
#8058=CARTESIAN_POINT('',(-14.6250002738088,24.5000003874302,-9.));
#8059=CARTESIAN_POINT('',(55.5000009387732,24.5000003874302,-9.));
#8060=CARTESIAN_POINT('',(-14.6250002738088,24.5000003874302,-9.));
#8061=CARTESIAN_POINT('',(61.5000009387732,18.5000003874302,-9.));
#8062=CARTESIAN_POINT('Origin',(55.5000009387732,18.5000003874302,-9.));
#8063=CARTESIAN_POINT('',(61.5000009387732,8.75000018626451,-9.));
#8064=CARTESIAN_POINT('',(61.5000009387732,8.75000018626451,-9.));
#8065=CARTESIAN_POINT('',(61.5000009387732,-20.5000004172325,-9.));
#8066=CARTESIAN_POINT('',(61.5000009387732,8.75000018626451,-9.));
#8067=CARTESIAN_POINT('',(55.5000009387731,-26.5000004172325,-9.));
#8068=CARTESIAN_POINT('Origin',(55.5000009387731,-20.5000004172325,-9.));
#8069=CARTESIAN_POINT('',(32.1250005345791,-26.5000004172325,-9.));
#8070=CARTESIAN_POINT('',(32.1250005345791,-26.5000004172325,-9.));
#8071=CARTESIAN_POINT('',(32.1250005345791,-26.5000004172325,-9.));
#8072=CARTESIAN_POINT('',(12.8576671565737,-14.8521327987561,-9.));
#8073=CARTESIAN_POINT('',(12.8576671565737,19.3999995663762,-9.));
#8074=CARTESIAN_POINT('',(12.8576671565737,-14.8521327987561,-9.));
#8075=CARTESIAN_POINT('',(-32.2529404286277,19.3999995663762,-9.));
#8076=CARTESIAN_POINT('',(12.8576671565737,19.3999995663762,-9.));
#8077=CARTESIAN_POINT('',(-32.2529404286277,-14.8521327987561,-9.));
#8078=CARTESIAN_POINT('',(-32.2529404286277,19.3999995663762,-9.));
#8079=CARTESIAN_POINT('',(-32.2529404286277,-14.8521327987561,-9.));
#8080=CARTESIAN_POINT('',(38.2622599996666,-1.31795525972753,-9.));
#8081=CARTESIAN_POINT('',(38.2622599996666,-0.167955259727532,-9.));
#8082=CARTESIAN_POINT('',(38.2622599996666,8.7070492054969,-9.));
#8083=CARTESIAN_POINT('',(29.5998635758621,-0.16795525972753,-9.));
#8084=CARTESIAN_POINT('',(23.5061300650259,-0.167955259727529,-9.));
#8085=CARTESIAN_POINT('',(29.4340372397372,-5.39838457274627,-9.));
#8086=CARTESIAN_POINT('Origin',(27.384175058009,-2.7155520782225,-9.));
#8087=CARTESIAN_POINT('',(38.2622599996666,-5.39838457274627,-9.));
#8088=CARTESIAN_POINT('',(19.0488197456936,-5.39838457274627,-9.));
#8089=CARTESIAN_POINT('',(38.2622599996666,-4.24838457274627,-9.));
#8090=CARTESIAN_POINT('',(38.2622599996666,8.7070492054969,-9.));
#8091=CARTESIAN_POINT('',(29.3417086343329,-4.24838457274627,-9.));
#8092=CARTESIAN_POINT('',(23.5061300650259,-4.24838457274627,-9.));
#8093=CARTESIAN_POINT('',(28.9987635788714,-4.24839160402767,-9.));
#8094=CARTESIAN_POINT('',(19.0458825616873,-4.24859566748338,-9.));
#8095=CARTESIAN_POINT('',(29.1171540643746,-1.31795525972753,-9.));
#8096=CARTESIAN_POINT('Origin',(27.384175058009,-2.7155520782225,-9.));
#8097=CARTESIAN_POINT('',(19.045854382359,-1.31795525972753,-9.));
#8098=CARTESIAN_POINT('',(38.2622599996666,7.8070492054969,-9.));
#8099=CARTESIAN_POINT('',(38.2622599996666,8.9570492054969,-9.));
#8100=CARTESIAN_POINT('',(38.2622599996666,8.7070492054969,-9.));
#8101=CARTESIAN_POINT('',(29.594004569013,8.9570492054969,-9.));
#8102=CARTESIAN_POINT('',(23.5061300650259,8.9570492054969,-9.));
#8103=CARTESIAN_POINT('',(29.395819422091,3.57250144190397,-9.));
#8104=CARTESIAN_POINT('Origin',(27.384175058009,6.34246368834067,-9.));
#8105=CARTESIAN_POINT('',(38.2622599996666,3.57250144190397,-9.));
#8106=CARTESIAN_POINT('',(19.0314544104995,3.57250144190397,-9.));
#8107=CARTESIAN_POINT('',(38.2622599996666,4.72250144190397,-9.));
#8108=CARTESIAN_POINT('',(38.2622599996666,8.7070492054969,-9.));
#8109=CARTESIAN_POINT('',(28.979134238156,4.72250144190397,-9.));
#8110=CARTESIAN_POINT('',(23.5061300650259,4.72250144190397,-9.));
#8111=CARTESIAN_POINT('',(29.1228992250785,7.8070492054969,-9.));
#8112=CARTESIAN_POINT('Origin',(27.384175058009,6.34246368834067,-9.));
#8113=CARTESIAN_POINT('',(19.045854382359,7.8070492054969,-9.));
#8114=CARTESIAN_POINT('Origin',(19.045854382359,7.8070492054969,-8.5));
#8115=CARTESIAN_POINT('',(29.3417086343329,8.3070492054969,-8.5));
#8116=CARTESIAN_POINT('',(38.2622599996666,8.3070492054969,-8.5));
#8117=CARTESIAN_POINT('',(19.045854382359,8.3070492054969,-8.5));
#8118=CARTESIAN_POINT('Origin',(38.2622599996666,7.8070492054969,-8.5));
#8119=CARTESIAN_POINT('Ctrl Pts',(29.1228992250785,7.8070492054969,-9.));
#8120=CARTESIAN_POINT('Ctrl Pts',(29.1233946519884,7.80811428503649,-9.));
#8121=CARTESIAN_POINT('Ctrl Pts',(29.1238899043881,7.80917944463571,-8.99999659681681));
#8122=CARTESIAN_POINT('Ctrl Pts',(29.1418822832932,7.84789290452492,-8.99974917694453));
#8123=CARTESIAN_POINT('Ctrl Pts',(29.1591276963214,7.88557309840804,-8.99525608356203));
#8124=CARTESIAN_POINT('Ctrl Pts',(29.1923211167699,7.95910502302356,-8.97779745567215));
#8125=CARTESIAN_POINT('Ctrl Pts',(29.2082291539748,7.99485487548184,-8.96495782138094));
#8126=CARTESIAN_POINT('Ctrl Pts',(29.2481851864469,8.08571178550835,-8.91993519813474));
#8127=CARTESIAN_POINT('Ctrl Pts',(29.2704396492136,8.13748250293731,-8.88089529881588));
#8128=CARTESIAN_POINT('Ctrl Pts',(29.3059031144873,8.22099978691904,-8.78687455643173));
#8129=CARTESIAN_POINT('Ctrl Pts',(29.3193386568434,8.25316394878621,-8.73416483220036));
#8130=CARTESIAN_POINT('Ctrl Pts',(29.3371947844434,8.29608914270676,-8.62008182873101));
#8131=CARTESIAN_POINT('Ctrl Pts',(29.3417086343329,8.3070492054969,-8.56044476026867));
#8132=CARTESIAN_POINT('Ctrl Pts',(29.3417086343329,8.3070492054969,-8.5));
#8133=CARTESIAN_POINT('Origin',(27.384175058009,6.34246368834067,-8.5));
#8134=CARTESIAN_POINT('',(29.1722729385341,4.22250144190397,-8.5));
#8135=CARTESIAN_POINT('Ctrl Pts',(28.979134238156,4.72250144190397,-9.));
#8136=CARTESIAN_POINT('Ctrl Pts',(28.9795739981488,4.72142797993713,-9.));
#8137=CARTESIAN_POINT('Ctrl Pts',(28.9800136018756,4.72035445545272,-8.99999654303826));
#8138=CARTESIAN_POINT('Ctrl Pts',(28.9954759860008,4.6825792918101,-8.99975322387333));
#8139=CARTESIAN_POINT('Ctrl Pts',(29.0102829622741,4.64588189213832,-8.99547567709205));
#8140=CARTESIAN_POINT('Ctrl Pts',(29.0388483657295,4.57416427314968,-8.97889313523596));
#8141=CARTESIAN_POINT('Ctrl Pts',(29.0525634985052,4.53926241901021,-8.96668940122353));
#8142=CARTESIAN_POINT('Ctrl Pts',(29.0878511016997,4.44845761097729,-8.92302901260653));
#8143=CARTESIAN_POINT('Ctrl Pts',(29.1077448361144,4.39611126104478,-8.88436767847787));
#8144=CARTESIAN_POINT('Ctrl Pts',(29.1397161972884,4.31096888821934,-8.79052919131597));
#8145=CARTESIAN_POINT('Ctrl Pts',(29.1518979617966,4.27799417708147,-8.73736945803312));
#8146=CARTESIAN_POINT('Ctrl Pts',(29.168156938207,4.23380144796451,-8.62197375944576));
#8147=CARTESIAN_POINT('Ctrl Pts',(29.1722729385341,4.22250144190397,-8.56137500394099));
#8148=CARTESIAN_POINT('Ctrl Pts',(29.1722729385341,4.22250144190397,-8.5));
#8149=CARTESIAN_POINT('Origin',(27.384175058009,6.34246368834067,-8.5));
#8150=CARTESIAN_POINT('Origin',(23.5061300650259,4.72250144190397,-8.5));
#8151=CARTESIAN_POINT('',(38.2622599996666,4.22250144190397,-8.5));
#8152=CARTESIAN_POINT('Origin',(38.2622599996666,4.72250144190397,-8.5));
#8153=CARTESIAN_POINT('',(23.5061300650259,4.22250144190397,-8.5));
#8154=CARTESIAN_POINT('Origin',(29.3417086343329,8.3070492054969,-7.5));
#8155=CARTESIAN_POINT('',(29.3417086343329,8.3070492054969,-7.5));
#8156=CARTESIAN_POINT('',(29.3417086343329,8.3070492054969,-7.5));
#8157=CARTESIAN_POINT('',(38.2622599996666,8.3070492054969,-7.5));
#8158=CARTESIAN_POINT('',(29.3417086343329,8.3070492054969,-7.5));
#8159=CARTESIAN_POINT('',(38.2622599996666,8.3070492054969,-7.5));
#8160=CARTESIAN_POINT('Origin',(27.384175058009,6.34246368834067,-7.5));
#8161=CARTESIAN_POINT('',(29.1722729385341,4.22250144190397,-7.5));
#8162=CARTESIAN_POINT('',(29.1722729385341,4.22250144190397,-7.5));
#8163=CARTESIAN_POINT('Origin',(27.384175058009,6.34246368834067,-7.5));
#8164=CARTESIAN_POINT('Origin',(38.2622599996666,4.22250144190397,-7.5));
#8165=CARTESIAN_POINT('',(38.2622599996666,4.22250144190397,-7.5));
#8166=CARTESIAN_POINT('',(38.2622599996666,4.22250144190397,-7.5));
#8167=CARTESIAN_POINT('',(29.3417086343329,4.22250144190397,-7.5));
#8168=CARTESIAN_POINT('Origin',(19.045854382359,-1.31795525972753,-8.5));
#8169=CARTESIAN_POINT('',(29.3417086343329,-0.817955259727532,-8.5));
#8170=CARTESIAN_POINT('',(38.2622599996666,-0.817955259727532,-8.5));
#8171=CARTESIAN_POINT('',(19.045854382359,-0.817955259727532,-8.5));
#8172=CARTESIAN_POINT('Origin',(38.2622599996666,-1.31795525972753,-8.5));
#8173=CARTESIAN_POINT('Ctrl Pts',(29.1171540643746,-1.31795525972753,-9.));
#8174=CARTESIAN_POINT('Ctrl Pts',(29.1176627698946,-1.31689148133776,-9.));
#8175=CARTESIAN_POINT('Ctrl Pts',(29.1181712927111,-1.3158276166046,-8.9999966051267));
#8176=CARTESIAN_POINT('Ctrl Pts',(29.1367703449968,-1.27690001250131,-8.99974811909697));
#8177=CARTESIAN_POINT('Ctrl Pts',(29.1545957490532,-1.23899282740944,-8.9952050840853));
#8178=CARTESIAN_POINT('Ctrl Pts',(29.1888783838985,-1.16504040362613,-8.97754007428736));
#8179=CARTESIAN_POINT('Ctrl Pts',(29.2052968843931,-1.12909335904359,-8.96455080480927));
#8180=CARTESIAN_POINT('Ctrl Pts',(29.2462933922862,-1.03823580385045,-8.91921466380186));
#8181=CARTESIAN_POINT('Ctrl Pts',(29.2690519986824,-0.986607358203931,-8.88009759915399));
#8182=CARTESIAN_POINT('Ctrl Pts',(29.3052455311256,-0.903464928632255,-8.78604898551791));
#8183=CARTESIAN_POINT('Ctrl Pts',(29.3189368851692,-0.871483598323353,-8.73344455221118));
#8184=CARTESIAN_POINT('Ctrl Pts',(29.3371153984548,-0.82884023562025,-8.61966012235461));
#8185=CARTESIAN_POINT('Ctrl Pts',(29.3417086343329,-0.817955259727532,-8.56023708546241));
#8186=CARTESIAN_POINT('Ctrl Pts',(29.3417086343329,-0.817955259727532,-8.5));
#8187=CARTESIAN_POINT('Origin',(27.384175058009,-2.7155520782225,-8.5));
#8188=CARTESIAN_POINT('',(29.2008730784317,-4.74838746029111,-8.5));
#8189=CARTESIAN_POINT('Ctrl Pts',(28.9987635788714,-4.24839160402767,-9.));
#8190=CARTESIAN_POINT('Ctrl Pts',(28.9992234963178,-4.24946237429609,-9.));
#8191=CARTESIAN_POINT('Ctrl Pts',(28.9996832473706,-4.25053321465998,-8.99999656029259));
#8192=CARTESIAN_POINT('Ctrl Pts',(29.0160291876145,-4.28862200103583,-8.99975183013568));
#8193=CARTESIAN_POINT('Ctrl Pts',(29.0316828769187,-4.3256492333149,-8.99540274341367));
#8194=CARTESIAN_POINT('Ctrl Pts',(29.0618515635826,-4.39797869525401,-8.97852780525717));
#8195=CARTESIAN_POINT('Ctrl Pts',(29.0763238371467,-4.43316739615778,-8.96611161746844));
#8196=CARTESIAN_POINT('Ctrl Pts',(29.1132458660877,-4.52398664975855,-8.92199552373295));
#8197=CARTESIAN_POINT('Ctrl Pts',(29.1339672575854,-4.57613628985266,-8.88320987712654));
#8198=CARTESIAN_POINT('Ctrl Pts',(29.1671693628777,-4.66073094543856,-8.78931128637565));
#8199=CARTESIAN_POINT('Ctrl Pts',(29.1797927856836,-4.69343340792239,-8.73630236656884));
#8200=CARTESIAN_POINT('Ctrl Pts',(29.1966167247737,-4.73720121167281,-8.62134393457819));
#8201=CARTESIAN_POINT('Ctrl Pts',(29.2008730784317,-4.74838746029111,-8.56106533779005));
#8202=CARTESIAN_POINT('Ctrl Pts',(29.2008730784317,-4.74838746029111,-8.5));
#8203=CARTESIAN_POINT('Origin',(27.384175058009,-2.7155520782225,-8.5));
#8204=CARTESIAN_POINT('Origin',(23.5061300650259,-4.24838457274627,-8.5));
#8205=CARTESIAN_POINT('',(29.3417086343329,-4.74838457274627,-8.5));
#8206=CARTESIAN_POINT('Origin',(29.3417086343329,-4.24838457274627,-8.5));
#8207=CARTESIAN_POINT('',(38.2622599996666,-4.74838457274627,-8.5));
#8208=CARTESIAN_POINT('Origin',(38.2622599996666,-4.24838457274627,-8.5));
#8209=CARTESIAN_POINT('',(23.5061300650259,-4.74838457274627,-8.5));
#8210=CARTESIAN_POINT('Origin',(19.0458825616873,-4.24859566748338,-8.5));
#8211=CARTESIAN_POINT('',(19.045892813164,-4.74859566737828,-8.5));
#8212=CARTESIAN_POINT('Origin',(29.3417086343329,-0.817955259727532,-7.5));
#8213=CARTESIAN_POINT('',(29.3417086343329,-0.817955259727532,-7.5));
#8214=CARTESIAN_POINT('',(29.3417086343329,-0.817955259727532,-7.5));
#8215=CARTESIAN_POINT('',(38.2622599996666,-0.817955259727532,-7.5));
#8216=CARTESIAN_POINT('',(29.3417086343329,-0.817955259727532,-7.5));
#8217=CARTESIAN_POINT('',(38.2622599996666,-0.817955259727532,-7.5));
#8218=CARTESIAN_POINT('Origin',(27.384175058009,-2.7155520782225,-7.5));
#8219=CARTESIAN_POINT('',(29.2008730784317,-4.74838746029111,-7.5));
#8220=CARTESIAN_POINT('',(29.2008730784317,-4.74838746029111,-7.5));
#8221=CARTESIAN_POINT('Origin',(27.384175058009,-2.7155520782225,-7.5));
#8222=CARTESIAN_POINT('Origin',(29.3417086343329,-4.74838457274627,-7.5));
#8223=CARTESIAN_POINT('',(29.3417086343329,-4.74838457274627,-7.5));
#8224=CARTESIAN_POINT('',(29.3417086343329,-4.74838457274627,-7.5));
#8225=CARTESIAN_POINT('',(29.3417086343329,-4.74838457274627,-7.5));
#8226=CARTESIAN_POINT('Origin',(38.2622599996666,-4.74838457274627,-7.5));
#8227=CARTESIAN_POINT('',(38.2622599996666,-4.74838457274627,-7.5));
#8228=CARTESIAN_POINT('',(38.2622599996666,-4.74838457274627,-7.5));
#8229=CARTESIAN_POINT('',(38.2622599996666,-4.74838457274627,-7.5));
#8230=CARTESIAN_POINT('Origin',(19.0314544104995,3.57250144190397,-8.75));
#8231=CARTESIAN_POINT('',(29.3129086906138,3.82250144190397,-8.75));
#8232=CARTESIAN_POINT('',(38.2622599996666,3.82250144190397,-8.75));
#8233=CARTESIAN_POINT('',(19.0314544104995,3.82250144190397,-8.75));
#8234=CARTESIAN_POINT('Origin',(38.2622599996666,3.57250144190397,-8.75));
#8235=CARTESIAN_POINT('Ctrl Pts',(29.395819422091,3.57250144190397,-9.));
#8236=CARTESIAN_POINT('Ctrl Pts',(29.3955761858634,3.57325030225363,-9.));
#8237=CARTESIAN_POINT('Ctrl Pts',(29.395332910491,3.57399914729547,-8.99999663524907));
#8238=CARTESIAN_POINT('Ctrl Pts',(29.3892722965068,3.5926514137715,-8.99982901828578));
#8239=CARTESIAN_POINT('Ctrl Pts',(29.3834474133587,3.61049960114141,-8.99774519368786));
#8240=CARTESIAN_POINT('Ctrl Pts',(29.3720065961282,3.6454058953906,-8.98980030634242));
#8241=CARTESIAN_POINT('Ctrl Pts',(29.3664110646902,3.66240235209789,-8.98396732670299));
#8242=CARTESIAN_POINT('Ctrl Pts',(29.3513911357989,3.70784513757411,-8.96265118998307));
#8243=CARTESIAN_POINT('Ctrl Pts',(29.342556544865,3.73435517109482,-8.94333363467483));
#8244=CARTESIAN_POINT('Ctrl Pts',(29.3280894517445,3.77755172002014,-8.89634925179065));
#8245=CARTESIAN_POINT('Ctrl Pts',(29.3224410142703,3.79430527709739,-8.86958330578549));
#8246=CARTESIAN_POINT('Ctrl Pts',(29.3148554308026,3.81676277102503,-8.81148023432463));
#8247=CARTESIAN_POINT('Ctrl Pts',(29.3129086906138,3.82250144190397,-8.78093385855409));
#8248=CARTESIAN_POINT('Ctrl Pts',(29.3129086906138,3.82250144190397,-8.75));
#8249=CARTESIAN_POINT('Origin',(27.384175058009,6.34246368834067,-8.75));
#8250=CARTESIAN_POINT('',(29.5005300568366,8.7070492054969,-8.75));
#8251=CARTESIAN_POINT('Ctrl Pts',(29.594004569013,8.9570492054969,-9.));
#8252=CARTESIAN_POINT('Ctrl Pts',(29.5937308643796,8.95630135863172,-9.));
#8253=CARTESIAN_POINT('Ctrl Pts',(29.593457115632,8.95555353017598,-8.99999664435041));
#8254=CARTESIAN_POINT('Ctrl Pts',(29.5864875225592,8.93651749390925,-8.99982581091569));
#8255=CARTESIAN_POINT('Ctrl Pts',(29.5797810795014,8.91828435745105,-8.99765518404356));
#8256=CARTESIAN_POINT('Ctrl Pts',(29.5666221747274,8.88266881842211,-8.98937475640973));
#8257=CARTESIAN_POINT('Ctrl Pts',(29.5601905087402,8.86534189787096,-8.98329677627268));
#8258=CARTESIAN_POINT('Ctrl Pts',(29.5432270479345,8.81983110671751,-8.96143013015878));
#8259=CARTESIAN_POINT('Ctrl Pts',(29.5333347109669,8.79351300988783,-8.94191835839203));
#8260=CARTESIAN_POINT('Ctrl Pts',(29.5172609696882,8.75096540492301,-8.89480953769351));
#8261=CARTESIAN_POINT('Ctrl Pts',(29.5110182519256,8.7345509261064,-8.86821804264909));
#8262=CARTESIAN_POINT('Ctrl Pts',(29.5026692724046,8.71263939452544,-8.81066166270052));
#8263=CARTESIAN_POINT('Ctrl Pts',(29.5005300568366,8.7070492054969,-8.78053259135583));
#8264=CARTESIAN_POINT('Ctrl Pts',(29.5005300568366,8.7070492054969,-8.75));
#8265=CARTESIAN_POINT('Origin',(27.384175058009,6.34246368834067,-8.75));
#8266=CARTESIAN_POINT('Origin',(23.5061300650259,8.9570492054969,-8.75));
#8267=CARTESIAN_POINT('',(38.2622599996666,8.7070492054969,-8.75));
#8268=CARTESIAN_POINT('Origin',(38.2622599996666,8.9570492054969,-8.75));
#8269=CARTESIAN_POINT('',(23.5061300650259,8.7070492054969,-8.75));
#8270=CARTESIAN_POINT('Origin',(29.3129086906138,3.82250144190397,-7.5));
#8271=CARTESIAN_POINT('',(29.3129086906138,3.82250144190397,-7.5));
#8272=CARTESIAN_POINT('',(29.3129086906138,3.82250144190397,-7.5));
#8273=CARTESIAN_POINT('',(38.2622599996666,3.82250144190397,-7.5));
#8274=CARTESIAN_POINT('',(38.6622599996666,3.82250144190397,-7.5));
#8275=CARTESIAN_POINT('',(38.2622599996666,3.82250144190397,-7.5));
#8276=CARTESIAN_POINT('Origin',(27.384175058009,6.34246368834067,-7.5));
#8277=CARTESIAN_POINT('',(29.5005300568366,8.7070492054969,-7.5));
#8278=CARTESIAN_POINT('',(29.5005300568366,8.7070492054969,-7.5));
#8279=CARTESIAN_POINT('Origin',(27.384175058009,6.34246368834067,-7.5));
#8280=CARTESIAN_POINT('Origin',(38.2622599996666,8.7070492054969,-7.5));
#8281=CARTESIAN_POINT('',(38.2622599996666,8.7070492054969,-7.5));
#8282=CARTESIAN_POINT('',(38.2622599996666,8.7070492054969,-7.5));
#8283=CARTESIAN_POINT('',(29.5005300568366,8.7070492054969,-7.5));
#8284=CARTESIAN_POINT('Origin',(19.0488197456936,-5.39838457274627,-8.75));
#8285=CARTESIAN_POINT('',(29.3476393610021,-5.14838457274627,-8.75));
#8286=CARTESIAN_POINT('',(38.2622599996666,-5.14838457274627,-8.75));
#8287=CARTESIAN_POINT('',(19.0488197456936,-5.14838457274627,-8.75));
#8288=CARTESIAN_POINT('Origin',(38.2622599996666,-5.39838457274627,-8.75));
#8289=CARTESIAN_POINT('Ctrl Pts',(29.4340372397372,-5.39838457274627,-9.));
#8290=CARTESIAN_POINT('Ctrl Pts',(29.4337839900871,-5.39763599665757,-9.));
#8291=CARTESIAN_POINT('Ctrl Pts',(29.4335306990807,-5.39688743705073,-8.99999663780305));
#8292=CARTESIAN_POINT('Ctrl Pts',(29.42717647811,-5.37811207193444,-8.99982797894008));
#8293=CARTESIAN_POINT('Ctrl Pts',(29.4210667517864,-5.36014059152699,-8.99771650573083));
#8294=CARTESIAN_POINT('Ctrl Pts',(29.4090696024085,-5.32500679592745,-8.98966485219917));
#8295=CARTESIAN_POINT('Ctrl Pts',(29.4032028222653,-5.30790426619146,-8.98375386682678));
#8296=CARTESIAN_POINT('Ctrl Pts',(29.3875424328143,-5.26243757833293,-8.96226105535659));
#8297=CARTESIAN_POINT('Ctrl Pts',(29.3783552992462,-5.23598774154191,-8.94287975319507));
#8298=CARTESIAN_POINT('Ctrl Pts',(29.3633477954741,-5.19299947884978,-8.89585311118165));
#8299=CARTESIAN_POINT('Ctrl Pts',(29.3574978064585,-5.17635540448225,-8.86914269948223));
#8300=CARTESIAN_POINT('Ctrl Pts',(29.3496519623728,-5.15407499844482,-8.81121537172677));
#8301=CARTESIAN_POINT('Ctrl Pts',(29.347639361002,-5.14838457274627,-8.78080409777542));
#8302=CARTESIAN_POINT('Ctrl Pts',(29.347639361002,-5.14838457274627,-8.75));
#8303=CARTESIAN_POINT('Origin',(27.384175058009,-2.7155520782225,-8.75));
#8304=CARTESIAN_POINT('',(29.504296487357,-0.41795525972753,-8.75));
#8305=CARTESIAN_POINT('Ctrl Pts',(29.5998635758621,-0.167955259727529,-9.));
#8306=CARTESIAN_POINT('Ctrl Pts',(29.5995838996724,-0.168703008335262,-9.));
#8307=CARTESIAN_POINT('Ctrl Pts',(29.5993041777481,-0.16945073763959,-8.99999664523213));
#8308=CARTESIAN_POINT('Ctrl Pts',(29.5921511568949,-0.188567973422323,-8.99982510584369));
#8309=CARTESIAN_POINT('Ctrl Pts',(29.5852661702027,-0.206882304409065,-8.99763588884312));
#8310=CARTESIAN_POINT('Ctrl Pts',(29.5717590229237,-0.242647059422598,-8.98928378220571));
#8311=CARTESIAN_POINT('Ctrl Pts',(29.5651576127034,-0.260043398238691,-8.98315347271129));
#8312=CARTESIAN_POINT('Ctrl Pts',(29.5478090767189,-0.305567685864771,-8.96117022440042));
#8313=CARTESIAN_POINT('Ctrl Pts',(29.5377093703942,-0.331844766439906,-8.94161782779629));
#8314=CARTESIAN_POINT('Ctrl Pts',(29.521324369165,-0.374255514167059,-8.8944841433283));
#8315=CARTESIAN_POINT('Ctrl Pts',(29.5149672378282,-0.390598813143092,-8.86792976852469));
#8316=CARTESIAN_POINT('Ctrl Pts',(29.5064724551827,-0.412396115623144,-8.81048927324518));
#8317=CARTESIAN_POINT('Ctrl Pts',(29.504296487357,-0.41795525972753,-8.78044803922236));
#8318=CARTESIAN_POINT('Ctrl Pts',(29.504296487357,-0.41795525972753,-8.75));
#8319=CARTESIAN_POINT('Origin',(27.384175058009,-2.7155520782225,-8.75));
#8320=CARTESIAN_POINT('Origin',(23.5061300650259,-0.167955259727529,-8.75));
#8321=CARTESIAN_POINT('',(38.2622599996666,-0.417955259727532,-8.75));
#8322=CARTESIAN_POINT('Origin',(38.2622599996666,-0.167955259727532,-8.75));
#8323=CARTESIAN_POINT('',(23.5061300650259,-0.417955259727529,-8.75));
#8324=CARTESIAN_POINT('Origin',(29.3476393610021,-5.14838457274627,-7.5));
#8325=CARTESIAN_POINT('',(29.3476393610021,-5.14838457274627,-7.5));
#8326=CARTESIAN_POINT('',(29.3476393610021,-5.14838457274627,-7.5));
#8327=CARTESIAN_POINT('',(38.2622599996666,-5.14838457274627,-7.5));
#8328=CARTESIAN_POINT('',(38.6622599996666,-5.14838457274627,-7.5));
#8329=CARTESIAN_POINT('',(38.2622599996666,-5.14838457274627,-7.5));
#8330=CARTESIAN_POINT('Origin',(27.384175058009,-2.7155520782225,-7.5));
#8331=CARTESIAN_POINT('',(29.504296487357,-0.41795525972753,-7.5));
#8332=CARTESIAN_POINT('',(29.504296487357,-0.41795525972753,-7.5));
#8333=CARTESIAN_POINT('Origin',(27.384175058009,-2.7155520782225,-7.5));
#8334=CARTESIAN_POINT('Origin',(38.2622599996666,-0.417955259727532,-7.5));
#8335=CARTESIAN_POINT('',(38.2622599996666,-0.417955259727532,-7.5));
#8336=CARTESIAN_POINT('',(38.2622599996666,-0.417955259727532,-7.5));
#8337=CARTESIAN_POINT('',(29.504296487357,-0.41795525972753,-7.5));
#8338=CARTESIAN_POINT('Origin',(-38.0000006780028,-20.5000004172325,-7.5));
#8339=CARTESIAN_POINT('',(-38.0000006780028,-28.0000004172325,-7.5));
#8340=CARTESIAN_POINT('Origin',(-38.0000006780028,-26.5000004172325,-7.5));
#8341=CARTESIAN_POINT('',(-45.5000006780028,-20.5000004172325,-7.5));
#8342=CARTESIAN_POINT('Origin',(-38.0000006780028,-20.5000004172325,-7.5));
#8343=CARTESIAN_POINT('Origin',(-44.0000006780028,-20.5000004172325,-7.5));
#8344=CARTESIAN_POINT('Origin',(-44.0000006780028,-10.7500002160668,-7.5));
#8345=CARTESIAN_POINT('',(-45.5000006780028,18.5000003874302,-7.5));
#8346=CARTESIAN_POINT('',(-45.5000006780028,-20.5931516112352,-7.5));
#8347=CARTESIAN_POINT('Origin',(-44.0000006780028,18.5000003874302,-7.5));
#8348=CARTESIAN_POINT('Origin',(-38.0000006780028,18.5000003874302,-7.5));
#8349=CARTESIAN_POINT('',(-38.0000006780028,26.0000003874302,-7.5));
#8350=CARTESIAN_POINT('Origin',(-38.0000006780028,18.5000003874302,-7.5));
#8351=CARTESIAN_POINT('Origin',(-38.0000006780028,24.5000003874302,-7.5));
#8352=CARTESIAN_POINT('Origin',(-14.6250002738088,24.5000003874302,-7.5));
#8353=CARTESIAN_POINT('',(55.5000009387732,26.0000003874302,-7.5));
#8354=CARTESIAN_POINT('',(-38.0000006780028,26.0000003874302,-7.5));
#8355=CARTESIAN_POINT('Origin',(55.5000009387732,24.5000003874302,-7.5));
#8356=CARTESIAN_POINT('Origin',(55.5000009387732,18.5000003874302,-7.5));
#8357=CARTESIAN_POINT('',(63.0000009387732,18.5000003874302,-7.5));
#8358=CARTESIAN_POINT('Origin',(55.5000009387732,18.5000003874302,-7.5));
#8359=CARTESIAN_POINT('Origin',(61.5000009387732,18.5000003874302,-7.5));
#8360=CARTESIAN_POINT('Origin',(61.5000009387732,8.75000018626451,-7.5));
#8361=CARTESIAN_POINT('',(63.0000009387732,-20.5000004172325,-7.5));
#8362=CARTESIAN_POINT('',(63.0000009387732,18.5000003874302,-7.5));
#8363=CARTESIAN_POINT('Origin',(61.5000009387732,-20.5000004172325,-7.5));
#8364=CARTESIAN_POINT('Origin',(55.5000009387731,-20.5000004172325,-7.5));
#8365=CARTESIAN_POINT('',(55.5000009387731,-28.0000004172325,-7.5));
#8366=CARTESIAN_POINT('Origin',(55.5000009387731,-20.5000004172325,-7.5));
#8367=CARTESIAN_POINT('Origin',(55.5000009387731,-26.5000004172325,-7.5));
#8368=CARTESIAN_POINT('Origin',(32.1250005345791,-26.5000004172325,-7.5));
#8369=CARTESIAN_POINT('',(55.5000009387731,-28.0000004172325,-7.5));
#8370=CARTESIAN_POINT('Origin',(38.2622599996666,-0.817955259727532,-7.5));
#8371=CARTESIAN_POINT('',(38.2622599996666,8.7070492054969,-7.5));
#8372=CARTESIAN_POINT('Origin',(38.2622599996666,-5.14838457274627,-7.5));
#8373=CARTESIAN_POINT('',(38.2622599996666,8.7070492054969,-7.5));
#8374=CARTESIAN_POINT('Origin',(38.2622599996666,8.3070492054969,-7.5));
#8375=CARTESIAN_POINT('',(38.2622599996666,8.7070492054969,-7.5));
#8376=CARTESIAN_POINT('Origin',(38.2622599996666,3.82250144190397,-7.5));
#8377=CARTESIAN_POINT('',(38.2622599996666,8.7070492054969,-7.5));
#8378=CARTESIAN_POINT('Origin',(-32.2529404286277,-14.8521327987561,-7.5));
#8379=CARTESIAN_POINT('',(-32.2529404286277,-14.8521327987561,-7.5));
#8380=CARTESIAN_POINT('',(12.8576671565737,-14.8521327987561,-7.5));
#8381=CARTESIAN_POINT('',(-32.2529404286277,-14.8521327987561,-7.5));
#8382=CARTESIAN_POINT('',(12.8576671565737,-14.8521327987561,-7.5));
#8383=CARTESIAN_POINT('',(-32.2529404286277,-14.8521327987561,-7.5));
#8384=CARTESIAN_POINT('Origin',(-32.2529404286277,19.3999995663762,-7.5));
#8385=CARTESIAN_POINT('',(-32.2529404286277,19.3999995663762,-7.5));
#8386=CARTESIAN_POINT('',(-32.2529404286277,19.3999995663762,-7.5));
#8387=CARTESIAN_POINT('',(-32.2529404286277,19.3999995663762,-7.5));
#8388=CARTESIAN_POINT('Origin',(12.8576671565737,19.3999995663762,-7.5));
#8389=CARTESIAN_POINT('',(12.8576671565737,19.3999995663762,-7.5));
#8390=CARTESIAN_POINT('',(12.8576671565737,19.3999995663762,-7.5));
#8391=CARTESIAN_POINT('',(12.8576671565737,19.3999995663762,-7.5));
#8392=CARTESIAN_POINT('Origin',(12.8576671565737,-14.8521327987561,-7.5));
#8393=CARTESIAN_POINT('',(12.8576671565737,-14.8521327987561,-7.5));
#8394=CARTESIAN_POINT('Origin',(8.75000013038516,-1.00000001490116,-7.5));
#8395=UNCERTAINTY_MEASURE_WITH_UNIT(LENGTH_MEASURE(0.01),#8399,
'DISTANCE_ACCURACY_VALUE',
'Maximum model space distance between geometric entities at asserted c
onnectivities');
#8396=UNCERTAINTY_MEASURE_WITH_UNIT(LENGTH_MEASURE(0.01),#8399,
'DISTANCE_ACCURACY_VALUE',
'Maximum model space distance between geometric entities at asserted c
onnectivities');
#8397=(
GEOMETRIC_REPRESENTATION_CONTEXT(3)
GLOBAL_UNCERTAINTY_ASSIGNED_CONTEXT((#8395))
GLOBAL_UNIT_ASSIGNED_CONTEXT((#8399,#8401,#8402))
REPRESENTATION_CONTEXT('','3D')
);
#8398=(
GEOMETRIC_REPRESENTATION_CONTEXT(3)
GLOBAL_UNCERTAINTY_ASSIGNED_CONTEXT((#8396))
GLOBAL_UNIT_ASSIGNED_CONTEXT((#8399,#8401,#8402))
REPRESENTATION_CONTEXT('','3D')
);
#8399=(
LENGTH_UNIT()
NAMED_UNIT(*)
SI_UNIT(.MILLI.,.METRE.)
);
#8400=(
LENGTH_UNIT()
NAMED_UNIT(*)
SI_UNIT($,.METRE.)
);
#8401=(
NAMED_UNIT(*)
PLANE_ANGLE_UNIT()
SI_UNIT($,.RADIAN.)
);
#8402=(
NAMED_UNIT(*)
SI_UNIT($,.STERADIAN.)
SOLID_ANGLE_UNIT()
);
#8403=SHAPE_DEFINITION_REPRESENTATION(#8404,#8405);
#8404=PRODUCT_DEFINITION_SHAPE('',$,#8407);
#8405=SHAPE_REPRESENTATION('',(#4507),#8397);
#8406=PRODUCT_DEFINITION_CONTEXT('part definition',#8411,'design');
#8407=PRODUCT_DEFINITION('edutech','edutech v6',#8408,#8406);
#8408=PRODUCT_DEFINITION_FORMATION('',$,#8413);
#8409=PRODUCT_RELATED_PRODUCT_CATEGORY('edutech v6','edutech v6',(#8413));
#8410=APPLICATION_PROTOCOL_DEFINITION('international standard',
'automotive_design',2009,#8411);
#8411=APPLICATION_CONTEXT(
'Core Data for Automotive Mechanical Design Process');
#8412=PRODUCT_CONTEXT('part definition',#8411,'mechanical');
#8413=PRODUCT('edutech','edutech v6',$,(#8412));
#8414=PRESENTATION_STYLE_ASSIGNMENT((#8415));
#8415=SURFACE_STYLE_USAGE(.BOTH.,#8416);
#8416=SURFACE_SIDE_STYLE('',(#8417));
#8417=SURFACE_STYLE_FILL_AREA(#8418);
#8418=FILL_AREA_STYLE('Plastic - Matte (Green)',(#8419));
#8419=FILL_AREA_STYLE_COLOUR('Plastic - Matte (Green)',#8420);
#8420=COLOUR_RGB('Plastic - Matte (Green)',0.266666666666667,0.588235294117647,
0.282352941176471);
ENDSEC;
END-ISO-10303-21;
